# PRISM-R: sub-national context indicators, the road to remand
# Exclusions, children looked after, stop and search, arrests and child income deprivation. Each indicator is published at the geography its publisher releases it for; English IDACI and Welsh WIMD are parallel scales and are not comparable across the border.
# PRISM-R, an open tool for analysis of remand disproportionality in
# the youth justice system of England and Wales. Oxon Advisory.
# https://prism-r.howpreventionworks.com
# Contains public sector information licensed under the Open Government
# Licence v3.0. Source and reference period are given per row.
# A blank value with a disclosure_status of suppressed or
# source_suppressed is a cell withheld under disclosure control; it is
# not a zero and must not be treated as one.
geo_id,indicator,year,breakdown,ethnicity,value,numerator,denominator,rate_per_100,rate_per_1000,source_rate,source_rate_base,jurisdiction,source,reference_period,disclosure_status
pf-avon-and-somerset,arrest_count,2025,by_ethnicity,Asian,22,,,,,,,,"Home Office, Police powers and procedures: arrests open data tables",year ending 31 March 2025,released
pf-avon-and-somerset,arrest_count,2025,by_ethnicity,Black,90,,,,,,,,"Home Office, Police powers and procedures: arrests open data tables",year ending 31 March 2025,released
pf-avon-and-somerset,arrest_count,2025,by_ethnicity,Mixed,76,,,,,,,,"Home Office, Police powers and procedures: arrests open data tables",year ending 31 March 2025,released
pf-avon-and-somerset,arrest_count,2025,overall,,911,,,,,,,,"Home Office, Police powers and procedures: arrests open data tables",year ending 31 March 2025,released
pf-avon-and-somerset,arrest_count,2025,by_ethnicity,Other,23,,,,,,,,"Home Office, Police powers and procedures: arrests open data tables",year ending 31 March 2025,released
pf-avon-and-somerset,arrest_count,2025,by_ethnicity,White,622,,,,,,,,"Home Office, Police powers and procedures: arrests open data tables",year ending 31 March 2025,released
pf-bedfordshire,arrest_count,2025,by_ethnicity,Asian,104,,,,,,,,"Home Office, Police powers and procedures: arrests open data tables",year ending 31 March 2025,released
pf-bedfordshire,arrest_count,2025,by_ethnicity,Black,136,,,,,,,,"Home Office, Police powers and procedures: arrests open data tables",year ending 31 March 2025,released
pf-bedfordshire,arrest_count,2025,by_ethnicity,Mixed,78,,,,,,,,"Home Office, Police powers and procedures: arrests open data tables",year ending 31 March 2025,released
pf-bedfordshire,arrest_count,2025,overall,,741,,,,,,,,"Home Office, Police powers and procedures: arrests open data tables",year ending 31 March 2025,released
pf-bedfordshire,arrest_count,2025,by_ethnicity,Other,17,,,,,,,,"Home Office, Police powers and procedures: arrests open data tables",year ending 31 March 2025,released
pf-bedfordshire,arrest_count,2025,by_ethnicity,White,380,,,,,,,,"Home Office, Police powers and procedures: arrests open data tables",year ending 31 March 2025,released
pf-cambridgeshire,arrest_count,2025,by_ethnicity,Asian,29,,,,,,,,"Home Office, Police powers and procedures: arrests open data tables",year ending 31 March 2025,released
pf-cambridgeshire,arrest_count,2025,by_ethnicity,Black,71,,,,,,,,"Home Office, Police powers and procedures: arrests open data tables",year ending 31 March 2025,released
pf-cambridgeshire,arrest_count,2025,by_ethnicity,Mixed,41,,,,,,,,"Home Office, Police powers and procedures: arrests open data tables",year ending 31 March 2025,released
pf-cambridgeshire,arrest_count,2025,overall,,640,,,,,,,,"Home Office, Police powers and procedures: arrests open data tables",year ending 31 March 2025,released
pf-cambridgeshire,arrest_count,2025,by_ethnicity,Other,13,,,,,,,,"Home Office, Police powers and procedures: arrests open data tables",year ending 31 March 2025,released
pf-cambridgeshire,arrest_count,2025,by_ethnicity,White,447,,,,,,,,"Home Office, Police powers and procedures: arrests open data tables",year ending 31 March 2025,released
pf-cheshire,arrest_count,2025,by_ethnicity,Asian,,,,,,,,,"Home Office, Police powers and procedures: arrests open data tables",year ending 31 March 2025,suppressed
pf-cheshire,arrest_count,2025,by_ethnicity,Black,30,,,,,,,,"Home Office, Police powers and procedures: arrests open data tables",year ending 31 March 2025,released
pf-cheshire,arrest_count,2025,by_ethnicity,Mixed,18,,,,,,,,"Home Office, Police powers and procedures: arrests open data tables",year ending 31 March 2025,released
pf-cheshire,arrest_count,2025,overall,,923,,,,,,,,"Home Office, Police powers and procedures: arrests open data tables",year ending 31 March 2025,released
pf-cheshire,arrest_count,2025,by_ethnicity,Other,,,,,,,,,"Home Office, Police powers and procedures: arrests open data tables",year ending 31 March 2025,suppressed
pf-cheshire,arrest_count,2025,by_ethnicity,White,843,,,,,,,,"Home Office, Police powers and procedures: arrests open data tables",year ending 31 March 2025,released
pf-cleveland,arrest_count,2025,by_ethnicity,Asian,28,,,,,,,,"Home Office, Police powers and procedures: arrests open data tables",year ending 31 March 2025,released
pf-cleveland,arrest_count,2025,by_ethnicity,Black,15,,,,,,,,"Home Office, Police powers and procedures: arrests open data tables",year ending 31 March 2025,released
pf-cleveland,arrest_count,2025,by_ethnicity,Mixed,35,,,,,,,,"Home Office, Police powers and procedures: arrests open data tables",year ending 31 March 2025,released
pf-cleveland,arrest_count,2025,overall,,1010,,,,,,,,"Home Office, Police powers and procedures: arrests open data tables",year ending 31 March 2025,released
pf-cleveland,arrest_count,2025,by_ethnicity,Other,21,,,,,,,,"Home Office, Police powers and procedures: arrests open data tables",year ending 31 March 2025,released
pf-cleveland,arrest_count,2025,by_ethnicity,White,883,,,,,,,,"Home Office, Police powers and procedures: arrests open data tables",year ending 31 March 2025,released
pf-cumbria,arrest_count,2025,by_ethnicity,Asian,,,,,,,,,"Home Office, Police powers and procedures: arrests open data tables",year ending 31 March 2025,suppressed
pf-cumbria,arrest_count,2025,by_ethnicity,Black,12,,,,,,,,"Home Office, Police powers and procedures: arrests open data tables",year ending 31 March 2025,released
pf-cumbria,arrest_count,2025,by_ethnicity,Mixed,14,,,,,,,,"Home Office, Police powers and procedures: arrests open data tables",year ending 31 March 2025,released
pf-cumbria,arrest_count,2025,overall,,684,,,,,,,,"Home Office, Police powers and procedures: arrests open data tables",year ending 31 March 2025,released
pf-cumbria,arrest_count,2025,by_ethnicity,Other,,,,,,,,,"Home Office, Police powers and procedures: arrests open data tables",year ending 31 March 2025,suppressed
pf-cumbria,arrest_count,2025,by_ethnicity,White,639,,,,,,,,"Home Office, Police powers and procedures: arrests open data tables",year ending 31 March 2025,released
pf-derbyshire,arrest_count,2025,by_ethnicity,Asian,21,,,,,,,,"Home Office, Police powers and procedures: arrests open data tables",year ending 31 March 2025,released
pf-derbyshire,arrest_count,2025,by_ethnicity,Black,31,,,,,,,,"Home Office, Police powers and procedures: arrests open data tables",year ending 31 March 2025,released
pf-derbyshire,arrest_count,2025,by_ethnicity,Mixed,36,,,,,,,,"Home Office, Police powers and procedures: arrests open data tables",year ending 31 March 2025,released
pf-derbyshire,arrest_count,2025,overall,,998,,,,,,,,"Home Office, Police powers and procedures: arrests open data tables",year ending 31 March 2025,released
pf-derbyshire,arrest_count,2025,by_ethnicity,Other,13,,,,,,,,"Home Office, Police powers and procedures: arrests open data tables",year ending 31 March 2025,released
pf-derbyshire,arrest_count,2025,by_ethnicity,White,595,,,,,,,,"Home Office, Police powers and procedures: arrests open data tables",year ending 31 March 2025,released
pf-devon-and-cornwall,arrest_count,2025,by_ethnicity,Asian,,,,,,,,,"Home Office, Police powers and procedures: arrests open data tables",year ending 31 March 2025,suppressed
pf-devon-and-cornwall,arrest_count,2025,by_ethnicity,Black,28,,,,,,,,"Home Office, Police powers and procedures: arrests open data tables",year ending 31 March 2025,released
pf-devon-and-cornwall,arrest_count,2025,by_ethnicity,Mixed,28,,,,,,,,"Home Office, Police powers and procedures: arrests open data tables",year ending 31 March 2025,released
pf-devon-and-cornwall,arrest_count,2025,overall,,1143,,,,,,,,"Home Office, Police powers and procedures: arrests open data tables",year ending 31 March 2025,released
pf-devon-and-cornwall,arrest_count,2025,by_ethnicity,Other,,,,,,,,,"Home Office, Police powers and procedures: arrests open data tables",year ending 31 March 2025,suppressed
pf-devon-and-cornwall,arrest_count,2025,by_ethnicity,White,1015,,,,,,,,"Home Office, Police powers and procedures: arrests open data tables",year ending 31 March 2025,released
pf-dorset,arrest_count,2025,by_ethnicity,Asian,,,,,,,,,"Home Office, Police powers and procedures: arrests open data tables",year ending 31 March 2025,suppressed
pf-dorset,arrest_count,2025,by_ethnicity,Black,,,,,,,,,"Home Office, Police powers and procedures: arrests open data tables",year ending 31 March 2025,suppressed
pf-dorset,arrest_count,2025,by_ethnicity,Mixed,10,,,,,,,,"Home Office, Police powers and procedures: arrests open data tables",year ending 31 March 2025,released
pf-dorset,arrest_count,2025,overall,,248,,,,,,,,"Home Office, Police powers and procedures: arrests open data tables",year ending 31 March 2025,released
pf-dorset,arrest_count,2025,by_ethnicity,Other,0,,,,,,,,"Home Office, Police powers and procedures: arrests open data tables",year ending 31 March 2025,released
pf-dorset,arrest_count,2025,by_ethnicity,White,175,,,,,,,,"Home Office, Police powers and procedures: arrests open data tables",year ending 31 March 2025,released
pf-durham,arrest_count,2025,by_ethnicity,Asian,,,,,,,,,"Home Office, Police powers and procedures: arrests open data tables",year ending 31 March 2025,suppressed
pf-durham,arrest_count,2025,by_ethnicity,Black,,,,,,,,,"Home Office, Police powers and procedures: arrests open data tables",year ending 31 March 2025,suppressed
pf-durham,arrest_count,2025,by_ethnicity,Mixed,18,,,,,,,,"Home Office, Police powers and procedures: arrests open data tables",year ending 31 March 2025,released
pf-durham,arrest_count,2025,overall,,976,,,,,,,,"Home Office, Police powers and procedures: arrests open data tables",year ending 31 March 2025,released
pf-durham,arrest_count,2025,by_ethnicity,Other,13,,,,,,,,"Home Office, Police powers and procedures: arrests open data tables",year ending 31 March 2025,released
pf-durham,arrest_count,2025,by_ethnicity,White,921,,,,,,,,"Home Office, Police powers and procedures: arrests open data tables",year ending 31 March 2025,released
pf-dyfed-powys,arrest_count,2025,by_ethnicity,Asian,,,,,,,,,"Home Office, Police powers and procedures: arrests open data tables",year ending 31 March 2025,suppressed
pf-dyfed-powys,arrest_count,2025,by_ethnicity,Black,7,,,,,,,,"Home Office, Police powers and procedures: arrests open data tables",year ending 31 March 2025,released
pf-dyfed-powys,arrest_count,2025,by_ethnicity,Mixed,,,,,,,,,"Home Office, Police powers and procedures: arrests open data tables",year ending 31 March 2025,suppressed
pf-dyfed-powys,arrest_count,2025,overall,,394,,,,,,,,"Home Office, Police powers and procedures: arrests open data tables",year ending 31 March 2025,released
pf-dyfed-powys,arrest_count,2025,by_ethnicity,Other,0,,,,,,,,"Home Office, Police powers and procedures: arrests open data tables",year ending 31 March 2025,released
pf-dyfed-powys,arrest_count,2025,by_ethnicity,White,365,,,,,,,,"Home Office, Police powers and procedures: arrests open data tables",year ending 31 March 2025,released
pf-essex,arrest_count,2025,by_ethnicity,Asian,35,,,,,,,,"Home Office, Police powers and procedures: arrests open data tables",year ending 31 March 2025,released
pf-essex,arrest_count,2025,by_ethnicity,Black,165,,,,,,,,"Home Office, Police powers and procedures: arrests open data tables",year ending 31 March 2025,released
pf-essex,arrest_count,2025,by_ethnicity,Mixed,100,,,,,,,,"Home Office, Police powers and procedures: arrests open data tables",year ending 31 March 2025,released
pf-essex,arrest_count,2025,overall,,1446,,,,,,,,"Home Office, Police powers and procedures: arrests open data tables",year ending 31 March 2025,released
pf-essex,arrest_count,2025,by_ethnicity,Other,14,,,,,,,,"Home Office, Police powers and procedures: arrests open data tables",year ending 31 March 2025,released
pf-essex,arrest_count,2025,by_ethnicity,White,1052,,,,,,,,"Home Office, Police powers and procedures: arrests open data tables",year ending 31 March 2025,released
pf-gloucestershire,arrest_count,2025,by_ethnicity,Asian,,,,,,,,,"Home Office, Police powers and procedures: arrests open data tables",year ending 31 March 2025,suppressed
pf-gloucestershire,arrest_count,2025,by_ethnicity,Black,36,,,,,,,,"Home Office, Police powers and procedures: arrests open data tables",year ending 31 March 2025,released
pf-gloucestershire,arrest_count,2025,by_ethnicity,Mixed,20,,,,,,,,"Home Office, Police powers and procedures: arrests open data tables",year ending 31 March 2025,released
pf-gloucestershire,arrest_count,2025,overall,,517,,,,,,,,"Home Office, Police powers and procedures: arrests open data tables",year ending 31 March 2025,released
pf-gloucestershire,arrest_count,2025,by_ethnicity,Other,,,,,,,,,"Home Office, Police powers and procedures: arrests open data tables",year ending 31 March 2025,suppressed
pf-gloucestershire,arrest_count,2025,by_ethnicity,White,370,,,,,,,,"Home Office, Police powers and procedures: arrests open data tables",year ending 31 March 2025,released
pf-greater-manchester,arrest_count,2025,by_ethnicity,Asian,352,,,,,,,,"Home Office, Police powers and procedures: arrests open data tables",year ending 31 March 2025,released
pf-greater-manchester,arrest_count,2025,by_ethnicity,Black,470,,,,,,,,"Home Office, Police powers and procedures: arrests open data tables",year ending 31 March 2025,released
pf-greater-manchester,arrest_count,2025,by_ethnicity,Mixed,241,,,,,,,,"Home Office, Police powers and procedures: arrests open data tables",year ending 31 March 2025,released
pf-greater-manchester,arrest_count,2025,overall,,3716,,,,,,,,"Home Office, Police powers and procedures: arrests open data tables",year ending 31 March 2025,released
pf-greater-manchester,arrest_count,2025,by_ethnicity,Other,46,,,,,,,,"Home Office, Police powers and procedures: arrests open data tables",year ending 31 March 2025,released
pf-greater-manchester,arrest_count,2025,by_ethnicity,White,2267,,,,,,,,"Home Office, Police powers and procedures: arrests open data tables",year ending 31 March 2025,released
pf-gwent,arrest_count,2025,by_ethnicity,Asian,12,,,,,,,,"Home Office, Police powers and procedures: arrests open data tables",year ending 31 March 2025,released
pf-gwent,arrest_count,2025,by_ethnicity,Black,19,,,,,,,,"Home Office, Police powers and procedures: arrests open data tables",year ending 31 March 2025,released
pf-gwent,arrest_count,2025,by_ethnicity,Mixed,16,,,,,,,,"Home Office, Police powers and procedures: arrests open data tables",year ending 31 March 2025,released
pf-gwent,arrest_count,2025,overall,,606,,,,,,,,"Home Office, Police powers and procedures: arrests open data tables",year ending 31 March 2025,released
pf-gwent,arrest_count,2025,by_ethnicity,Other,13,,,,,,,,"Home Office, Police powers and procedures: arrests open data tables",year ending 31 March 2025,released
pf-gwent,arrest_count,2025,by_ethnicity,White,536,,,,,,,,"Home Office, Police powers and procedures: arrests open data tables",year ending 31 March 2025,released
pf-hampshire,arrest_count,2025,by_ethnicity,Asian,54,,,,,,,,"Home Office, Police powers and procedures: arrests open data tables",year ending 31 March 2025,released
pf-hampshire,arrest_count,2025,by_ethnicity,Black,68,,,,,,,,"Home Office, Police powers and procedures: arrests open data tables",year ending 31 March 2025,released
pf-hampshire,arrest_count,2025,by_ethnicity,Mixed,91,,,,,,,,"Home Office, Police powers and procedures: arrests open data tables",year ending 31 March 2025,released
pf-hampshire,arrest_count,2025,overall,,1613,,,,,,,,"Home Office, Police powers and procedures: arrests open data tables",year ending 31 March 2025,released
pf-hampshire,arrest_count,2025,by_ethnicity,Other,27,,,,,,,,"Home Office, Police powers and procedures: arrests open data tables",year ending 31 March 2025,released
pf-hampshire,arrest_count,2025,by_ethnicity,White,1283,,,,,,,,"Home Office, Police powers and procedures: arrests open data tables",year ending 31 March 2025,released
pf-hertfordshire,arrest_count,2025,by_ethnicity,Asian,56,,,,,,,,"Home Office, Police powers and procedures: arrests open data tables",year ending 31 March 2025,released
pf-hertfordshire,arrest_count,2025,by_ethnicity,Black,148,,,,,,,,"Home Office, Police powers and procedures: arrests open data tables",year ending 31 March 2025,released
pf-hertfordshire,arrest_count,2025,by_ethnicity,Mixed,109,,,,,,,,"Home Office, Police powers and procedures: arrests open data tables",year ending 31 March 2025,released
pf-hertfordshire,arrest_count,2025,overall,,1137,,,,,,,,"Home Office, Police powers and procedures: arrests open data tables",year ending 31 March 2025,released
pf-hertfordshire,arrest_count,2025,by_ethnicity,Other,24,,,,,,,,"Home Office, Police powers and procedures: arrests open data tables",year ending 31 March 2025,released
pf-hertfordshire,arrest_count,2025,by_ethnicity,White,746,,,,,,,,"Home Office, Police powers and procedures: arrests open data tables",year ending 31 March 2025,released
pf-humberside,arrest_count,2025,by_ethnicity,Asian,8,,,,,,,,"Home Office, Police powers and procedures: arrests open data tables",year ending 31 March 2025,released
pf-humberside,arrest_count,2025,by_ethnicity,Black,32,,,,,,,,"Home Office, Police powers and procedures: arrests open data tables",year ending 31 March 2025,released
pf-humberside,arrest_count,2025,by_ethnicity,Mixed,16,,,,,,,,"Home Office, Police powers and procedures: arrests open data tables",year ending 31 March 2025,released
pf-humberside,arrest_count,2025,overall,,1058,,,,,,,,"Home Office, Police powers and procedures: arrests open data tables",year ending 31 March 2025,released
pf-humberside,arrest_count,2025,by_ethnicity,Other,6,,,,,,,,"Home Office, Police powers and procedures: arrests open data tables",year ending 31 March 2025,released
pf-humberside,arrest_count,2025,by_ethnicity,White,919,,,,,,,,"Home Office, Police powers and procedures: arrests open data tables",year ending 31 March 2025,released
pf-kent,arrest_count,2025,by_ethnicity,Asian,20,,,,,,,,"Home Office, Police powers and procedures: arrests open data tables",year ending 31 March 2025,released
pf-kent,arrest_count,2025,by_ethnicity,Black,108,,,,,,,,"Home Office, Police powers and procedures: arrests open data tables",year ending 31 March 2025,released
pf-kent,arrest_count,2025,by_ethnicity,Mixed,55,,,,,,,,"Home Office, Police powers and procedures: arrests open data tables",year ending 31 March 2025,released
pf-kent,arrest_count,2025,overall,,1695,,,,,,,,"Home Office, Police powers and procedures: arrests open data tables",year ending 31 March 2025,released
pf-kent,arrest_count,2025,by_ethnicity,Other,38,,,,,,,,"Home Office, Police powers and procedures: arrests open data tables",year ending 31 March 2025,released
pf-kent,arrest_count,2025,by_ethnicity,White,1155,,,,,,,,"Home Office, Police powers and procedures: arrests open data tables",year ending 31 March 2025,released
pf-lancashire,arrest_count,2025,by_ethnicity,Asian,76,,,,,,,,"Home Office, Police powers and procedures: arrests open data tables",year ending 31 March 2025,released
pf-lancashire,arrest_count,2025,by_ethnicity,Black,23,,,,,,,,"Home Office, Police powers and procedures: arrests open data tables",year ending 31 March 2025,released
pf-lancashire,arrest_count,2025,by_ethnicity,Mixed,52,,,,,,,,"Home Office, Police powers and procedures: arrests open data tables",year ending 31 March 2025,released
pf-lancashire,arrest_count,2025,overall,,1369,,,,,,,,"Home Office, Police powers and procedures: arrests open data tables",year ending 31 March 2025,released
pf-lancashire,arrest_count,2025,by_ethnicity,Other,13,,,,,,,,"Home Office, Police powers and procedures: arrests open data tables",year ending 31 March 2025,released
pf-lancashire,arrest_count,2025,by_ethnicity,White,1044,,,,,,,,"Home Office, Police powers and procedures: arrests open data tables",year ending 31 March 2025,released
pf-leicestershire,arrest_count,2025,by_ethnicity,Asian,77,,,,,,,,"Home Office, Police powers and procedures: arrests open data tables",year ending 31 March 2025,released
pf-leicestershire,arrest_count,2025,by_ethnicity,Black,100,,,,,,,,"Home Office, Police powers and procedures: arrests open data tables",year ending 31 March 2025,released
pf-leicestershire,arrest_count,2025,by_ethnicity,Mixed,62,,,,,,,,"Home Office, Police powers and procedures: arrests open data tables",year ending 31 March 2025,released
pf-leicestershire,arrest_count,2025,overall,,976,,,,,,,,"Home Office, Police powers and procedures: arrests open data tables",year ending 31 March 2025,released
pf-leicestershire,arrest_count,2025,by_ethnicity,Other,28,,,,,,,,"Home Office, Police powers and procedures: arrests open data tables",year ending 31 March 2025,released
pf-leicestershire,arrest_count,2025,by_ethnicity,White,614,,,,,,,,"Home Office, Police powers and procedures: arrests open data tables",year ending 31 March 2025,released
pf-lincolnshire,arrest_count,2025,by_ethnicity,Asian,,,,,,,,,"Home Office, Police powers and procedures: arrests open data tables",year ending 31 March 2025,suppressed
pf-lincolnshire,arrest_count,2025,by_ethnicity,Black,10,,,,,,,,"Home Office, Police powers and procedures: arrests open data tables",year ending 31 March 2025,released
pf-lincolnshire,arrest_count,2025,by_ethnicity,Mixed,13,,,,,,,,"Home Office, Police powers and procedures: arrests open data tables",year ending 31 March 2025,released
pf-lincolnshire,arrest_count,2025,overall,,516,,,,,,,,"Home Office, Police powers and procedures: arrests open data tables",year ending 31 March 2025,released
pf-lincolnshire,arrest_count,2025,by_ethnicity,Other,,,,,,,,,"Home Office, Police powers and procedures: arrests open data tables",year ending 31 March 2025,suppressed
pf-lincolnshire,arrest_count,2025,by_ethnicity,White,450,,,,,,,,"Home Office, Police powers and procedures: arrests open data tables",year ending 31 March 2025,released
pf-london,arrest_count,2025,by_ethnicity,Asian,411,,,,,,,,"Home Office, Police powers and procedures: arrests open data tables",year ending 31 March 2025,released
pf-london,arrest_count,2025,by_ethnicity,Black,1610,,,,,,,,"Home Office, Police powers and procedures: arrests open data tables",year ending 31 March 2025,released
pf-london,arrest_count,2025,by_ethnicity,Mixed,540,,,,,,,,"Home Office, Police powers and procedures: arrests open data tables",year ending 31 March 2025,released
pf-london,arrest_count,2025,overall,,8741,,,,,,,,"Home Office, Police powers and procedures: arrests open data tables",year ending 31 March 2025,released
pf-london,arrest_count,2025,by_ethnicity,Other,221,,,,,,,,"Home Office, Police powers and procedures: arrests open data tables",year ending 31 March 2025,released
pf-london,arrest_count,2025,by_ethnicity,White,1213,,,,,,,,"Home Office, Police powers and procedures: arrests open data tables",year ending 31 March 2025,released
pf-merseyside,arrest_count,2025,by_ethnicity,Asian,21,,,,,,,,"Home Office, Police powers and procedures: arrests open data tables",year ending 31 March 2025,released
pf-merseyside,arrest_count,2025,by_ethnicity,Black,76,,,,,,,,"Home Office, Police powers and procedures: arrests open data tables",year ending 31 March 2025,released
pf-merseyside,arrest_count,2025,by_ethnicity,Mixed,57,,,,,,,,"Home Office, Police powers and procedures: arrests open data tables",year ending 31 March 2025,released
pf-merseyside,arrest_count,2025,overall,,1314,,,,,,,,"Home Office, Police powers and procedures: arrests open data tables",year ending 31 March 2025,released
pf-merseyside,arrest_count,2025,by_ethnicity,Other,40,,,,,,,,"Home Office, Police powers and procedures: arrests open data tables",year ending 31 March 2025,released
pf-merseyside,arrest_count,2025,by_ethnicity,White,1067,,,,,,,,"Home Office, Police powers and procedures: arrests open data tables",year ending 31 March 2025,released
pf-norfolk,arrest_count,2025,by_ethnicity,Asian,6,,,,,,,,"Home Office, Police powers and procedures: arrests open data tables",year ending 31 March 2025,released
pf-norfolk,arrest_count,2025,by_ethnicity,Black,43,,,,,,,,"Home Office, Police powers and procedures: arrests open data tables",year ending 31 March 2025,released
pf-norfolk,arrest_count,2025,by_ethnicity,Mixed,37,,,,,,,,"Home Office, Police powers and procedures: arrests open data tables",year ending 31 March 2025,released
pf-norfolk,arrest_count,2025,overall,,952,,,,,,,,"Home Office, Police powers and procedures: arrests open data tables",year ending 31 March 2025,released
pf-norfolk,arrest_count,2025,by_ethnicity,Other,7,,,,,,,,"Home Office, Police powers and procedures: arrests open data tables",year ending 31 March 2025,released
pf-norfolk,arrest_count,2025,by_ethnicity,White,689,,,,,,,,"Home Office, Police powers and procedures: arrests open data tables",year ending 31 March 2025,released
pf-north-wales,arrest_count,2025,by_ethnicity,Asian,,,,,,,,,"Home Office, Police powers and procedures: arrests open data tables",year ending 31 March 2025,suppressed
pf-north-wales,arrest_count,2025,by_ethnicity,Black,,,,,,,,,"Home Office, Police powers and procedures: arrests open data tables",year ending 31 March 2025,suppressed
pf-north-wales,arrest_count,2025,by_ethnicity,Mixed,9,,,,,,,,"Home Office, Police powers and procedures: arrests open data tables",year ending 31 March 2025,released
pf-north-wales,arrest_count,2025,overall,,595,,,,,,,,"Home Office, Police powers and procedures: arrests open data tables",year ending 31 March 2025,released
pf-north-wales,arrest_count,2025,by_ethnicity,Other,7,,,,,,,,"Home Office, Police powers and procedures: arrests open data tables",year ending 31 March 2025,released
pf-north-wales,arrest_count,2025,by_ethnicity,White,498,,,,,,,,"Home Office, Police powers and procedures: arrests open data tables",year ending 31 March 2025,released
pf-north-yorkshire,arrest_count,2025,by_ethnicity,Asian,12,,,,,,,,"Home Office, Police powers and procedures: arrests open data tables",year ending 31 March 2025,released
pf-north-yorkshire,arrest_count,2025,by_ethnicity,Black,11,,,,,,,,"Home Office, Police powers and procedures: arrests open data tables",year ending 31 March 2025,released
pf-north-yorkshire,arrest_count,2025,by_ethnicity,Mixed,24,,,,,,,,"Home Office, Police powers and procedures: arrests open data tables",year ending 31 March 2025,released
pf-north-yorkshire,arrest_count,2025,overall,,744,,,,,,,,"Home Office, Police powers and procedures: arrests open data tables",year ending 31 March 2025,released
pf-north-yorkshire,arrest_count,2025,by_ethnicity,Other,6,,,,,,,,"Home Office, Police powers and procedures: arrests open data tables",year ending 31 March 2025,released
pf-north-yorkshire,arrest_count,2025,by_ethnicity,White,641,,,,,,,,"Home Office, Police powers and procedures: arrests open data tables",year ending 31 March 2025,released
pf-northamptonshire,arrest_count,2025,by_ethnicity,Asian,14,,,,,,,,"Home Office, Police powers and procedures: arrests open data tables",year ending 31 March 2025,released
pf-northamptonshire,arrest_count,2025,by_ethnicity,Black,74,,,,,,,,"Home Office, Police powers and procedures: arrests open data tables",year ending 31 March 2025,released
pf-northamptonshire,arrest_count,2025,by_ethnicity,Mixed,35,,,,,,,,"Home Office, Police powers and procedures: arrests open data tables",year ending 31 March 2025,released
pf-northamptonshire,arrest_count,2025,overall,,730,,,,,,,,"Home Office, Police powers and procedures: arrests open data tables",year ending 31 March 2025,released
pf-northamptonshire,arrest_count,2025,by_ethnicity,Other,6,,,,,,,,"Home Office, Police powers and procedures: arrests open data tables",year ending 31 March 2025,released
pf-northamptonshire,arrest_count,2025,by_ethnicity,White,585,,,,,,,,"Home Office, Police powers and procedures: arrests open data tables",year ending 31 March 2025,released
pf-northumbria,arrest_count,2025,by_ethnicity,Asian,39,,,,,,,,"Home Office, Police powers and procedures: arrests open data tables",year ending 31 March 2025,released
pf-northumbria,arrest_count,2025,by_ethnicity,Black,33,,,,,,,,"Home Office, Police powers and procedures: arrests open data tables",year ending 31 March 2025,released
pf-northumbria,arrest_count,2025,by_ethnicity,Mixed,23,,,,,,,,"Home Office, Police powers and procedures: arrests open data tables",year ending 31 March 2025,released
pf-northumbria,arrest_count,2025,overall,,1749,,,,,,,,"Home Office, Police powers and procedures: arrests open data tables",year ending 31 March 2025,released
pf-northumbria,arrest_count,2025,by_ethnicity,Other,0,,,,,,,,"Home Office, Police powers and procedures: arrests open data tables",year ending 31 March 2025,released
pf-northumbria,arrest_count,2025,by_ethnicity,White,1639,,,,,,,,"Home Office, Police powers and procedures: arrests open data tables",year ending 31 March 2025,released
pf-nottinghamshire,arrest_count,2025,by_ethnicity,Asian,35,,,,,,,,"Home Office, Police powers and procedures: arrests open data tables",year ending 31 March 2025,released
pf-nottinghamshire,arrest_count,2025,by_ethnicity,Black,120,,,,,,,,"Home Office, Police powers and procedures: arrests open data tables",year ending 31 March 2025,released
pf-nottinghamshire,arrest_count,2025,by_ethnicity,Mixed,83,,,,,,,,"Home Office, Police powers and procedures: arrests open data tables",year ending 31 March 2025,released
pf-nottinghamshire,arrest_count,2025,overall,,1150,,,,,,,,"Home Office, Police powers and procedures: arrests open data tables",year ending 31 March 2025,released
pf-nottinghamshire,arrest_count,2025,by_ethnicity,Other,9,,,,,,,,"Home Office, Police powers and procedures: arrests open data tables",year ending 31 March 2025,released
pf-nottinghamshire,arrest_count,2025,by_ethnicity,White,691,,,,,,,,"Home Office, Police powers and procedures: arrests open data tables",year ending 31 March 2025,released
pf-south-wales,arrest_count,2025,by_ethnicity,Asian,23,,,,,,,,"Home Office, Police powers and procedures: arrests open data tables",year ending 31 March 2025,released
pf-south-wales,arrest_count,2025,by_ethnicity,Black,33,,,,,,,,"Home Office, Police powers and procedures: arrests open data tables",year ending 31 March 2025,released
pf-south-wales,arrest_count,2025,by_ethnicity,Mixed,23,,,,,,,,"Home Office, Police powers and procedures: arrests open data tables",year ending 31 March 2025,released
pf-south-wales,arrest_count,2025,overall,,1108,,,,,,,,"Home Office, Police powers and procedures: arrests open data tables",year ending 31 March 2025,released
pf-south-wales,arrest_count,2025,by_ethnicity,Other,17,,,,,,,,"Home Office, Police powers and procedures: arrests open data tables",year ending 31 March 2025,released
pf-south-wales,arrest_count,2025,by_ethnicity,White,884,,,,,,,,"Home Office, Police powers and procedures: arrests open data tables",year ending 31 March 2025,released
pf-south-yorkshire,arrest_count,2025,by_ethnicity,Asian,53,,,,,,,,"Home Office, Police powers and procedures: arrests open data tables",year ending 31 March 2025,released
pf-south-yorkshire,arrest_count,2025,by_ethnicity,Black,60,,,,,,,,"Home Office, Police powers and procedures: arrests open data tables",year ending 31 March 2025,released
pf-south-yorkshire,arrest_count,2025,by_ethnicity,Mixed,76,,,,,,,,"Home Office, Police powers and procedures: arrests open data tables",year ending 31 March 2025,released
pf-south-yorkshire,arrest_count,2025,overall,,1121,,,,,,,,"Home Office, Police powers and procedures: arrests open data tables",year ending 31 March 2025,released
pf-south-yorkshire,arrest_count,2025,by_ethnicity,Other,27,,,,,,,,"Home Office, Police powers and procedures: arrests open data tables",year ending 31 March 2025,released
pf-south-yorkshire,arrest_count,2025,by_ethnicity,White,864,,,,,,,,"Home Office, Police powers and procedures: arrests open data tables",year ending 31 March 2025,released
pf-staffordshire,arrest_count,2025,by_ethnicity,Asian,81,,,,,,,,"Home Office, Police powers and procedures: arrests open data tables",year ending 31 March 2025,released
pf-staffordshire,arrest_count,2025,by_ethnicity,Black,39,,,,,,,,"Home Office, Police powers and procedures: arrests open data tables",year ending 31 March 2025,released
pf-staffordshire,arrest_count,2025,by_ethnicity,Mixed,66,,,,,,,,"Home Office, Police powers and procedures: arrests open data tables",year ending 31 March 2025,released
pf-staffordshire,arrest_count,2025,overall,,887,,,,,,,,"Home Office, Police powers and procedures: arrests open data tables",year ending 31 March 2025,released
pf-staffordshire,arrest_count,2025,by_ethnicity,Other,6,,,,,,,,"Home Office, Police powers and procedures: arrests open data tables",year ending 31 March 2025,released
pf-staffordshire,arrest_count,2025,by_ethnicity,White,678,,,,,,,,"Home Office, Police powers and procedures: arrests open data tables",year ending 31 March 2025,released
pf-suffolk,arrest_count,2025,by_ethnicity,Asian,10,,,,,,,,"Home Office, Police powers and procedures: arrests open data tables",year ending 31 March 2025,released
pf-suffolk,arrest_count,2025,by_ethnicity,Black,37,,,,,,,,"Home Office, Police powers and procedures: arrests open data tables",year ending 31 March 2025,released
pf-suffolk,arrest_count,2025,by_ethnicity,Mixed,35,,,,,,,,"Home Office, Police powers and procedures: arrests open data tables",year ending 31 March 2025,released
pf-suffolk,arrest_count,2025,overall,,727,,,,,,,,"Home Office, Police powers and procedures: arrests open data tables",year ending 31 March 2025,released
pf-suffolk,arrest_count,2025,by_ethnicity,Other,7,,,,,,,,"Home Office, Police powers and procedures: arrests open data tables",year ending 31 March 2025,released
pf-suffolk,arrest_count,2025,by_ethnicity,White,541,,,,,,,,"Home Office, Police powers and procedures: arrests open data tables",year ending 31 March 2025,released
pf-surrey,arrest_count,2025,by_ethnicity,Asian,,,,,,,,,"Home Office, Police powers and procedures: arrests open data tables",year ending 31 March 2025,suppressed
pf-surrey,arrest_count,2025,by_ethnicity,Black,56,,,,,,,,"Home Office, Police powers and procedures: arrests open data tables",year ending 31 March 2025,released
pf-surrey,arrest_count,2025,by_ethnicity,Mixed,68,,,,,,,,"Home Office, Police powers and procedures: arrests open data tables",year ending 31 March 2025,released
pf-surrey,arrest_count,2025,overall,,917,,,,,,,,"Home Office, Police powers and procedures: arrests open data tables",year ending 31 March 2025,released
pf-surrey,arrest_count,2025,by_ethnicity,Other,,,,,,,,,"Home Office, Police powers and procedures: arrests open data tables",year ending 31 March 2025,suppressed
pf-surrey,arrest_count,2025,by_ethnicity,White,736,,,,,,,,"Home Office, Police powers and procedures: arrests open data tables",year ending 31 March 2025,released
pf-sussex,arrest_count,2025,by_ethnicity,Asian,30,,,,,,,,"Home Office, Police powers and procedures: arrests open data tables",year ending 31 March 2025,released
pf-sussex,arrest_count,2025,by_ethnicity,Black,109,,,,,,,,"Home Office, Police powers and procedures: arrests open data tables",year ending 31 March 2025,released
pf-sussex,arrest_count,2025,by_ethnicity,Mixed,84,,,,,,,,"Home Office, Police powers and procedures: arrests open data tables",year ending 31 March 2025,released
pf-sussex,arrest_count,2025,overall,,1895,,,,,,,,"Home Office, Police powers and procedures: arrests open data tables",year ending 31 March 2025,released
pf-sussex,arrest_count,2025,by_ethnicity,Other,30,,,,,,,,"Home Office, Police powers and procedures: arrests open data tables",year ending 31 March 2025,released
pf-sussex,arrest_count,2025,by_ethnicity,White,1473,,,,,,,,"Home Office, Police powers and procedures: arrests open data tables",year ending 31 March 2025,released
pf-thames-valley,arrest_count,2025,by_ethnicity,Asian,267,,,,,,,,"Home Office, Police powers and procedures: arrests open data tables",year ending 31 March 2025,released
pf-thames-valley,arrest_count,2025,by_ethnicity,Black,282,,,,,,,,"Home Office, Police powers and procedures: arrests open data tables",year ending 31 March 2025,released
pf-thames-valley,arrest_count,2025,by_ethnicity,Mixed,349,,,,,,,,"Home Office, Police powers and procedures: arrests open data tables",year ending 31 March 2025,released
pf-thames-valley,arrest_count,2025,overall,,3635,,,,,,,,"Home Office, Police powers and procedures: arrests open data tables",year ending 31 March 2025,released
pf-thames-valley,arrest_count,2025,by_ethnicity,Other,63,,,,,,,,"Home Office, Police powers and procedures: arrests open data tables",year ending 31 March 2025,released
pf-thames-valley,arrest_count,2025,by_ethnicity,White,2339,,,,,,,,"Home Office, Police powers and procedures: arrests open data tables",year ending 31 March 2025,released
pf-warwickshire,arrest_count,2025,by_ethnicity,Asian,,,,,,,,,"Home Office, Police powers and procedures: arrests open data tables",year ending 31 March 2025,suppressed
pf-warwickshire,arrest_count,2025,by_ethnicity,Black,18,,,,,,,,"Home Office, Police powers and procedures: arrests open data tables",year ending 31 March 2025,released
pf-warwickshire,arrest_count,2025,by_ethnicity,Mixed,29,,,,,,,,"Home Office, Police powers and procedures: arrests open data tables",year ending 31 March 2025,released
pf-warwickshire,arrest_count,2025,overall,,265,,,,,,,,"Home Office, Police powers and procedures: arrests open data tables",year ending 31 March 2025,released
pf-warwickshire,arrest_count,2025,by_ethnicity,Other,,,,,,,,,"Home Office, Police powers and procedures: arrests open data tables",year ending 31 March 2025,suppressed
pf-warwickshire,arrest_count,2025,by_ethnicity,White,194,,,,,,,,"Home Office, Police powers and procedures: arrests open data tables",year ending 31 March 2025,released
pf-west-mercia,arrest_count,2025,by_ethnicity,Asian,,,,,,,,,"Home Office, Police powers and procedures: arrests open data tables",year ending 31 March 2025,suppressed
pf-west-mercia,arrest_count,2025,by_ethnicity,Black,16,,,,,,,,"Home Office, Police powers and procedures: arrests open data tables",year ending 31 March 2025,released
pf-west-mercia,arrest_count,2025,by_ethnicity,Mixed,22,,,,,,,,"Home Office, Police powers and procedures: arrests open data tables",year ending 31 March 2025,released
pf-west-mercia,arrest_count,2025,overall,,724,,,,,,,,"Home Office, Police powers and procedures: arrests open data tables",year ending 31 March 2025,released
pf-west-mercia,arrest_count,2025,by_ethnicity,Other,,,,,,,,,"Home Office, Police powers and procedures: arrests open data tables",year ending 31 March 2025,suppressed
pf-west-mercia,arrest_count,2025,by_ethnicity,White,535,,,,,,,,"Home Office, Police powers and procedures: arrests open data tables",year ending 31 March 2025,released
pf-west-midlands,arrest_count,2025,by_ethnicity,Asian,629,,,,,,,,"Home Office, Police powers and procedures: arrests open data tables",year ending 31 March 2025,released
pf-west-midlands,arrest_count,2025,by_ethnicity,Black,731,,,,,,,,"Home Office, Police powers and procedures: arrests open data tables",year ending 31 March 2025,released
pf-west-midlands,arrest_count,2025,by_ethnicity,Mixed,619,,,,,,,,"Home Office, Police powers and procedures: arrests open data tables",year ending 31 March 2025,released
pf-west-midlands,arrest_count,2025,overall,,3950,,,,,,,,"Home Office, Police powers and procedures: arrests open data tables",year ending 31 March 2025,released
pf-west-midlands,arrest_count,2025,by_ethnicity,Other,77,,,,,,,,"Home Office, Police powers and procedures: arrests open data tables",year ending 31 March 2025,released
pf-west-midlands,arrest_count,2025,by_ethnicity,White,1707,,,,,,,,"Home Office, Police powers and procedures: arrests open data tables",year ending 31 March 2025,released
pf-west-yorkshire,arrest_count,2025,by_ethnicity,Asian,406,,,,,,,,"Home Office, Police powers and procedures: arrests open data tables",year ending 31 March 2025,released
pf-west-yorkshire,arrest_count,2025,by_ethnicity,Black,203,,,,,,,,"Home Office, Police powers and procedures: arrests open data tables",year ending 31 March 2025,released
pf-west-yorkshire,arrest_count,2025,by_ethnicity,Mixed,248,,,,,,,,"Home Office, Police powers and procedures: arrests open data tables",year ending 31 March 2025,released
pf-west-yorkshire,arrest_count,2025,overall,,3159,,,,,,,,"Home Office, Police powers and procedures: arrests open data tables",year ending 31 March 2025,released
pf-west-yorkshire,arrest_count,2025,by_ethnicity,Other,46,,,,,,,,"Home Office, Police powers and procedures: arrests open data tables",year ending 31 March 2025,released
pf-west-yorkshire,arrest_count,2025,by_ethnicity,White,2132,,,,,,,,"Home Office, Police powers and procedures: arrests open data tables",year ending 31 March 2025,released
pf-wiltshire,arrest_count,2025,by_ethnicity,Asian,,,,,,,,,"Home Office, Police powers and procedures: arrests open data tables",year ending 31 March 2025,suppressed
pf-wiltshire,arrest_count,2025,by_ethnicity,Black,36,,,,,,,,"Home Office, Police powers and procedures: arrests open data tables",year ending 31 March 2025,released
pf-wiltshire,arrest_count,2025,by_ethnicity,Mixed,45,,,,,,,,"Home Office, Police powers and procedures: arrests open data tables",year ending 31 March 2025,released
pf-wiltshire,arrest_count,2025,overall,,618,,,,,,,,"Home Office, Police powers and procedures: arrests open data tables",year ending 31 March 2025,released
pf-wiltshire,arrest_count,2025,by_ethnicity,Other,,,,,,,,,"Home Office, Police powers and procedures: arrests open data tables",year ending 31 March 2025,suppressed
pf-wiltshire,arrest_count,2025,by_ethnicity,White,496,,,,,,,,"Home Office, Police powers and procedures: arrests open data tables",year ending 31 March 2025,released
E06000001,imd_score,2025,overall,,0.494,,,,,,,England,"MHCLG, English Indices of Deprivation 2025",income data financial year 2022/23,released
E06000002,imd_score,2025,overall,,0.552,,,,,,,England,"MHCLG, English Indices of Deprivation 2025",income data financial year 2022/23,released
E06000003,imd_score,2025,overall,,0.453,,,,,,,England,"MHCLG, English Indices of Deprivation 2025",income data financial year 2022/23,released
E06000004,imd_score,2025,overall,,0.373,,,,,,,England,"MHCLG, English Indices of Deprivation 2025",income data financial year 2022/23,released
E06000005,imd_score,2025,overall,,0.376,,,,,,,England,"MHCLG, English Indices of Deprivation 2025",income data financial year 2022/23,released
E06000006,imd_score,2025,overall,,0.434,,,,,,,England,"MHCLG, English Indices of Deprivation 2025",income data financial year 2022/23,released
E06000007,imd_score,2025,overall,,0.267,,,,,,,England,"MHCLG, English Indices of Deprivation 2025",income data financial year 2022/23,released
E06000008,imd_score,2025,overall,,0.51,,,,,,,England,"MHCLG, English Indices of Deprivation 2025",income data financial year 2022/23,released
E06000009,imd_score,2025,overall,,0.551,,,,,,,England,"MHCLG, English Indices of Deprivation 2025",income data financial year 2022/23,released
E06000010,imd_score,2025,overall,,0.524,,,,,,,England,"MHCLG, English Indices of Deprivation 2025",income data financial year 2022/23,released
E06000011,imd_score,2025,overall,,0.263,,,,,,,England,"MHCLG, English Indices of Deprivation 2025",income data financial year 2022/23,released
E06000012,imd_score,2025,overall,,0.472,,,,,,,England,"MHCLG, English Indices of Deprivation 2025",income data financial year 2022/23,released
E06000013,imd_score,2025,overall,,0.385,,,,,,,England,"MHCLG, English Indices of Deprivation 2025",income data financial year 2022/23,released
E06000014,imd_score,2025,overall,,0.237,,,,,,,England,"MHCLG, English Indices of Deprivation 2025",income data financial year 2022/23,released
E06000015,imd_score,2025,overall,,0.457,,,,,,,England,"MHCLG, English Indices of Deprivation 2025",income data financial year 2022/23,released
E06000016,imd_score,2025,overall,,0.514,,,,,,,England,"MHCLG, English Indices of Deprivation 2025",income data financial year 2022/23,released
E06000017,imd_score,2025,overall,,0.169,,,,,,,England,"MHCLG, English Indices of Deprivation 2025",income data financial year 2022/23,released
E06000018,imd_score,2025,overall,,0.554,,,,,,,England,"MHCLG, English Indices of Deprivation 2025",income data financial year 2022/23,released
E06000019,imd_score,2025,overall,,0.315,,,,,,,England,"MHCLG, English Indices of Deprivation 2025",income data financial year 2022/23,released
E06000020,imd_score,2025,overall,,0.44,,,,,,,England,"MHCLG, English Indices of Deprivation 2025",income data financial year 2022/23,released
E06000021,imd_score,2025,overall,,0.506,,,,,,,England,"MHCLG, English Indices of Deprivation 2025",income data financial year 2022/23,released
E06000022,imd_score,2025,overall,,0.227,,,,,,,England,"MHCLG, English Indices of Deprivation 2025",income data financial year 2022/23,released
E06000023,imd_score,2025,overall,,0.369,,,,,,,England,"MHCLG, English Indices of Deprivation 2025",income data financial year 2022/23,released
E06000024,imd_score,2025,overall,,0.254,,,,,,,England,"MHCLG, English Indices of Deprivation 2025",income data financial year 2022/23,released
E06000025,imd_score,2025,overall,,0.24,,,,,,,England,"MHCLG, English Indices of Deprivation 2025",income data financial year 2022/23,released
E06000026,imd_score,2025,overall,,0.379,,,,,,,England,"MHCLG, English Indices of Deprivation 2025",income data financial year 2022/23,released
E06000027,imd_score,2025,overall,,0.409,,,,,,,England,"MHCLG, English Indices of Deprivation 2025",income data financial year 2022/23,released
E06000030,imd_score,2025,overall,,0.298,,,,,,,England,"MHCLG, English Indices of Deprivation 2025",income data financial year 2022/23,released
E06000031,imd_score,2025,overall,,0.458,,,,,,,England,"MHCLG, English Indices of Deprivation 2025",income data financial year 2022/23,released
E06000032,imd_score,2025,overall,,0.553,,,,,,,England,"MHCLG, English Indices of Deprivation 2025",income data financial year 2022/23,released
E06000033,imd_score,2025,overall,,0.375,,,,,,,England,"MHCLG, English Indices of Deprivation 2025",income data financial year 2022/23,released
E06000034,imd_score,2025,overall,,0.351,,,,,,,England,"MHCLG, English Indices of Deprivation 2025",income data financial year 2022/23,released
E06000035,imd_score,2025,overall,,0.367,,,,,,,England,"MHCLG, English Indices of Deprivation 2025",income data financial year 2022/23,released
E06000036,imd_score,2025,overall,,0.195,,,,,,,England,"MHCLG, English Indices of Deprivation 2025",income data financial year 2022/23,released
E06000037,imd_score,2025,overall,,0.205,,,,,,,England,"MHCLG, English Indices of Deprivation 2025",income data financial year 2022/23,released
E06000038,imd_score,2025,overall,,0.329,,,,,,,England,"MHCLG, English Indices of Deprivation 2025",income data financial year 2022/23,released
E06000039,imd_score,2025,overall,,0.403,,,,,,,England,"MHCLG, English Indices of Deprivation 2025",income data financial year 2022/23,released
E06000040,imd_score,2025,overall,,0.164,,,,,,,England,"MHCLG, English Indices of Deprivation 2025",income data financial year 2022/23,released
E06000041,imd_score,2025,overall,,0.138,,,,,,,England,"MHCLG, English Indices of Deprivation 2025",income data financial year 2022/23,released
E06000042,imd_score,2025,overall,,0.31,,,,,,,England,"MHCLG, English Indices of Deprivation 2025",income data financial year 2022/23,released
E06000043,imd_score,2025,overall,,0.319,,,,,,,England,"MHCLG, English Indices of Deprivation 2025",income data financial year 2022/23,released
E06000044,imd_score,2025,overall,,0.421,,,,,,,England,"MHCLG, English Indices of Deprivation 2025",income data financial year 2022/23,released
E06000045,imd_score,2025,overall,,0.435,,,,,,,England,"MHCLG, English Indices of Deprivation 2025",income data financial year 2022/23,released
E06000046,imd_score,2025,overall,,0.401,,,,,,,England,"MHCLG, English Indices of Deprivation 2025",income data financial year 2022/23,released
E06000047,imd_score,2025,overall,,0.416,,,,,,,England,"MHCLG, English Indices of Deprivation 2025",income data financial year 2022/23,released
E06000049,imd_score,2025,overall,,0.241,,,,,,,England,"MHCLG, English Indices of Deprivation 2025",income data financial year 2022/23,released
E06000050,imd_score,2025,overall,,0.291,,,,,,,England,"MHCLG, English Indices of Deprivation 2025",income data financial year 2022/23,released
E06000051,imd_score,2025,overall,,0.29,,,,,,,England,"MHCLG, English Indices of Deprivation 2025",income data financial year 2022/23,released
E06000052,imd_score,2025,overall,,0.36,,,,,,,England,"MHCLG, English Indices of Deprivation 2025",income data financial year 2022/23,released
E06000053,imd_score,2025,overall,,0.118,,,,,,,England,"MHCLG, English Indices of Deprivation 2025",income data financial year 2022/23,released
E06000054,imd_score,2025,overall,,0.239,,,,,,,England,"MHCLG, English Indices of Deprivation 2025",income data financial year 2022/23,released
E06000055,imd_score,2025,overall,,0.338,,,,,,,England,"MHCLG, English Indices of Deprivation 2025",income data financial year 2022/23,released
E06000056,imd_score,2025,overall,,0.25,,,,,,,England,"MHCLG, English Indices of Deprivation 2025",income data financial year 2022/23,released
E06000057,imd_score,2025,overall,,0.336,,,,,,,England,"MHCLG, English Indices of Deprivation 2025",income data financial year 2022/23,released
E06000058,imd_score,2025,overall,,0.312,,,,,,,England,"MHCLG, English Indices of Deprivation 2025",income data financial year 2022/23,released
E06000059,imd_score,2025,overall,,0.289,,,,,,,England,"MHCLG, English Indices of Deprivation 2025",income data financial year 2022/23,released
E06000060,imd_score,2025,overall,,0.22,,,,,,,England,"MHCLG, English Indices of Deprivation 2025",income data financial year 2022/23,released
E06000061,imd_score,2025,overall,,0.324,,,,,,,England,"MHCLG, English Indices of Deprivation 2025",income data financial year 2022/23,released
E06000062,imd_score,2025,overall,,0.287,,,,,,,England,"MHCLG, English Indices of Deprivation 2025",income data financial year 2022/23,released
E06000063,imd_score,2025,overall,,0.323,,,,,,,England,"MHCLG, English Indices of Deprivation 2025",income data financial year 2022/23,released
E06000064,imd_score,2025,overall,,0.245,,,,,,,England,"MHCLG, English Indices of Deprivation 2025",income data financial year 2022/23,released
E06000065,imd_score,2025,overall,,0.244,,,,,,,England,"MHCLG, English Indices of Deprivation 2025",income data financial year 2022/23,released
E06000066,imd_score,2025,overall,,0.295,,,,,,,England,"MHCLG, English Indices of Deprivation 2025",income data financial year 2022/23,released
E07000008,imd_score,2025,overall,,0.253,,,,,,,England,"MHCLG, English Indices of Deprivation 2025",income data financial year 2022/23,released
E07000009,imd_score,2025,overall,,0.207,,,,,,,England,"MHCLG, English Indices of Deprivation 2025",income data financial year 2022/23,released
E07000010,imd_score,2025,overall,,0.398,,,,,,,England,"MHCLG, English Indices of Deprivation 2025",income data financial year 2022/23,released
E07000011,imd_score,2025,overall,,0.227,,,,,,,England,"MHCLG, English Indices of Deprivation 2025",income data financial year 2022/23,released
E07000012,imd_score,2025,overall,,0.18,,,,,,,England,"MHCLG, English Indices of Deprivation 2025",income data financial year 2022/23,released
E07000032,imd_score,2025,overall,,0.314,,,,,,,England,"MHCLG, English Indices of Deprivation 2025",income data financial year 2022/23,released
E07000033,imd_score,2025,overall,,0.394,,,,,,,England,"MHCLG, English Indices of Deprivation 2025",income data financial year 2022/23,released
E07000034,imd_score,2025,overall,,0.391,,,,,,,England,"MHCLG, English Indices of Deprivation 2025",income data financial year 2022/23,released
E07000035,imd_score,2025,overall,,0.218,,,,,,,England,"MHCLG, English Indices of Deprivation 2025",income data financial year 2022/23,released
E07000036,imd_score,2025,overall,,0.334,,,,,,,England,"MHCLG, English Indices of Deprivation 2025",income data financial year 2022/23,released
E07000037,imd_score,2025,overall,,0.268,,,,,,,England,"MHCLG, English Indices of Deprivation 2025",income data financial year 2022/23,released
E07000038,imd_score,2025,overall,,0.304,,,,,,,England,"MHCLG, English Indices of Deprivation 2025",income data financial year 2022/23,released
E07000039,imd_score,2025,overall,,0.262,,,,,,,England,"MHCLG, English Indices of Deprivation 2025",income data financial year 2022/23,released
E07000040,imd_score,2025,overall,,0.265,,,,,,,England,"MHCLG, English Indices of Deprivation 2025",income data financial year 2022/23,released
E07000041,imd_score,2025,overall,,0.292,,,,,,,England,"MHCLG, English Indices of Deprivation 2025",income data financial year 2022/23,released
E07000042,imd_score,2025,overall,,0.272,,,,,,,England,"MHCLG, English Indices of Deprivation 2025",income data financial year 2022/23,released
E07000043,imd_score,2025,overall,,0.322,,,,,,,England,"MHCLG, English Indices of Deprivation 2025",income data financial year 2022/23,released
E07000044,imd_score,2025,overall,,0.242,,,,,,,England,"MHCLG, English Indices of Deprivation 2025",income data financial year 2022/23,released
E07000045,imd_score,2025,overall,,0.301,,,,,,,England,"MHCLG, English Indices of Deprivation 2025",income data financial year 2022/23,released
E07000046,imd_score,2025,overall,,0.356,,,,,,,England,"MHCLG, English Indices of Deprivation 2025",income data financial year 2022/23,released
E07000047,imd_score,2025,overall,,0.287,,,,,,,England,"MHCLG, English Indices of Deprivation 2025",income data financial year 2022/23,released
E07000061,imd_score,2025,overall,,0.421,,,,,,,England,"MHCLG, English Indices of Deprivation 2025",income data financial year 2022/23,released
E07000062,imd_score,2025,overall,,0.5,,,,,,,England,"MHCLG, English Indices of Deprivation 2025",income data financial year 2022/23,released
E07000063,imd_score,2025,overall,,0.332,,,,,,,England,"MHCLG, English Indices of Deprivation 2025",income data financial year 2022/23,released
E07000064,imd_score,2025,overall,,0.358,,,,,,,England,"MHCLG, English Indices of Deprivation 2025",income data financial year 2022/23,released
E07000065,imd_score,2025,overall,,0.255,,,,,,,England,"MHCLG, English Indices of Deprivation 2025",income data financial year 2022/23,released
E07000066,imd_score,2025,overall,,0.366,,,,,,,England,"MHCLG, English Indices of Deprivation 2025",income data financial year 2022/23,released
E07000067,imd_score,2025,overall,,0.292,,,,,,,England,"MHCLG, English Indices of Deprivation 2025",income data financial year 2022/23,released
E07000068,imd_score,2025,overall,,0.192,,,,,,,England,"MHCLG, English Indices of Deprivation 2025",income data financial year 2022/23,released
E07000069,imd_score,2025,overall,,0.299,,,,,,,England,"MHCLG, English Indices of Deprivation 2025",income data financial year 2022/23,released
E07000070,imd_score,2025,overall,,0.237,,,,,,,England,"MHCLG, English Indices of Deprivation 2025",income data financial year 2022/23,released
E07000071,imd_score,2025,overall,,0.304,,,,,,,England,"MHCLG, English Indices of Deprivation 2025",income data financial year 2022/23,released
E07000072,imd_score,2025,overall,,0.245,,,,,,,England,"MHCLG, English Indices of Deprivation 2025",income data financial year 2022/23,released
E07000073,imd_score,2025,overall,,0.385,,,,,,,England,"MHCLG, English Indices of Deprivation 2025",income data financial year 2022/23,released
E07000074,imd_score,2025,overall,,0.266,,,,,,,England,"MHCLG, English Indices of Deprivation 2025",income data financial year 2022/23,released
E07000075,imd_score,2025,overall,,0.219,,,,,,,England,"MHCLG, English Indices of Deprivation 2025",income data financial year 2022/23,released
E07000076,imd_score,2025,overall,,0.461,,,,,,,England,"MHCLG, English Indices of Deprivation 2025",income data financial year 2022/23,released
E07000077,imd_score,2025,overall,,0.175,,,,,,,England,"MHCLG, English Indices of Deprivation 2025",income data financial year 2022/23,released
E07000078,imd_score,2025,overall,,0.248,,,,,,,England,"MHCLG, English Indices of Deprivation 2025",income data financial year 2022/23,released
E07000079,imd_score,2025,overall,,0.198,,,,,,,England,"MHCLG, English Indices of Deprivation 2025",income data financial year 2022/23,released
E07000080,imd_score,2025,overall,,0.306,,,,,,,England,"MHCLG, English Indices of Deprivation 2025",income data financial year 2022/23,released
E07000081,imd_score,2025,overall,,0.344,,,,,,,England,"MHCLG, English Indices of Deprivation 2025",income data financial year 2022/23,released
E07000082,imd_score,2025,overall,,0.216,,,,,,,England,"MHCLG, English Indices of Deprivation 2025",income data financial year 2022/23,released
E07000083,imd_score,2025,overall,,0.259,,,,,,,England,"MHCLG, English Indices of Deprivation 2025",income data financial year 2022/23,released
E07000084,imd_score,2025,overall,,0.233,,,,,,,England,"MHCLG, English Indices of Deprivation 2025",income data financial year 2022/23,released
E07000085,imd_score,2025,overall,,0.201,,,,,,,England,"MHCLG, English Indices of Deprivation 2025",income data financial year 2022/23,released
E07000086,imd_score,2025,overall,,0.23,,,,,,,England,"MHCLG, English Indices of Deprivation 2025",income data financial year 2022/23,released
E07000087,imd_score,2025,overall,,0.187,,,,,,,England,"MHCLG, English Indices of Deprivation 2025",income data financial year 2022/23,released
E07000088,imd_score,2025,overall,,0.37,,,,,,,England,"MHCLG, English Indices of Deprivation 2025",income data financial year 2022/23,released
E07000089,imd_score,2025,overall,,0.15,,,,,,,England,"MHCLG, English Indices of Deprivation 2025",income data financial year 2022/23,released
E07000090,imd_score,2025,overall,,0.389,,,,,,,England,"MHCLG, English Indices of Deprivation 2025",income data financial year 2022/23,released
E07000091,imd_score,2025,overall,,0.248,,,,,,,England,"MHCLG, English Indices of Deprivation 2025",income data financial year 2022/23,released
E07000092,imd_score,2025,overall,,0.263,,,,,,,England,"MHCLG, English Indices of Deprivation 2025",income data financial year 2022/23,released
E07000093,imd_score,2025,overall,,0.215,,,,,,,England,"MHCLG, English Indices of Deprivation 2025",income data financial year 2022/23,released
E07000094,imd_score,2025,overall,,0.189,,,,,,,England,"MHCLG, English Indices of Deprivation 2025",income data financial year 2022/23,released
E07000095,imd_score,2025,overall,,0.347,,,,,,,England,"MHCLG, English Indices of Deprivation 2025",income data financial year 2022/23,released
E07000096,imd_score,2025,overall,,0.277,,,,,,,England,"MHCLG, English Indices of Deprivation 2025",income data financial year 2022/23,released
E07000098,imd_score,2025,overall,,0.266,,,,,,,England,"MHCLG, English Indices of Deprivation 2025",income data financial year 2022/23,released
E07000099,imd_score,2025,overall,,0.229,,,,,,,England,"MHCLG, English Indices of Deprivation 2025",income data financial year 2022/23,released
E07000102,imd_score,2025,overall,,0.195,,,,,,,England,"MHCLG, English Indices of Deprivation 2025",income data financial year 2022/23,released
E07000103,imd_score,2025,overall,,0.333,,,,,,,England,"MHCLG, English Indices of Deprivation 2025",income data financial year 2022/23,released
E07000105,imd_score,2025,overall,,0.317,,,,,,,England,"MHCLG, English Indices of Deprivation 2025",income data financial year 2022/23,released
E07000106,imd_score,2025,overall,,0.341,,,,,,,England,"MHCLG, English Indices of Deprivation 2025",income data financial year 2022/23,released
E07000107,imd_score,2025,overall,,0.271,,,,,,,England,"MHCLG, English Indices of Deprivation 2025",income data financial year 2022/23,released
E07000108,imd_score,2025,overall,,0.394,,,,,,,England,"MHCLG, English Indices of Deprivation 2025",income data financial year 2022/23,released
E07000109,imd_score,2025,overall,,0.37,,,,,,,England,"MHCLG, English Indices of Deprivation 2025",income data financial year 2022/23,released
E07000110,imd_score,2025,overall,,0.302,,,,,,,England,"MHCLG, English Indices of Deprivation 2025",income data financial year 2022/23,released
E07000111,imd_score,2025,overall,,0.215,,,,,,,England,"MHCLG, English Indices of Deprivation 2025",income data financial year 2022/23,released
E07000112,imd_score,2025,overall,,0.378,,,,,,,England,"MHCLG, English Indices of Deprivation 2025",income data financial year 2022/23,released
E07000113,imd_score,2025,overall,,0.383,,,,,,,England,"MHCLG, English Indices of Deprivation 2025",income data financial year 2022/23,released
E07000114,imd_score,2025,overall,,0.477,,,,,,,England,"MHCLG, English Indices of Deprivation 2025",income data financial year 2022/23,released
E07000115,imd_score,2025,overall,,0.233,,,,,,,England,"MHCLG, English Indices of Deprivation 2025",income data financial year 2022/23,released
E07000116,imd_score,2025,overall,,0.208,,,,,,,England,"MHCLG, English Indices of Deprivation 2025",income data financial year 2022/23,released
E07000117,imd_score,2025,overall,,0.529,,,,,,,England,"MHCLG, English Indices of Deprivation 2025",income data financial year 2022/23,released
E07000118,imd_score,2025,overall,,0.257,,,,,,,England,"MHCLG, English Indices of Deprivation 2025",income data financial year 2022/23,released
E07000119,imd_score,2025,overall,,0.281,,,,,,,England,"MHCLG, English Indices of Deprivation 2025",income data financial year 2022/23,released
E07000120,imd_score,2025,overall,,0.488,,,,,,,England,"MHCLG, English Indices of Deprivation 2025",income data financial year 2022/23,released
E07000121,imd_score,2025,overall,,0.345,,,,,,,England,"MHCLG, English Indices of Deprivation 2025",income data financial year 2022/23,released
E07000122,imd_score,2025,overall,,0.499,,,,,,,England,"MHCLG, English Indices of Deprivation 2025",income data financial year 2022/23,released
E07000123,imd_score,2025,overall,,0.425,,,,,,,England,"MHCLG, English Indices of Deprivation 2025",income data financial year 2022/23,released
E07000124,imd_score,2025,overall,,0.172,,,,,,,England,"MHCLG, English Indices of Deprivation 2025",income data financial year 2022/23,released
E07000125,imd_score,2025,overall,,0.351,,,,,,,England,"MHCLG, English Indices of Deprivation 2025",income data financial year 2022/23,released
E07000126,imd_score,2025,overall,,0.259,,,,,,,England,"MHCLG, English Indices of Deprivation 2025",income data financial year 2022/23,released
E07000127,imd_score,2025,overall,,0.318,,,,,,,England,"MHCLG, English Indices of Deprivation 2025",income data financial year 2022/23,released
E07000128,imd_score,2025,overall,,0.324,,,,,,,England,"MHCLG, English Indices of Deprivation 2025",income data financial year 2022/23,released
E07000129,imd_score,2025,overall,,0.219,,,,,,,England,"MHCLG, English Indices of Deprivation 2025",income data financial year 2022/23,released
E07000130,imd_score,2025,overall,,0.277,,,,,,,England,"MHCLG, English Indices of Deprivation 2025",income data financial year 2022/23,released
E07000131,imd_score,2025,overall,,0.186,,,,,,,England,"MHCLG, English Indices of Deprivation 2025",income data financial year 2022/23,released
E07000132,imd_score,2025,overall,,0.261,,,,,,,England,"MHCLG, English Indices of Deprivation 2025",income data financial year 2022/23,released
E07000133,imd_score,2025,overall,,0.289,,,,,,,England,"MHCLG, English Indices of Deprivation 2025",income data financial year 2022/23,released
E07000134,imd_score,2025,overall,,0.269,,,,,,,England,"MHCLG, English Indices of Deprivation 2025",income data financial year 2022/23,released
E07000135,imd_score,2025,overall,,0.281,,,,,,,England,"MHCLG, English Indices of Deprivation 2025",income data financial year 2022/23,released
E07000136,imd_score,2025,overall,,0.43,,,,,,,England,"MHCLG, English Indices of Deprivation 2025",income data financial year 2022/23,released
E07000137,imd_score,2025,overall,,0.449,,,,,,,England,"MHCLG, English Indices of Deprivation 2025",income data financial year 2022/23,released
E07000138,imd_score,2025,overall,,0.432,,,,,,,England,"MHCLG, English Indices of Deprivation 2025",income data financial year 2022/23,released
E07000139,imd_score,2025,overall,,0.241,,,,,,,England,"MHCLG, English Indices of Deprivation 2025",income data financial year 2022/23,released
E07000140,imd_score,2025,overall,,0.348,,,,,,,England,"MHCLG, English Indices of Deprivation 2025",income data financial year 2022/23,released
E07000141,imd_score,2025,overall,,0.284,,,,,,,England,"MHCLG, English Indices of Deprivation 2025",income data financial year 2022/23,released
E07000142,imd_score,2025,overall,,0.328,,,,,,,England,"MHCLG, English Indices of Deprivation 2025",income data financial year 2022/23,released
E07000143,imd_score,2025,overall,,0.332,,,,,,,England,"MHCLG, English Indices of Deprivation 2025",income data financial year 2022/23,released
E07000144,imd_score,2025,overall,,0.221,,,,,,,England,"MHCLG, English Indices of Deprivation 2025",income data financial year 2022/23,released
E07000145,imd_score,2025,overall,,0.497,,,,,,,England,"MHCLG, English Indices of Deprivation 2025",income data financial year 2022/23,released
E07000146,imd_score,2025,overall,,0.332,,,,,,,England,"MHCLG, English Indices of Deprivation 2025",income data financial year 2022/23,released
E07000147,imd_score,2025,overall,,0.355,,,,,,,England,"MHCLG, English Indices of Deprivation 2025",income data financial year 2022/23,released
E07000148,imd_score,2025,overall,,0.458,,,,,,,England,"MHCLG, English Indices of Deprivation 2025",income data financial year 2022/23,released
E07000149,imd_score,2025,overall,,0.217,,,,,,,England,"MHCLG, English Indices of Deprivation 2025",income data financial year 2022/23,released
E07000170,imd_score,2025,overall,,0.419,,,,,,,England,"MHCLG, English Indices of Deprivation 2025",income data financial year 2022/23,released
E07000171,imd_score,2025,overall,,0.365,,,,,,,England,"MHCLG, English Indices of Deprivation 2025",income data financial year 2022/23,released
E07000172,imd_score,2025,overall,,0.269,,,,,,,England,"MHCLG, English Indices of Deprivation 2025",income data financial year 2022/23,released
E07000173,imd_score,2025,overall,,0.289,,,,,,,England,"MHCLG, English Indices of Deprivation 2025",income data financial year 2022/23,released
E07000174,imd_score,2025,overall,,0.406,,,,,,,England,"MHCLG, English Indices of Deprivation 2025",income data financial year 2022/23,released
E07000175,imd_score,2025,overall,,0.337,,,,,,,England,"MHCLG, English Indices of Deprivation 2025",income data financial year 2022/23,released
E07000176,imd_score,2025,overall,,0.157,,,,,,,England,"MHCLG, English Indices of Deprivation 2025",income data financial year 2022/23,released
E07000177,imd_score,2025,overall,,0.237,,,,,,,England,"MHCLG, English Indices of Deprivation 2025",income data financial year 2022/23,released
E07000178,imd_score,2025,overall,,0.299,,,,,,,England,"MHCLG, English Indices of Deprivation 2025",income data financial year 2022/23,released
E07000179,imd_score,2025,overall,,0.173,,,,,,,England,"MHCLG, English Indices of Deprivation 2025",income data financial year 2022/23,released
E07000180,imd_score,2025,overall,,0.212,,,,,,,England,"MHCLG, English Indices of Deprivation 2025",income data financial year 2022/23,released
E07000181,imd_score,2025,overall,,0.202,,,,,,,England,"MHCLG, English Indices of Deprivation 2025",income data financial year 2022/23,released
E07000192,imd_score,2025,overall,,0.357,,,,,,,England,"MHCLG, English Indices of Deprivation 2025",income data financial year 2022/23,released
E07000193,imd_score,2025,overall,,0.354,,,,,,,England,"MHCLG, English Indices of Deprivation 2025",income data financial year 2022/23,released
E07000194,imd_score,2025,overall,,0.251,,,,,,,England,"MHCLG, English Indices of Deprivation 2025",income data financial year 2022/23,released
E07000195,imd_score,2025,overall,,0.324,,,,,,,England,"MHCLG, English Indices of Deprivation 2025",income data financial year 2022/23,released
E07000196,imd_score,2025,overall,,0.269,,,,,,,England,"MHCLG, English Indices of Deprivation 2025",income data financial year 2022/23,released
E07000197,imd_score,2025,overall,,0.264,,,,,,,England,"MHCLG, English Indices of Deprivation 2025",income data financial year 2022/23,released
E07000198,imd_score,2025,overall,,0.238,,,,,,,England,"MHCLG, English Indices of Deprivation 2025",income data financial year 2022/23,released
E07000199,imd_score,2025,overall,,0.365,,,,,,,England,"MHCLG, English Indices of Deprivation 2025",income data financial year 2022/23,released
E07000200,imd_score,2025,overall,,0.278,,,,,,,England,"MHCLG, English Indices of Deprivation 2025",income data financial year 2022/23,released
E07000202,imd_score,2025,overall,,0.419,,,,,,,England,"MHCLG, English Indices of Deprivation 2025",income data financial year 2022/23,released
E07000203,imd_score,2025,overall,,0.229,,,,,,,England,"MHCLG, English Indices of Deprivation 2025",income data financial year 2022/23,released
E07000207,imd_score,2025,overall,,0.157,,,,,,,England,"MHCLG, English Indices of Deprivation 2025",income data financial year 2022/23,released
E07000208,imd_score,2025,overall,,0.169,,,,,,,England,"MHCLG, English Indices of Deprivation 2025",income data financial year 2022/23,released
E07000209,imd_score,2025,overall,,0.188,,,,,,,England,"MHCLG, English Indices of Deprivation 2025",income data financial year 2022/23,released
E07000210,imd_score,2025,overall,,0.175,,,,,,,England,"MHCLG, English Indices of Deprivation 2025",income data financial year 2022/23,released
E07000211,imd_score,2025,overall,,0.196,,,,,,,England,"MHCLG, English Indices of Deprivation 2025",income data financial year 2022/23,released
E07000212,imd_score,2025,overall,,0.248,,,,,,,England,"MHCLG, English Indices of Deprivation 2025",income data financial year 2022/23,released
E07000213,imd_score,2025,overall,,0.28,,,,,,,England,"MHCLG, English Indices of Deprivation 2025",income data financial year 2022/23,released
E07000214,imd_score,2025,overall,,0.188,,,,,,,England,"MHCLG, English Indices of Deprivation 2025",income data financial year 2022/23,released
E07000215,imd_score,2025,overall,,0.202,,,,,,,England,"MHCLG, English Indices of Deprivation 2025",income data financial year 2022/23,released
E07000216,imd_score,2025,overall,,0.144,,,,,,,England,"MHCLG, English Indices of Deprivation 2025",income data financial year 2022/23,released
E07000217,imd_score,2025,overall,,0.239,,,,,,,England,"MHCLG, English Indices of Deprivation 2025",income data financial year 2022/23,released
E07000218,imd_score,2025,overall,,0.316,,,,,,,England,"MHCLG, English Indices of Deprivation 2025",income data financial year 2022/23,released
E07000219,imd_score,2025,overall,,0.387,,,,,,,England,"MHCLG, English Indices of Deprivation 2025",income data financial year 2022/23,released
E07000220,imd_score,2025,overall,,0.252,,,,,,,England,"MHCLG, English Indices of Deprivation 2025",income data financial year 2022/23,released
E07000221,imd_score,2025,overall,,0.237,,,,,,,England,"MHCLG, English Indices of Deprivation 2025",income data financial year 2022/23,released
E07000222,imd_score,2025,overall,,0.21,,,,,,,England,"MHCLG, English Indices of Deprivation 2025",income data financial year 2022/23,released
E07000223,imd_score,2025,overall,,0.282,,,,,,,England,"MHCLG, English Indices of Deprivation 2025",income data financial year 2022/23,released
E07000224,imd_score,2025,overall,,0.348,,,,,,,England,"MHCLG, English Indices of Deprivation 2025",income data financial year 2022/23,released
E07000225,imd_score,2025,overall,,0.294,,,,,,,England,"MHCLG, English Indices of Deprivation 2025",income data financial year 2022/23,released
E07000226,imd_score,2025,overall,,0.392,,,,,,,England,"MHCLG, English Indices of Deprivation 2025",income data financial year 2022/23,released
E07000227,imd_score,2025,overall,,0.195,,,,,,,England,"MHCLG, English Indices of Deprivation 2025",income data financial year 2022/23,released
E07000228,imd_score,2025,overall,,0.188,,,,,,,England,"MHCLG, English Indices of Deprivation 2025",income data financial year 2022/23,released
E07000229,imd_score,2025,overall,,0.298,,,,,,,England,"MHCLG, English Indices of Deprivation 2025",income data financial year 2022/23,released
E07000234,imd_score,2025,overall,,0.202,,,,,,,England,"MHCLG, English Indices of Deprivation 2025",income data financial year 2022/23,released
E07000235,imd_score,2025,overall,,0.283,,,,,,,England,"MHCLG, English Indices of Deprivation 2025",income data financial year 2022/23,released
E07000236,imd_score,2025,overall,,0.362,,,,,,,England,"MHCLG, English Indices of Deprivation 2025",income data financial year 2022/23,released
E07000237,imd_score,2025,overall,,0.356,,,,,,,England,"MHCLG, English Indices of Deprivation 2025",income data financial year 2022/23,released
E07000238,imd_score,2025,overall,,0.293,,,,,,,England,"MHCLG, English Indices of Deprivation 2025",income data financial year 2022/23,released
E07000239,imd_score,2025,overall,,0.384,,,,,,,England,"MHCLG, English Indices of Deprivation 2025",income data financial year 2022/23,released
E07000240,imd_score,2025,overall,,0.173,,,,,,,England,"MHCLG, English Indices of Deprivation 2025",income data financial year 2022/23,released
E07000241,imd_score,2025,overall,,0.295,,,,,,,England,"MHCLG, English Indices of Deprivation 2025",income data financial year 2022/23,released
E07000242,imd_score,2025,overall,,0.192,,,,,,,England,"MHCLG, English Indices of Deprivation 2025",income data financial year 2022/23,released
E07000243,imd_score,2025,overall,,0.352,,,,,,,England,"MHCLG, English Indices of Deprivation 2025",income data financial year 2022/23,released
E07000244,imd_score,2025,overall,,0.333,,,,,,,England,"MHCLG, English Indices of Deprivation 2025",income data financial year 2022/23,released
E07000245,imd_score,2025,overall,,0.257,,,,,,,England,"MHCLG, English Indices of Deprivation 2025",income data financial year 2022/23,released
E08000001,imd_score,2025,overall,,0.481,,,,,,,England,"MHCLG, English Indices of Deprivation 2025",income data financial year 2022/23,released
E08000002,imd_score,2025,overall,,0.384,,,,,,,England,"MHCLG, English Indices of Deprivation 2025",income data financial year 2022/23,released
E08000003,imd_score,2025,overall,,0.575,,,,,,,England,"MHCLG, English Indices of Deprivation 2025",income data financial year 2022/23,released
E08000004,imd_score,2025,overall,,0.532,,,,,,,England,"MHCLG, English Indices of Deprivation 2025",income data financial year 2022/23,released
E08000005,imd_score,2025,overall,,0.493,,,,,,,England,"MHCLG, English Indices of Deprivation 2025",income data financial year 2022/23,released
E08000006,imd_score,2025,overall,,0.497,,,,,,,England,"MHCLG, English Indices of Deprivation 2025",income data financial year 2022/23,released
E08000007,imd_score,2025,overall,,0.273,,,,,,,England,"MHCLG, English Indices of Deprivation 2025",income data financial year 2022/23,released
E08000008,imd_score,2025,overall,,0.446,,,,,,,England,"MHCLG, English Indices of Deprivation 2025",income data financial year 2022/23,released
E08000009,imd_score,2025,overall,,0.219,,,,,,,England,"MHCLG, English Indices of Deprivation 2025",income data financial year 2022/23,released
E08000010,imd_score,2025,overall,,0.358,,,,,,,England,"MHCLG, English Indices of Deprivation 2025",income data financial year 2022/23,released
E08000011,imd_score,2025,overall,,0.479,,,,,,,England,"MHCLG, English Indices of Deprivation 2025",income data financial year 2022/23,released
E08000012,imd_score,2025,overall,,0.533,,,,,,,England,"MHCLG, English Indices of Deprivation 2025",income data financial year 2022/23,released
E08000013,imd_score,2025,overall,,0.416,,,,,,,England,"MHCLG, English Indices of Deprivation 2025",income data financial year 2022/23,released
E08000014,imd_score,2025,overall,,0.375,,,,,,,England,"MHCLG, English Indices of Deprivation 2025",income data financial year 2022/23,released
E08000015,imd_score,2025,overall,,0.395,,,,,,,England,"MHCLG, English Indices of Deprivation 2025",income data financial year 2022/23,released
E08000016,imd_score,2025,overall,,0.435,,,,,,,England,"MHCLG, English Indices of Deprivation 2025",income data financial year 2022/23,released
E08000017,imd_score,2025,overall,,0.471,,,,,,,England,"MHCLG, English Indices of Deprivation 2025",income data financial year 2022/23,released
E08000018,imd_score,2025,overall,,0.456,,,,,,,England,"MHCLG, English Indices of Deprivation 2025",income data financial year 2022/23,released
E08000019,imd_score,2025,overall,,0.461,,,,,,,England,"MHCLG, English Indices of Deprivation 2025",income data financial year 2022/23,released
E08000021,imd_score,2025,overall,,0.445,,,,,,,England,"MHCLG, English Indices of Deprivation 2025",income data financial year 2022/23,released
E08000022,imd_score,2025,overall,,0.313,,,,,,,England,"MHCLG, English Indices of Deprivation 2025",income data financial year 2022/23,released
E08000023,imd_score,2025,overall,,0.447,,,,,,,England,"MHCLG, English Indices of Deprivation 2025",income data financial year 2022/23,released
E08000024,imd_score,2025,overall,,0.437,,,,,,,England,"MHCLG, English Indices of Deprivation 2025",income data financial year 2022/23,released
E08000025,imd_score,2025,overall,,0.617,,,,,,,England,"MHCLG, English Indices of Deprivation 2025",income data financial year 2022/23,released
E08000026,imd_score,2025,overall,,0.478,,,,,,,England,"MHCLG, English Indices of Deprivation 2025",income data financial year 2022/23,released
E08000027,imd_score,2025,overall,,0.432,,,,,,,England,"MHCLG, English Indices of Deprivation 2025",income data financial year 2022/23,released
E08000028,imd_score,2025,overall,,0.544,,,,,,,England,"MHCLG, English Indices of Deprivation 2025",income data financial year 2022/23,released
E08000029,imd_score,2025,overall,,0.302,,,,,,,England,"MHCLG, English Indices of Deprivation 2025",income data financial year 2022/23,released
E08000030,imd_score,2025,overall,,0.546,,,,,,,England,"MHCLG, English Indices of Deprivation 2025",income data financial year 2022/23,released
E08000031,imd_score,2025,overall,,0.528,,,,,,,England,"MHCLG, English Indices of Deprivation 2025",income data financial year 2022/23,released
E08000032,imd_score,2025,overall,,0.516,,,,,,,England,"MHCLG, English Indices of Deprivation 2025",income data financial year 2022/23,released
E08000033,imd_score,2025,overall,,0.401,,,,,,,England,"MHCLG, English Indices of Deprivation 2025",income data financial year 2022/23,released
E08000034,imd_score,2025,overall,,0.412,,,,,,,England,"MHCLG, English Indices of Deprivation 2025",income data financial year 2022/23,released
E08000035,imd_score,2025,overall,,0.402,,,,,,,England,"MHCLG, English Indices of Deprivation 2025",income data financial year 2022/23,released
E08000036,imd_score,2025,overall,,0.397,,,,,,,England,"MHCLG, English Indices of Deprivation 2025",income data financial year 2022/23,released
E08000037,imd_score,2025,overall,,0.422,,,,,,,England,"MHCLG, English Indices of Deprivation 2025",income data financial year 2022/23,released
E09000001,imd_score,2025,overall,,0.202,,,,,,,England,"MHCLG, English Indices of Deprivation 2025",income data financial year 2022/23,released
E09000002,imd_score,2025,overall,,0.518,,,,,,,England,"MHCLG, English Indices of Deprivation 2025",income data financial year 2022/23,released
E09000003,imd_score,2025,overall,,0.374,,,,,,,England,"MHCLG, English Indices of Deprivation 2025",income data financial year 2022/23,released
E09000004,imd_score,2025,overall,,0.285,,,,,,,England,"MHCLG, English Indices of Deprivation 2025",income data financial year 2022/23,released
E09000005,imd_score,2025,overall,,0.585,,,,,,,England,"MHCLG, English Indices of Deprivation 2025",income data financial year 2022/23,released
E09000006,imd_score,2025,overall,,0.223,,,,,,,England,"MHCLG, English Indices of Deprivation 2025",income data financial year 2022/23,released
E09000007,imd_score,2025,overall,,0.428,,,,,,,England,"MHCLG, English Indices of Deprivation 2025",income data financial year 2022/23,released
E09000008,imd_score,2025,overall,,0.418,,,,,,,England,"MHCLG, English Indices of Deprivation 2025",income data financial year 2022/23,released
E09000009,imd_score,2025,overall,,0.488,,,,,,,England,"MHCLG, English Indices of Deprivation 2025",income data financial year 2022/23,released
E09000010,imd_score,2025,overall,,0.555,,,,,,,England,"MHCLG, English Indices of Deprivation 2025",income data financial year 2022/23,released
E09000011,imd_score,2025,overall,,0.414,,,,,,,England,"MHCLG, English Indices of Deprivation 2025",income data financial year 2022/23,released
E09000012,imd_score,2025,overall,,0.641,,,,,,,England,"MHCLG, English Indices of Deprivation 2025",income data financial year 2022/23,released
E09000013,imd_score,2025,overall,,0.368,,,,,,,England,"MHCLG, English Indices of Deprivation 2025",income data financial year 2022/23,released
E09000014,imd_score,2025,overall,,0.522,,,,,,,England,"MHCLG, English Indices of Deprivation 2025",income data financial year 2022/23,released
E09000015,imd_score,2025,overall,,0.412,,,,,,,England,"MHCLG, English Indices of Deprivation 2025",income data financial year 2022/23,released
E09000016,imd_score,2025,overall,,0.318,,,,,,,England,"MHCLG, English Indices of Deprivation 2025",income data financial year 2022/23,released
E09000017,imd_score,2025,overall,,0.396,,,,,,,England,"MHCLG, English Indices of Deprivation 2025",income data financial year 2022/23,released
E09000018,imd_score,2025,overall,,0.432,,,,,,,England,"MHCLG, English Indices of Deprivation 2025",income data financial year 2022/23,released
E09000019,imd_score,2025,overall,,0.53,,,,,,,England,"MHCLG, English Indices of Deprivation 2025",income data financial year 2022/23,released
E09000020,imd_score,2025,overall,,0.26,,,,,,,England,"MHCLG, English Indices of Deprivation 2025",income data financial year 2022/23,released
E09000021,imd_score,2025,overall,,0.236,,,,,,,England,"MHCLG, English Indices of Deprivation 2025",income data financial year 2022/23,released
E09000022,imd_score,2025,overall,,0.437,,,,,,,England,"MHCLG, English Indices of Deprivation 2025",income data financial year 2022/23,released
E09000023,imd_score,2025,overall,,0.418,,,,,,,England,"MHCLG, English Indices of Deprivation 2025",income data financial year 2022/23,released
E09000024,imd_score,2025,overall,,0.291,,,,,,,England,"MHCLG, English Indices of Deprivation 2025",income data financial year 2022/23,released
E09000025,imd_score,2025,overall,,0.597,,,,,,,England,"MHCLG, English Indices of Deprivation 2025",income data financial year 2022/23,released
E09000026,imd_score,2025,overall,,0.399,,,,,,,England,"MHCLG, English Indices of Deprivation 2025",income data financial year 2022/23,released
E09000027,imd_score,2025,overall,,0.155,,,,,,,England,"MHCLG, English Indices of Deprivation 2025",income data financial year 2022/23,released
E09000028,imd_score,2025,overall,,0.432,,,,,,,England,"MHCLG, English Indices of Deprivation 2025",income data financial year 2022/23,released
E09000029,imd_score,2025,overall,,0.258,,,,,,,England,"MHCLG, English Indices of Deprivation 2025",income data financial year 2022/23,released
E09000030,imd_score,2025,overall,,0.713,,,,,,,England,"MHCLG, English Indices of Deprivation 2025",income data financial year 2022/23,released
E09000031,imd_score,2025,overall,,0.439,,,,,,,England,"MHCLG, English Indices of Deprivation 2025",income data financial year 2022/23,released
E09000032,imd_score,2025,overall,,0.35,,,,,,,England,"MHCLG, English Indices of Deprivation 2025",income data financial year 2022/23,released
E09000033,imd_score,2025,overall,,0.435,,,,,,,England,"MHCLG, English Indices of Deprivation 2025",income data financial year 2022/23,released
W06000001,imd_score,2019,overall,,0.23,,,,,,,Wales,"Welsh Government, Welsh Index of Multiple Deprivation 2019",income data financial year 2016/17,released
W06000002,imd_score,2019,overall,,0.19,,,,,,,Wales,"Welsh Government, Welsh Index of Multiple Deprivation 2019",income data financial year 2016/17,released
W06000003,imd_score,2019,overall,,0.22,,,,,,,Wales,"Welsh Government, Welsh Index of Multiple Deprivation 2019",income data financial year 2016/17,released
W06000004,imd_score,2019,overall,,0.25,,,,,,,Wales,"Welsh Government, Welsh Index of Multiple Deprivation 2019",income data financial year 2016/17,released
W06000005,imd_score,2019,overall,,0.19,,,,,,,Wales,"Welsh Government, Welsh Index of Multiple Deprivation 2019",income data financial year 2016/17,released
W06000006,imd_score,2019,overall,,0.22,,,,,,,Wales,"Welsh Government, Welsh Index of Multiple Deprivation 2019",income data financial year 2016/17,released
W06000008,imd_score,2019,overall,,0.19,,,,,,,Wales,"Welsh Government, Welsh Index of Multiple Deprivation 2019",income data financial year 2016/17,released
W06000009,imd_score,2019,overall,,0.23,,,,,,,Wales,"Welsh Government, Welsh Index of Multiple Deprivation 2019",income data financial year 2016/17,released
W06000010,imd_score,2019,overall,,0.23,,,,,,,Wales,"Welsh Government, Welsh Index of Multiple Deprivation 2019",income data financial year 2016/17,released
W06000011,imd_score,2019,overall,,0.26,,,,,,,Wales,"Welsh Government, Welsh Index of Multiple Deprivation 2019",income data financial year 2016/17,released
W06000012,imd_score,2019,overall,,0.29,,,,,,,Wales,"Welsh Government, Welsh Index of Multiple Deprivation 2019",income data financial year 2016/17,released
W06000013,imd_score,2019,overall,,0.26,,,,,,,Wales,"Welsh Government, Welsh Index of Multiple Deprivation 2019",income data financial year 2016/17,released
W06000014,imd_score,2019,overall,,0.19,,,,,,,Wales,"Welsh Government, Welsh Index of Multiple Deprivation 2019",income data financial year 2016/17,released
W06000015,imd_score,2019,overall,,0.28,,,,,,,Wales,"Welsh Government, Welsh Index of Multiple Deprivation 2019",income data financial year 2016/17,released
W06000016,imd_score,2019,overall,,0.28,,,,,,,Wales,"Welsh Government, Welsh Index of Multiple Deprivation 2019",income data financial year 2016/17,released
W06000018,imd_score,2019,overall,,0.26,,,,,,,Wales,"Welsh Government, Welsh Index of Multiple Deprivation 2019",income data financial year 2016/17,released
W06000019,imd_score,2019,overall,,0.33,,,,,,,Wales,"Welsh Government, Welsh Index of Multiple Deprivation 2019",income data financial year 2016/17,released
W06000020,imd_score,2019,overall,,0.27,,,,,,,Wales,"Welsh Government, Welsh Index of Multiple Deprivation 2019",income data financial year 2016/17,released
W06000021,imd_score,2019,overall,,0.15,,,,,,,Wales,"Welsh Government, Welsh Index of Multiple Deprivation 2019",income data financial year 2016/17,released
W06000022,imd_score,2019,overall,,0.28,,,,,,,Wales,"Welsh Government, Welsh Index of Multiple Deprivation 2019",income data financial year 2016/17,released
W06000023,imd_score,2019,overall,,0.15,,,,,,,Wales,"Welsh Government, Welsh Index of Multiple Deprivation 2019",income data financial year 2016/17,released
W06000024,imd_score,2019,overall,,0.3,,,,,,,Wales,"Welsh Government, Welsh Index of Multiple Deprivation 2019",income data financial year 2016/17,released
E06000001,lac_count,2025,by_ethnicity,Asian,8,,,,,,,,"DfE, Children looked after in England including adoptions",year ending 31 March 2025,released
E06000001,lac_count,2025,by_ethnicity,Black,,,,,,,,,"DfE, Children looked after in England including adoptions",year ending 31 March 2025,source_suppressed
E06000001,lac_count,2025,by_ethnicity,Mixed,,,,,,,,,"DfE, Children looked after in England including adoptions",year ending 31 March 2025,source_suppressed
E06000001,lac_count,2025,overall,,332,,,,,,,,"DfE, Children looked after in England including adoptions",year ending 31 March 2025,released
E06000001,lac_count,2025,by_ethnicity,Other,9,,,,,,,,"DfE, Children looked after in England including adoptions",year ending 31 March 2025,released
E06000001,lac_count,2025,by_ethnicity,White,297,,,,,,,,"DfE, Children looked after in England including adoptions",year ending 31 March 2025,released
E06000002,lac_count,2025,by_ethnicity,Asian,14,,,,,,,,"DfE, Children looked after in England including adoptions",year ending 31 March 2025,released
E06000002,lac_count,2025,by_ethnicity,Black,16,,,,,,,,"DfE, Children looked after in England including adoptions",year ending 31 March 2025,released
E06000002,lac_count,2025,by_ethnicity,Mixed,41,,,,,,,,"DfE, Children looked after in England including adoptions",year ending 31 March 2025,released
E06000002,lac_count,2025,overall,,493,,,,,,,,"DfE, Children looked after in England including adoptions",year ending 31 March 2025,released
E06000002,lac_count,2025,by_ethnicity,Other,14,,,,,,,,"DfE, Children looked after in England including adoptions",year ending 31 March 2025,released
E06000002,lac_count,2025,by_ethnicity,White,408,,,,,,,,"DfE, Children looked after in England including adoptions",year ending 31 March 2025,released
E06000003,lac_count,2025,by_ethnicity,Asian,,,,,,,,,"DfE, Children looked after in England including adoptions",year ending 31 March 2025,source_suppressed
E06000003,lac_count,2025,by_ethnicity,Black,,,,,,,,,"DfE, Children looked after in England including adoptions",year ending 31 March 2025,suppressed
E06000003,lac_count,2025,by_ethnicity,Mixed,10,,,,,,,,"DfE, Children looked after in England including adoptions",year ending 31 March 2025,released
E06000003,lac_count,2025,overall,,397,,,,,,,,"DfE, Children looked after in England including adoptions",year ending 31 March 2025,released
E06000003,lac_count,2025,by_ethnicity,Other,14,,,,,,,,"DfE, Children looked after in England including adoptions",year ending 31 March 2025,released
E06000003,lac_count,2025,by_ethnicity,White,356,,,,,,,,"DfE, Children looked after in England including adoptions",year ending 31 March 2025,released
E06000004,lac_count,2025,by_ethnicity,Asian,15,,,,,,,,"DfE, Children looked after in England including adoptions",year ending 31 March 2025,released
E06000004,lac_count,2025,by_ethnicity,Black,17,,,,,,,,"DfE, Children looked after in England including adoptions",year ending 31 March 2025,released
E06000004,lac_count,2025,by_ethnicity,Mixed,45,,,,,,,,"DfE, Children looked after in England including adoptions",year ending 31 March 2025,released
E06000004,lac_count,2025,overall,,564,,,,,,,,"DfE, Children looked after in England including adoptions",year ending 31 March 2025,released
E06000004,lac_count,2025,by_ethnicity,Other,6,,,,,,,,"DfE, Children looked after in England including adoptions",year ending 31 March 2025,released
E06000004,lac_count,2025,by_ethnicity,White,481,,,,,,,,"DfE, Children looked after in England including adoptions",year ending 31 March 2025,released
E06000005,lac_count,2025,by_ethnicity,Asian,,,,,,,,,"DfE, Children looked after in England including adoptions",year ending 31 March 2025,suppressed
E06000005,lac_count,2025,by_ethnicity,Black,,,,,,,,,"DfE, Children looked after in England including adoptions",year ending 31 March 2025,source_suppressed
E06000005,lac_count,2025,by_ethnicity,Mixed,8,,,,,,,,"DfE, Children looked after in England including adoptions",year ending 31 March 2025,released
E06000005,lac_count,2025,overall,,266,,,,,,,,"DfE, Children looked after in England including adoptions",year ending 31 March 2025,released
E06000005,lac_count,2025,by_ethnicity,Other,10,,,,,,,,"DfE, Children looked after in England including adoptions",year ending 31 March 2025,released
E06000005,lac_count,2025,by_ethnicity,White,230,,,,,,,,"DfE, Children looked after in England including adoptions",year ending 31 March 2025,released
E06000006,lac_count,2025,by_ethnicity,Asian,,,,,,,,,"DfE, Children looked after in England including adoptions",year ending 31 March 2025,source_suppressed
E06000006,lac_count,2025,by_ethnicity,Black,14,,,,,,,,"DfE, Children looked after in England including adoptions",year ending 31 March 2025,released
E06000006,lac_count,2025,by_ethnicity,Mixed,,,,,,,,,"DfE, Children looked after in England including adoptions",year ending 31 March 2025,source_suppressed
E06000006,lac_count,2025,overall,,367,,,,,,,,"DfE, Children looked after in England including adoptions",year ending 31 March 2025,released
E06000006,lac_count,2025,by_ethnicity,Other,6,,,,,,,,"DfE, Children looked after in England including adoptions",year ending 31 March 2025,released
E06000006,lac_count,2025,by_ethnicity,White,340,,,,,,,,"DfE, Children looked after in England including adoptions",year ending 31 March 2025,released
E06000007,lac_count,2025,by_ethnicity,Asian,19,,,,,,,,"DfE, Children looked after in England including adoptions",year ending 31 March 2025,released
E06000007,lac_count,2025,by_ethnicity,Black,10,,,,,,,,"DfE, Children looked after in England including adoptions",year ending 31 March 2025,released
E06000007,lac_count,2025,by_ethnicity,Mixed,9,,,,,,,,"DfE, Children looked after in England including adoptions",year ending 31 March 2025,released
E06000007,lac_count,2025,overall,,310,,,,,,,,"DfE, Children looked after in England including adoptions",year ending 31 March 2025,released
E06000007,lac_count,2025,by_ethnicity,Other,9,,,,,,,,"DfE, Children looked after in England including adoptions",year ending 31 March 2025,released
E06000007,lac_count,2025,by_ethnicity,White,257,,,,,,,,"DfE, Children looked after in England including adoptions",year ending 31 March 2025,released
E06000008,lac_count,2025,by_ethnicity,Asian,42,,,,,,,,"DfE, Children looked after in England including adoptions",year ending 31 March 2025,released
E06000008,lac_count,2025,by_ethnicity,Black,,,,,,,,,"DfE, Children looked after in England including adoptions",year ending 31 March 2025,source_suppressed
E06000008,lac_count,2025,by_ethnicity,Mixed,23,,,,,,,,"DfE, Children looked after in England including adoptions",year ending 31 March 2025,released
E06000008,lac_count,2025,overall,,375,,,,,,,,"DfE, Children looked after in England including adoptions",year ending 31 March 2025,released
E06000008,lac_count,2025,by_ethnicity,Other,,,,,,,,,"DfE, Children looked after in England including adoptions",year ending 31 March 2025,suppressed
E06000008,lac_count,2025,by_ethnicity,White,285,,,,,,,,"DfE, Children looked after in England including adoptions",year ending 31 March 2025,released
E06000009,lac_count,2025,by_ethnicity,Asian,,,,,,,,,"DfE, Children looked after in England including adoptions",year ending 31 March 2025,source_suppressed
E06000009,lac_count,2025,by_ethnicity,Black,,,,,,,,,"DfE, Children looked after in England including adoptions",year ending 31 March 2025,source_suppressed
E06000009,lac_count,2025,by_ethnicity,Mixed,30,,,,,,,,"DfE, Children looked after in England including adoptions",year ending 31 March 2025,released
E06000009,lac_count,2025,overall,,531,,,,,,,,"DfE, Children looked after in England including adoptions",year ending 31 March 2025,released
E06000009,lac_count,2025,by_ethnicity,Other,8,,,,,,,,"DfE, Children looked after in England including adoptions",year ending 31 March 2025,released
E06000009,lac_count,2025,by_ethnicity,White,485,,,,,,,,"DfE, Children looked after in England including adoptions",year ending 31 March 2025,released
E06000010,lac_count,2025,by_ethnicity,Asian,10,,,,,,,,"DfE, Children looked after in England including adoptions",year ending 31 March 2025,released
E06000010,lac_count,2025,by_ethnicity,Black,26,,,,,,,,"DfE, Children looked after in England including adoptions",year ending 31 March 2025,released
E06000010,lac_count,2025,by_ethnicity,Mixed,23,,,,,,,,"DfE, Children looked after in England including adoptions",year ending 31 March 2025,released
E06000010,lac_count,2025,overall,,742,,,,,,,,"DfE, Children looked after in England including adoptions",year ending 31 March 2025,released
E06000010,lac_count,2025,by_ethnicity,Other,29,,,,,,,,"DfE, Children looked after in England including adoptions",year ending 31 March 2025,released
E06000010,lac_count,2025,by_ethnicity,White,642,,,,,,,,"DfE, Children looked after in England including adoptions",year ending 31 March 2025,released
E06000011,lac_count,2025,by_ethnicity,Asian,,,,,,,,,"DfE, Children looked after in England including adoptions",year ending 31 March 2025,suppressed
E06000011,lac_count,2025,by_ethnicity,Black,,,,,,,,,"DfE, Children looked after in England including adoptions",year ending 31 March 2025,source_suppressed
E06000011,lac_count,2025,by_ethnicity,Mixed,15,,,,,,,,"DfE, Children looked after in England including adoptions",year ending 31 March 2025,released
E06000011,lac_count,2025,overall,,363,,,,,,,,"DfE, Children looked after in England including adoptions",year ending 31 March 2025,released
E06000011,lac_count,2025,by_ethnicity,Other,7,,,,,,,,"DfE, Children looked after in England including adoptions",year ending 31 March 2025,released
E06000011,lac_count,2025,by_ethnicity,White,330,,,,,,,,"DfE, Children looked after in England including adoptions",year ending 31 March 2025,released
E06000012,lac_count,2025,by_ethnicity,Asian,,,,,,,,,"DfE, Children looked after in England including adoptions",year ending 31 March 2025,source_suppressed
E06000012,lac_count,2025,by_ethnicity,Black,,,,,,,,,"DfE, Children looked after in England including adoptions",year ending 31 March 2025,source_suppressed
E06000012,lac_count,2025,by_ethnicity,Mixed,26,,,,,,,,"DfE, Children looked after in England including adoptions",year ending 31 March 2025,released
E06000012,lac_count,2025,overall,,438,,,,,,,,"DfE, Children looked after in England including adoptions",year ending 31 March 2025,released
E06000012,lac_count,2025,by_ethnicity,Other,8,,,,,,,,"DfE, Children looked after in England including adoptions",year ending 31 March 2025,released
E06000012,lac_count,2025,by_ethnicity,White,399,,,,,,,,"DfE, Children looked after in England including adoptions",year ending 31 March 2025,released
E06000013,lac_count,2025,by_ethnicity,Asian,,,,,,,,,"DfE, Children looked after in England including adoptions",year ending 31 March 2025,source_suppressed
E06000013,lac_count,2025,by_ethnicity,Black,,,,,,,,,"DfE, Children looked after in England including adoptions",year ending 31 March 2025,suppressed
E06000013,lac_count,2025,by_ethnicity,Mixed,6,,,,,,,,"DfE, Children looked after in England including adoptions",year ending 31 March 2025,released
E06000013,lac_count,2025,overall,,215,,,,,,,,"DfE, Children looked after in England including adoptions",year ending 31 March 2025,released
E06000013,lac_count,2025,by_ethnicity,Other,13,,,,,,,,"DfE, Children looked after in England including adoptions",year ending 31 March 2025,released
E06000013,lac_count,2025,by_ethnicity,White,185,,,,,,,,"DfE, Children looked after in England including adoptions",year ending 31 March 2025,released
E06000014,lac_count,2025,by_ethnicity,Asian,,,,,,,,,"DfE, Children looked after in England including adoptions",year ending 31 March 2025,source_suppressed
E06000014,lac_count,2025,by_ethnicity,Black,,,,,,,,,"DfE, Children looked after in England including adoptions",year ending 31 March 2025,source_suppressed
E06000014,lac_count,2025,by_ethnicity,Mixed,9,,,,,,,,"DfE, Children looked after in England including adoptions",year ending 31 March 2025,released
E06000014,lac_count,2025,overall,,240,,,,,,,,"DfE, Children looked after in England including adoptions",year ending 31 March 2025,released
E06000014,lac_count,2025,by_ethnicity,Other,15,,,,,,,,"DfE, Children looked after in England including adoptions",year ending 31 March 2025,released
E06000014,lac_count,2025,by_ethnicity,White,210,,,,,,,,"DfE, Children looked after in England including adoptions",year ending 31 March 2025,released
E06000015,lac_count,2025,by_ethnicity,Asian,48,,,,,,,,"DfE, Children looked after in England including adoptions",year ending 31 March 2025,released
E06000015,lac_count,2025,by_ethnicity,Black,,,,,,,,,"DfE, Children looked after in England including adoptions",year ending 31 March 2025,source_suppressed
E06000015,lac_count,2025,by_ethnicity,Mixed,92,,,,,,,,"DfE, Children looked after in England including adoptions",year ending 31 March 2025,released
E06000015,lac_count,2025,overall,,545,,,,,,,,"DfE, Children looked after in England including adoptions",year ending 31 March 2025,released
E06000015,lac_count,2025,by_ethnicity,Other,,,,,,,,,"DfE, Children looked after in England including adoptions",year ending 31 March 2025,source_suppressed
E06000015,lac_count,2025,by_ethnicity,White,364,,,,,,,,"DfE, Children looked after in England including adoptions",year ending 31 March 2025,released
E06000016,lac_count,2025,by_ethnicity,Asian,61,,,,,,,,"DfE, Children looked after in England including adoptions",year ending 31 March 2025,released
E06000016,lac_count,2025,by_ethnicity,Black,40,,,,,,,,"DfE, Children looked after in England including adoptions",year ending 31 March 2025,released
E06000016,lac_count,2025,by_ethnicity,Mixed,112,,,,,,,,"DfE, Children looked after in England including adoptions",year ending 31 March 2025,released
E06000016,lac_count,2025,overall,,595,,,,,,,,"DfE, Children looked after in England including adoptions",year ending 31 March 2025,released
E06000016,lac_count,2025,by_ethnicity,Other,14,,,,,,,,"DfE, Children looked after in England including adoptions",year ending 31 March 2025,released
E06000016,lac_count,2025,by_ethnicity,White,354,,,,,,,,"DfE, Children looked after in England including adoptions",year ending 31 March 2025,released
E06000017,lac_count,2025,by_ethnicity,Asian,0,,,,,,,,"DfE, Children looked after in England including adoptions",year ending 31 March 2025,released
E06000017,lac_count,2025,by_ethnicity,Black,,,,,,,,,"DfE, Children looked after in England including adoptions",year ending 31 March 2025,source_suppressed
E06000017,lac_count,2025,by_ethnicity,Mixed,,,,,,,,,"DfE, Children looked after in England including adoptions",year ending 31 March 2025,source_suppressed
E06000017,lac_count,2025,overall,,32,,,,,,,,"DfE, Children looked after in England including adoptions",year ending 31 March 2025,released
E06000017,lac_count,2025,by_ethnicity,Other,6,,,,,,,,"DfE, Children looked after in England including adoptions",year ending 31 March 2025,released
E06000017,lac_count,2025,by_ethnicity,White,22,,,,,,,,"DfE, Children looked after in England including adoptions",year ending 31 March 2025,released
E06000018,lac_count,2025,by_ethnicity,Asian,,,,,,,,,"DfE, Children looked after in England including adoptions",year ending 31 March 2025,suppressed
E06000018,lac_count,2025,by_ethnicity,Black,61,,,,,,,,"DfE, Children looked after in England including adoptions",year ending 31 March 2025,released
E06000018,lac_count,2025,by_ethnicity,Mixed,125,,,,,,,,"DfE, Children looked after in England including adoptions",year ending 31 March 2025,released
E06000018,lac_count,2025,overall,,639,,,,,,,,"DfE, Children looked after in England including adoptions",year ending 31 March 2025,released
E06000018,lac_count,2025,by_ethnicity,Other,,,,,,,,,"DfE, Children looked after in England including adoptions",year ending 31 March 2025,source_suppressed
E06000018,lac_count,2025,by_ethnicity,White,387,,,,,,,,"DfE, Children looked after in England including adoptions",year ending 31 March 2025,released
E06000019,lac_count,2025,by_ethnicity,Asian,,,,,,,,,"DfE, Children looked after in England including adoptions",year ending 31 March 2025,suppressed
E06000019,lac_count,2025,by_ethnicity,Black,,,,,,,,,"DfE, Children looked after in England including adoptions",year ending 31 March 2025,source_suppressed
E06000019,lac_count,2025,by_ethnicity,Mixed,10,,,,,,,,"DfE, Children looked after in England including adoptions",year ending 31 March 2025,released
E06000019,lac_count,2025,overall,,344,,,,,,,,"DfE, Children looked after in England including adoptions",year ending 31 March 2025,released
E06000019,lac_count,2025,by_ethnicity,Other,9,,,,,,,,"DfE, Children looked after in England including adoptions",year ending 31 March 2025,released
E06000019,lac_count,2025,by_ethnicity,White,308,,,,,,,,"DfE, Children looked after in England including adoptions",year ending 31 March 2025,released
E06000020,lac_count,2025,by_ethnicity,Asian,7,,,,,,,,"DfE, Children looked after in England including adoptions",year ending 31 March 2025,released
E06000020,lac_count,2025,by_ethnicity,Black,22,,,,,,,,"DfE, Children looked after in England including adoptions",year ending 31 March 2025,released
E06000020,lac_count,2025,by_ethnicity,Mixed,40,,,,,,,,"DfE, Children looked after in England including adoptions",year ending 31 March 2025,released
E06000020,lac_count,2025,overall,,411,,,,,,,,"DfE, Children looked after in England including adoptions",year ending 31 March 2025,released
E06000020,lac_count,2025,by_ethnicity,Other,37,,,,,,,,"DfE, Children looked after in England including adoptions",year ending 31 March 2025,released
E06000020,lac_count,2025,by_ethnicity,White,305,,,,,,,,"DfE, Children looked after in England including adoptions",year ending 31 March 2025,released
E06000021,lac_count,2025,by_ethnicity,Asian,55,,,,,,,,"DfE, Children looked after in England including adoptions",year ending 31 March 2025,released
E06000021,lac_count,2025,by_ethnicity,Black,27,,,,,,,,"DfE, Children looked after in England including adoptions",year ending 31 March 2025,released
E06000021,lac_count,2025,by_ethnicity,Mixed,107,,,,,,,,"DfE, Children looked after in England including adoptions",year ending 31 March 2025,released
E06000021,lac_count,2025,overall,,1063,,,,,,,,"DfE, Children looked after in England including adoptions",year ending 31 March 2025,released
E06000021,lac_count,2025,by_ethnicity,Other,8,,,,,,,,"DfE, Children looked after in England including adoptions",year ending 31 March 2025,released
E06000021,lac_count,2025,by_ethnicity,White,858,,,,,,,,"DfE, Children looked after in England including adoptions",year ending 31 March 2025,released
E06000022,lac_count,2025,by_ethnicity,Asian,12,,,,,,,,"DfE, Children looked after in England including adoptions",year ending 31 March 2025,released
E06000022,lac_count,2025,by_ethnicity,Black,,,,,,,,,"DfE, Children looked after in England including adoptions",year ending 31 March 2025,suppressed
E06000022,lac_count,2025,by_ethnicity,Mixed,28,,,,,,,,"DfE, Children looked after in England including adoptions",year ending 31 March 2025,released
E06000022,lac_count,2025,overall,,220,,,,,,,,"DfE, Children looked after in England including adoptions",year ending 31 March 2025,released
E06000022,lac_count,2025,by_ethnicity,Other,,,,,,,,,"DfE, Children looked after in England including adoptions",year ending 31 March 2025,source_suppressed
E06000022,lac_count,2025,by_ethnicity,White,164,,,,,,,,"DfE, Children looked after in England including adoptions",year ending 31 March 2025,released
E06000023,lac_count,2025,by_ethnicity,Asian,16,,,,,,,,"DfE, Children looked after in England including adoptions",year ending 31 March 2025,released
E06000023,lac_count,2025,by_ethnicity,Black,59,,,,,,,,"DfE, Children looked after in England including adoptions",year ending 31 March 2025,released
E06000023,lac_count,2025,by_ethnicity,Mixed,119,,,,,,,,"DfE, Children looked after in England including adoptions",year ending 31 March 2025,released
E06000023,lac_count,2025,overall,,753,,,,,,,,"DfE, Children looked after in England including adoptions",year ending 31 March 2025,released
E06000023,lac_count,2025,by_ethnicity,Other,49,,,,,,,,"DfE, Children looked after in England including adoptions",year ending 31 March 2025,released
E06000023,lac_count,2025,by_ethnicity,White,493,,,,,,,,"DfE, Children looked after in England including adoptions",year ending 31 March 2025,released
E06000024,lac_count,2025,by_ethnicity,Asian,,,,,,,,,"DfE, Children looked after in England including adoptions",year ending 31 March 2025,source_suppressed
E06000024,lac_count,2025,by_ethnicity,Black,,,,,,,,,"DfE, Children looked after in England including adoptions",year ending 31 March 2025,source_suppressed
E06000024,lac_count,2025,by_ethnicity,Mixed,17,,,,,,,,"DfE, Children looked after in England including adoptions",year ending 31 March 2025,released
E06000024,lac_count,2025,overall,,280,,,,,,,,"DfE, Children looked after in England including adoptions",year ending 31 March 2025,released
E06000024,lac_count,2025,by_ethnicity,Other,16,,,,,,,,"DfE, Children looked after in England including adoptions",year ending 31 March 2025,released
E06000024,lac_count,2025,by_ethnicity,White,239,,,,,,,,"DfE, Children looked after in England including adoptions",year ending 31 March 2025,released
E06000025,lac_count,2025,by_ethnicity,Asian,,,,,,,,,"DfE, Children looked after in England including adoptions",year ending 31 March 2025,source_suppressed
E06000025,lac_count,2025,by_ethnicity,Black,,,,,,,,,"DfE, Children looked after in England including adoptions",year ending 31 March 2025,suppressed
E06000025,lac_count,2025,by_ethnicity,Mixed,18,,,,,,,,"DfE, Children looked after in England including adoptions",year ending 31 March 2025,released
E06000025,lac_count,2025,overall,,207,,,,,,,,"DfE, Children looked after in England including adoptions",year ending 31 March 2025,released
E06000025,lac_count,2025,by_ethnicity,Other,25,,,,,,,,"DfE, Children looked after in England including adoptions",year ending 31 March 2025,released
E06000025,lac_count,2025,by_ethnicity,White,148,,,,,,,,"DfE, Children looked after in England including adoptions",year ending 31 March 2025,released
E06000026,lac_count,2025,by_ethnicity,Asian,,,,,,,,,"DfE, Children looked after in England including adoptions",year ending 31 March 2025,source_suppressed
E06000026,lac_count,2025,by_ethnicity,Black,15,,,,,,,,"DfE, Children looked after in England including adoptions",year ending 31 March 2025,released
E06000026,lac_count,2025,by_ethnicity,Mixed,,,,,,,,,"DfE, Children looked after in England including adoptions",year ending 31 March 2025,suppressed
E06000026,lac_count,2025,overall,,527,,,,,,,,"DfE, Children looked after in England including adoptions",year ending 31 March 2025,released
E06000026,lac_count,2025,by_ethnicity,Other,11,,,,,,,,"DfE, Children looked after in England including adoptions",year ending 31 March 2025,released
E06000026,lac_count,2025,by_ethnicity,White,491,,,,,,,,"DfE, Children looked after in England including adoptions",year ending 31 March 2025,released
E06000027,lac_count,2025,by_ethnicity,Asian,,,,,,,,,"DfE, Children looked after in England including adoptions",year ending 31 March 2025,source_suppressed
E06000027,lac_count,2025,by_ethnicity,Black,,,,,,,,,"DfE, Children looked after in England including adoptions",year ending 31 March 2025,source_suppressed
E06000027,lac_count,2025,by_ethnicity,Mixed,29,,,,,,,,"DfE, Children looked after in England including adoptions",year ending 31 March 2025,released
E06000027,lac_count,2025,overall,,282,,,,,,,,"DfE, Children looked after in England including adoptions",year ending 31 March 2025,released
E06000027,lac_count,2025,by_ethnicity,Other,8,,,,,,,,"DfE, Children looked after in England including adoptions",year ending 31 March 2025,released
E06000027,lac_count,2025,by_ethnicity,White,237,,,,,,,,"DfE, Children looked after in England including adoptions",year ending 31 March 2025,released
E06000030,lac_count,2025,by_ethnicity,Asian,9,,,,,,,,"DfE, Children looked after in England including adoptions",year ending 31 March 2025,released
E06000030,lac_count,2025,by_ethnicity,Black,13,,,,,,,,"DfE, Children looked after in England including adoptions",year ending 31 March 2025,released
E06000030,lac_count,2025,by_ethnicity,Mixed,26,,,,,,,,"DfE, Children looked after in England including adoptions",year ending 31 March 2025,released
E06000030,lac_count,2025,overall,,307,,,,,,,,"DfE, Children looked after in England including adoptions",year ending 31 March 2025,released
E06000030,lac_count,2025,by_ethnicity,Other,16,,,,,,,,"DfE, Children looked after in England including adoptions",year ending 31 March 2025,released
E06000030,lac_count,2025,by_ethnicity,White,233,,,,,,,,"DfE, Children looked after in England including adoptions",year ending 31 March 2025,released
E06000031,lac_count,2025,by_ethnicity,Asian,,,,,,,,,"DfE, Children looked after in England including adoptions",year ending 31 March 2025,suppressed
E06000031,lac_count,2025,by_ethnicity,Black,34,,,,,,,,"DfE, Children looked after in England including adoptions",year ending 31 March 2025,released
E06000031,lac_count,2025,by_ethnicity,Mixed,41,,,,,,,,"DfE, Children looked after in England including adoptions",year ending 31 March 2025,released
E06000031,lac_count,2025,overall,,416,,,,,,,,"DfE, Children looked after in England including adoptions",year ending 31 March 2025,released
E06000031,lac_count,2025,by_ethnicity,Other,,,,,,,,,"DfE, Children looked after in England including adoptions",year ending 31 March 2025,source_suppressed
E06000031,lac_count,2025,by_ethnicity,White,300,,,,,,,,"DfE, Children looked after in England including adoptions",year ending 31 March 2025,released
E06000032,lac_count,2025,by_ethnicity,Asian,50,,,,,,,,"DfE, Children looked after in England including adoptions",year ending 31 March 2025,released
E06000032,lac_count,2025,by_ethnicity,Black,51,,,,,,,,"DfE, Children looked after in England including adoptions",year ending 31 March 2025,released
E06000032,lac_count,2025,by_ethnicity,Mixed,67,,,,,,,,"DfE, Children looked after in England including adoptions",year ending 31 March 2025,released
E06000032,lac_count,2025,overall,,359,,,,,,,,"DfE, Children looked after in England including adoptions",year ending 31 March 2025,released
E06000032,lac_count,2025,by_ethnicity,Other,17,,,,,,,,"DfE, Children looked after in England including adoptions",year ending 31 March 2025,released
E06000032,lac_count,2025,by_ethnicity,White,174,,,,,,,,"DfE, Children looked after in England including adoptions",year ending 31 March 2025,released
E06000033,lac_count,2025,by_ethnicity,Asian,,,,,,,,,"DfE, Children looked after in England including adoptions",year ending 31 March 2025,source_suppressed
E06000033,lac_count,2025,by_ethnicity,Black,,,,,,,,,"DfE, Children looked after in England including adoptions",year ending 31 March 2025,suppressed
E06000033,lac_count,2025,by_ethnicity,Mixed,39,,,,,,,,"DfE, Children looked after in England including adoptions",year ending 31 March 2025,released
E06000033,lac_count,2025,overall,,316,,,,,,,,"DfE, Children looked after in England including adoptions",year ending 31 March 2025,released
E06000033,lac_count,2025,by_ethnicity,Other,20,,,,,,,,"DfE, Children looked after in England including adoptions",year ending 31 March 2025,released
E06000033,lac_count,2025,by_ethnicity,White,244,,,,,,,,"DfE, Children looked after in England including adoptions",year ending 31 March 2025,released
E06000034,lac_count,2025,by_ethnicity,Asian,,,,,,,,,"DfE, Children looked after in England including adoptions",year ending 31 March 2025,suppressed
E06000034,lac_count,2025,by_ethnicity,Black,42,,,,,,,,"DfE, Children looked after in England including adoptions",year ending 31 March 2025,released
E06000034,lac_count,2025,by_ethnicity,Mixed,27,,,,,,,,"DfE, Children looked after in England including adoptions",year ending 31 March 2025,released
E06000034,lac_count,2025,overall,,276,,,,,,,,"DfE, Children looked after in England including adoptions",year ending 31 March 2025,released
E06000034,lac_count,2025,by_ethnicity,Other,,,,,,,,,"DfE, Children looked after in England including adoptions",year ending 31 March 2025,source_suppressed
E06000034,lac_count,2025,by_ethnicity,White,189,,,,,,,,"DfE, Children looked after in England including adoptions",year ending 31 March 2025,released
E06000035,lac_count,2025,by_ethnicity,Asian,,,,,,,,,"DfE, Children looked after in England including adoptions",year ending 31 March 2025,source_suppressed
E06000035,lac_count,2025,by_ethnicity,Black,,,,,,,,,"DfE, Children looked after in England including adoptions",year ending 31 March 2025,suppressed
E06000035,lac_count,2025,by_ethnicity,Mixed,45,,,,,,,,"DfE, Children looked after in England including adoptions",year ending 31 March 2025,released
E06000035,lac_count,2025,overall,,495,,,,,,,,"DfE, Children looked after in England including adoptions",year ending 31 March 2025,released
E06000035,lac_count,2025,by_ethnicity,Other,24,,,,,,,,"DfE, Children looked after in England including adoptions",year ending 31 March 2025,released
E06000035,lac_count,2025,by_ethnicity,White,394,,,,,,,,"DfE, Children looked after in England including adoptions",year ending 31 March 2025,released
E06000036,lac_count,2025,by_ethnicity,Asian,,,,,,,,,"DfE, Children looked after in England including adoptions",year ending 31 March 2025,suppressed
E06000036,lac_count,2025,by_ethnicity,Black,,,,,,,,,"DfE, Children looked after in England including adoptions",year ending 31 March 2025,source_suppressed
E06000036,lac_count,2025,by_ethnicity,Mixed,12,,,,,,,,"DfE, Children looked after in England including adoptions",year ending 31 March 2025,released
E06000036,lac_count,2025,overall,,124,,,,,,,,"DfE, Children looked after in England including adoptions",year ending 31 March 2025,released
E06000036,lac_count,2025,by_ethnicity,Other,13,,,,,,,,"DfE, Children looked after in England including adoptions",year ending 31 March 2025,released
E06000036,lac_count,2025,by_ethnicity,White,85,,,,,,,,"DfE, Children looked after in England including adoptions",year ending 31 March 2025,released
E06000037,lac_count,2025,by_ethnicity,Asian,,,,,,,,,"DfE, Children looked after in England including adoptions",year ending 31 March 2025,source_suppressed
E06000037,lac_count,2025,by_ethnicity,Black,,,,,,,,,"DfE, Children looked after in England including adoptions",year ending 31 March 2025,source_suppressed
E06000037,lac_count,2025,by_ethnicity,Mixed,10,,,,,,,,"DfE, Children looked after in England including adoptions",year ending 31 March 2025,released
E06000037,lac_count,2025,overall,,189,,,,,,,,"DfE, Children looked after in England including adoptions",year ending 31 March 2025,released
E06000037,lac_count,2025,by_ethnicity,Other,18,,,,,,,,"DfE, Children looked after in England including adoptions",year ending 31 March 2025,released
E06000037,lac_count,2025,by_ethnicity,White,157,,,,,,,,"DfE, Children looked after in England including adoptions",year ending 31 March 2025,released
E06000038,lac_count,2025,by_ethnicity,Asian,,,,,,,,,"DfE, Children looked after in England including adoptions",year ending 31 March 2025,suppressed
E06000038,lac_count,2025,by_ethnicity,Black,28,,,,,,,,"DfE, Children looked after in England including adoptions",year ending 31 March 2025,released
E06000038,lac_count,2025,by_ethnicity,Mixed,64,,,,,,,,"DfE, Children looked after in England including adoptions",year ending 31 March 2025,released
E06000038,lac_count,2025,overall,,272,,,,,,,,"DfE, Children looked after in England including adoptions",year ending 31 March 2025,released
E06000038,lac_count,2025,by_ethnicity,Other,,,,,,,,,"DfE, Children looked after in England including adoptions",year ending 31 March 2025,source_suppressed
E06000038,lac_count,2025,by_ethnicity,White,143,,,,,,,,"DfE, Children looked after in England including adoptions",year ending 31 March 2025,released
E06000039,lac_count,2025,by_ethnicity,Asian,33,,,,,,,,"DfE, Children looked after in England including adoptions",year ending 31 March 2025,released
E06000039,lac_count,2025,by_ethnicity,Black,25,,,,,,,,"DfE, Children looked after in England including adoptions",year ending 31 March 2025,released
E06000039,lac_count,2025,by_ethnicity,Mixed,38,,,,,,,,"DfE, Children looked after in England including adoptions",year ending 31 March 2025,released
E06000039,lac_count,2025,overall,,173,,,,,,,,"DfE, Children looked after in England including adoptions",year ending 31 March 2025,released
E06000039,lac_count,2025,by_ethnicity,Other,8,,,,,,,,"DfE, Children looked after in England including adoptions",year ending 31 March 2025,released
E06000039,lac_count,2025,by_ethnicity,White,69,,,,,,,,"DfE, Children looked after in England including adoptions",year ending 31 March 2025,released
E06000040,lac_count,2025,by_ethnicity,Asian,,,,,,,,,"DfE, Children looked after in England including adoptions",year ending 31 March 2025,suppressed
E06000040,lac_count,2025,by_ethnicity,Black,,,,,,,,,"DfE, Children looked after in England including adoptions",year ending 31 March 2025,source_suppressed
E06000040,lac_count,2025,by_ethnicity,Mixed,15,,,,,,,,"DfE, Children looked after in England including adoptions",year ending 31 March 2025,released
E06000040,lac_count,2025,overall,,139,,,,,,,,"DfE, Children looked after in England including adoptions",year ending 31 March 2025,released
E06000040,lac_count,2025,by_ethnicity,Other,18,,,,,,,,"DfE, Children looked after in England including adoptions",year ending 31 March 2025,released
E06000040,lac_count,2025,by_ethnicity,White,84,,,,,,,,"DfE, Children looked after in England including adoptions",year ending 31 March 2025,released
E06000041,lac_count,2025,by_ethnicity,Asian,15,,,,,,,,"DfE, Children looked after in England including adoptions",year ending 31 March 2025,released
E06000041,lac_count,2025,by_ethnicity,Black,13,,,,,,,,"DfE, Children looked after in England including adoptions",year ending 31 March 2025,released
E06000041,lac_count,2025,by_ethnicity,Mixed,18,,,,,,,,"DfE, Children looked after in England including adoptions",year ending 31 March 2025,released
E06000041,lac_count,2025,overall,,149,,,,,,,,"DfE, Children looked after in England including adoptions",year ending 31 March 2025,released
E06000041,lac_count,2025,by_ethnicity,Other,21,,,,,,,,"DfE, Children looked after in England including adoptions",year ending 31 March 2025,released
E06000041,lac_count,2025,by_ethnicity,White,82,,,,,,,,"DfE, Children looked after in England including adoptions",year ending 31 March 2025,released
E06000042,lac_count,2025,by_ethnicity,Asian,,,,,,,,,"DfE, Children looked after in England including adoptions",year ending 31 March 2025,suppressed
E06000042,lac_count,2025,by_ethnicity,Black,66,,,,,,,,"DfE, Children looked after in England including adoptions",year ending 31 March 2025,released
E06000042,lac_count,2025,by_ethnicity,Mixed,69,,,,,,,,"DfE, Children looked after in England including adoptions",year ending 31 March 2025,released
E06000042,lac_count,2025,overall,,509,,,,,,,,"DfE, Children looked after in England including adoptions",year ending 31 March 2025,released
E06000042,lac_count,2025,by_ethnicity,Other,,,,,,,,,"DfE, Children looked after in England including adoptions",year ending 31 March 2025,source_suppressed
E06000042,lac_count,2025,by_ethnicity,White,320,,,,,,,,"DfE, Children looked after in England including adoptions",year ending 31 March 2025,released
E06000043,lac_count,2025,by_ethnicity,Asian,21,,,,,,,,"DfE, Children looked after in England including adoptions",year ending 31 March 2025,released
E06000043,lac_count,2025,by_ethnicity,Black,24,,,,,,,,"DfE, Children looked after in England including adoptions",year ending 31 March 2025,released
E06000043,lac_count,2025,by_ethnicity,Mixed,52,,,,,,,,"DfE, Children looked after in England including adoptions",year ending 31 March 2025,released
E06000043,lac_count,2025,overall,,332,,,,,,,,"DfE, Children looked after in England including adoptions",year ending 31 March 2025,released
E06000043,lac_count,2025,by_ethnicity,Other,16,,,,,,,,"DfE, Children looked after in England including adoptions",year ending 31 March 2025,released
E06000043,lac_count,2025,by_ethnicity,White,219,,,,,,,,"DfE, Children looked after in England including adoptions",year ending 31 March 2025,released
E06000044,lac_count,2025,by_ethnicity,Asian,7,,,,,,,,"DfE, Children looked after in England including adoptions",year ending 31 March 2025,released
E06000044,lac_count,2025,by_ethnicity,Black,38,,,,,,,,"DfE, Children looked after in England including adoptions",year ending 31 March 2025,released
E06000044,lac_count,2025,by_ethnicity,Mixed,37,,,,,,,,"DfE, Children looked after in England including adoptions",year ending 31 March 2025,released
E06000044,lac_count,2025,overall,,402,,,,,,,,"DfE, Children looked after in England including adoptions",year ending 31 March 2025,released
E06000044,lac_count,2025,by_ethnicity,Other,8,,,,,,,,"DfE, Children looked after in England including adoptions",year ending 31 March 2025,released
E06000044,lac_count,2025,by_ethnicity,White,312,,,,,,,,"DfE, Children looked after in England including adoptions",year ending 31 March 2025,released
E06000045,lac_count,2025,by_ethnicity,Asian,19,,,,,,,,"DfE, Children looked after in England including adoptions",year ending 31 March 2025,released
E06000045,lac_count,2025,by_ethnicity,Black,21,,,,,,,,"DfE, Children looked after in England including adoptions",year ending 31 March 2025,released
E06000045,lac_count,2025,by_ethnicity,Mixed,41,,,,,,,,"DfE, Children looked after in England including adoptions",year ending 31 March 2025,released
E06000045,lac_count,2025,overall,,460,,,,,,,,"DfE, Children looked after in England including adoptions",year ending 31 March 2025,released
E06000045,lac_count,2025,by_ethnicity,Other,22,,,,,,,,"DfE, Children looked after in England including adoptions",year ending 31 March 2025,released
E06000045,lac_count,2025,by_ethnicity,White,344,,,,,,,,"DfE, Children looked after in England including adoptions",year ending 31 March 2025,released
E06000046,lac_count,2025,by_ethnicity,Asian,,,,,,,,,"DfE, Children looked after in England including adoptions",year ending 31 March 2025,source_suppressed
E06000046,lac_count,2025,by_ethnicity,Black,,,,,,,,,"DfE, Children looked after in England including adoptions",year ending 31 March 2025,source_suppressed
E06000046,lac_count,2025,by_ethnicity,Mixed,,,,,,,,,"DfE, Children looked after in England including adoptions",year ending 31 March 2025,source_suppressed
E06000046,lac_count,2025,overall,,258,,,,,,,,"DfE, Children looked after in England including adoptions",year ending 31 March 2025,released
E06000046,lac_count,2025,by_ethnicity,Other,9,,,,,,,,"DfE, Children looked after in England including adoptions",year ending 31 March 2025,released
E06000046,lac_count,2025,by_ethnicity,White,239,,,,,,,,"DfE, Children looked after in England including adoptions",year ending 31 March 2025,released
E06000047,lac_count,2025,by_ethnicity,Asian,16,,,,,,,,"DfE, Children looked after in England including adoptions",year ending 31 March 2025,released
E06000047,lac_count,2025,by_ethnicity,Black,27,,,,,,,,"DfE, Children looked after in England including adoptions",year ending 31 March 2025,released
E06000047,lac_count,2025,by_ethnicity,Mixed,32,,,,,,,,"DfE, Children looked after in England including adoptions",year ending 31 March 2025,released
E06000047,lac_count,2025,overall,,1183,,,,,,,,"DfE, Children looked after in England including adoptions",year ending 31 March 2025,released
E06000047,lac_count,2025,by_ethnicity,Other,34,,,,,,,,"DfE, Children looked after in England including adoptions",year ending 31 March 2025,released
E06000047,lac_count,2025,by_ethnicity,White,1056,,,,,,,,"DfE, Children looked after in England including adoptions",year ending 31 March 2025,released
E06000049,lac_count,2025,by_ethnicity,Asian,23,,,,,,,,"DfE, Children looked after in England including adoptions",year ending 31 March 2025,released
E06000049,lac_count,2025,by_ethnicity,Black,,,,,,,,,"DfE, Children looked after in England including adoptions",year ending 31 March 2025,suppressed
E06000049,lac_count,2025,by_ethnicity,Mixed,35,,,,,,,,"DfE, Children looked after in England including adoptions",year ending 31 March 2025,released
E06000049,lac_count,2025,overall,,550,,,,,,,,"DfE, Children looked after in England including adoptions",year ending 31 March 2025,released
E06000049,lac_count,2025,by_ethnicity,Other,,,,,,,,,"DfE, Children looked after in England including adoptions",year ending 31 March 2025,source_suppressed
E06000049,lac_count,2025,by_ethnicity,White,466,,,,,,,,"DfE, Children looked after in England including adoptions",year ending 31 March 2025,released
E06000050,lac_count,2025,by_ethnicity,Asian,,,,,,,,,"DfE, Children looked after in England including adoptions",year ending 31 March 2025,source_suppressed
E06000050,lac_count,2025,by_ethnicity,Black,25,,,,,,,,"DfE, Children looked after in England including adoptions",year ending 31 March 2025,released
E06000050,lac_count,2025,by_ethnicity,Mixed,,,,,,,,,"DfE, Children looked after in England including adoptions",year ending 31 March 2025,suppressed
E06000050,lac_count,2025,overall,,584,,,,,,,,"DfE, Children looked after in England including adoptions",year ending 31 March 2025,released
E06000050,lac_count,2025,by_ethnicity,Other,20,,,,,,,,"DfE, Children looked after in England including adoptions",year ending 31 March 2025,released
E06000050,lac_count,2025,by_ethnicity,White,507,,,,,,,,"DfE, Children looked after in England including adoptions",year ending 31 March 2025,released
E06000051,lac_count,2025,by_ethnicity,Asian,,,,,,,,,"DfE, Children looked after in England including adoptions",year ending 31 March 2025,suppressed
E06000051,lac_count,2025,by_ethnicity,Black,,,,,,,,,"DfE, Children looked after in England including adoptions",year ending 31 March 2025,source_suppressed
E06000051,lac_count,2025,by_ethnicity,Mixed,44,,,,,,,,"DfE, Children looked after in England including adoptions",year ending 31 March 2025,released
E06000051,lac_count,2025,overall,,717,,,,,,,,"DfE, Children looked after in England including adoptions",year ending 31 March 2025,released
E06000051,lac_count,2025,by_ethnicity,Other,22,,,,,,,,"DfE, Children looked after in England including adoptions",year ending 31 March 2025,released
E06000051,lac_count,2025,by_ethnicity,White,624,,,,,,,,"DfE, Children looked after in England including adoptions",year ending 31 March 2025,released
E06000052,lac_count,2025,by_ethnicity,Asian,,,,,,,,,"DfE, Children looked after in England including adoptions",year ending 31 March 2025,source_suppressed
E06000052,lac_count,2025,by_ethnicity,Black,,,,,,,,,"DfE, Children looked after in England including adoptions",year ending 31 March 2025,suppressed
E06000052,lac_count,2025,by_ethnicity,Mixed,21,,,,,,,,"DfE, Children looked after in England including adoptions",year ending 31 March 2025,released
E06000052,lac_count,2025,overall,,638,,,,,,,,"DfE, Children looked after in England including adoptions",year ending 31 March 2025,released
E06000052,lac_count,2025,by_ethnicity,Other,25,,,,,,,,"DfE, Children looked after in England including adoptions",year ending 31 March 2025,released
E06000052,lac_count,2025,by_ethnicity,White,565,,,,,,,,"DfE, Children looked after in England including adoptions",year ending 31 March 2025,released
E06000053,lac_count,2025,by_ethnicity,Asian,,,,,,,,,"DfE, Children looked after in England including adoptions",year ending 31 March 2025,source_suppressed
E06000053,lac_count,2025,by_ethnicity,Black,,,,,,,,,"DfE, Children looked after in England including adoptions",year ending 31 March 2025,source_suppressed
E06000053,lac_count,2025,by_ethnicity,Mixed,,,,,,,,,"DfE, Children looked after in England including adoptions",year ending 31 March 2025,source_suppressed
E06000053,lac_count,2025,overall,,0,,,,,,,,"DfE, Children looked after in England including adoptions",year ending 31 March 2025,released
E06000053,lac_count,2025,by_ethnicity,Other,,,,,,,,,"DfE, Children looked after in England including adoptions",year ending 31 March 2025,source_suppressed
E06000053,lac_count,2025,by_ethnicity,White,,,,,,,,,"DfE, Children looked after in England including adoptions",year ending 31 March 2025,source_suppressed
E06000054,lac_count,2025,by_ethnicity,Asian,,,,,,,,,"DfE, Children looked after in England including adoptions",year ending 31 March 2025,source_suppressed
E06000054,lac_count,2025,by_ethnicity,Black,28,,,,,,,,"DfE, Children looked after in England including adoptions",year ending 31 March 2025,released
E06000054,lac_count,2025,by_ethnicity,Mixed,,,,,,,,,"DfE, Children looked after in England including adoptions",year ending 31 March 2025,source_suppressed
E06000054,lac_count,2025,overall,,478,,,,,,,,"DfE, Children looked after in England including adoptions",year ending 31 March 2025,released
E06000054,lac_count,2025,by_ethnicity,Other,26,,,,,,,,"DfE, Children looked after in England including adoptions",year ending 31 March 2025,released
E06000054,lac_count,2025,by_ethnicity,White,361,,,,,,,,"DfE, Children looked after in England including adoptions",year ending 31 March 2025,released
E06000055,lac_count,2025,by_ethnicity,Asian,22,,,,,,,,"DfE, Children looked after in England including adoptions",year ending 31 March 2025,released
E06000055,lac_count,2025,by_ethnicity,Black,,,,,,,,,"DfE, Children looked after in England including adoptions",year ending 31 March 2025,suppressed
E06000055,lac_count,2025,by_ethnicity,Mixed,48,,,,,,,,"DfE, Children looked after in England including adoptions",year ending 31 March 2025,released
E06000055,lac_count,2025,overall,,261,,,,,,,,"DfE, Children looked after in England including adoptions",year ending 31 March 2025,released
E06000055,lac_count,2025,by_ethnicity,Other,,,,,,,,,"DfE, Children looked after in England including adoptions",year ending 31 March 2025,source_suppressed
E06000055,lac_count,2025,by_ethnicity,White,158,,,,,,,,"DfE, Children looked after in England including adoptions",year ending 31 March 2025,released
E06000056,lac_count,2025,by_ethnicity,Asian,8,,,,,,,,"DfE, Children looked after in England including adoptions",year ending 31 March 2025,released
E06000056,lac_count,2025,by_ethnicity,Black,27,,,,,,,,"DfE, Children looked after in England including adoptions",year ending 31 March 2025,released
E06000056,lac_count,2025,by_ethnicity,Mixed,41,,,,,,,,"DfE, Children looked after in England including adoptions",year ending 31 March 2025,released
E06000056,lac_count,2025,overall,,337,,,,,,,,"DfE, Children looked after in England including adoptions",year ending 31 March 2025,released
E06000056,lac_count,2025,by_ethnicity,Other,22,,,,,,,,"DfE, Children looked after in England including adoptions",year ending 31 March 2025,released
E06000056,lac_count,2025,by_ethnicity,White,239,,,,,,,,"DfE, Children looked after in England including adoptions",year ending 31 March 2025,released
E06000057,lac_count,2025,by_ethnicity,Asian,,,,,,,,,"DfE, Children looked after in England including adoptions",year ending 31 March 2025,source_suppressed
E06000057,lac_count,2025,by_ethnicity,Black,,,,,,,,,"DfE, Children looked after in England including adoptions",year ending 31 March 2025,source_suppressed
E06000057,lac_count,2025,by_ethnicity,Mixed,9,,,,,,,,"DfE, Children looked after in England including adoptions",year ending 31 March 2025,released
E06000057,lac_count,2025,overall,,456,,,,,,,,"DfE, Children looked after in England including adoptions",year ending 31 March 2025,released
E06000057,lac_count,2025,by_ethnicity,Other,14,,,,,,,,"DfE, Children looked after in England including adoptions",year ending 31 March 2025,released
E06000057,lac_count,2025,by_ethnicity,White,413,,,,,,,,"DfE, Children looked after in England including adoptions",year ending 31 March 2025,released
E06000058,lac_count,2025,by_ethnicity,Asian,12,,,,,,,,"DfE, Children looked after in England including adoptions",year ending 31 March 2025,released
E06000058,lac_count,2025,by_ethnicity,Black,14,,,,,,,,"DfE, Children looked after in England including adoptions",year ending 31 March 2025,released
E06000058,lac_count,2025,by_ethnicity,Mixed,52,,,,,,,,"DfE, Children looked after in England including adoptions",year ending 31 March 2025,released
E06000058,lac_count,2025,overall,,560,,,,,,,,"DfE, Children looked after in England including adoptions",year ending 31 March 2025,released
E06000058,lac_count,2025,by_ethnicity,Other,31,,,,,,,,"DfE, Children looked after in England including adoptions",year ending 31 March 2025,released
E06000058,lac_count,2025,by_ethnicity,White,445,,,,,,,,"DfE, Children looked after in England including adoptions",year ending 31 March 2025,released
E06000059,lac_count,2025,by_ethnicity,Asian,,,,,,,,,"DfE, Children looked after in England including adoptions",year ending 31 March 2025,source_suppressed
E06000059,lac_count,2025,by_ethnicity,Black,,,,,,,,,"DfE, Children looked after in England including adoptions",year ending 31 March 2025,suppressed
E06000059,lac_count,2025,by_ethnicity,Mixed,35,,,,,,,,"DfE, Children looked after in England including adoptions",year ending 31 March 2025,released
E06000059,lac_count,2025,overall,,437,,,,,,,,"DfE, Children looked after in England including adoptions",year ending 31 March 2025,released
E06000059,lac_count,2025,by_ethnicity,Other,32,,,,,,,,"DfE, Children looked after in England including adoptions",year ending 31 March 2025,released
E06000059,lac_count,2025,by_ethnicity,White,349,,,,,,,,"DfE, Children looked after in England including adoptions",year ending 31 March 2025,released
E06000060,lac_count,2025,by_ethnicity,Asian,48,,,,,,,,"DfE, Children looked after in England including adoptions",year ending 31 March 2025,released
E06000060,lac_count,2025,by_ethnicity,Black,60,,,,,,,,"DfE, Children looked after in England including adoptions",year ending 31 March 2025,released
E06000060,lac_count,2025,by_ethnicity,Mixed,65,,,,,,,,"DfE, Children looked after in England including adoptions",year ending 31 March 2025,released
E06000060,lac_count,2025,overall,,522,,,,,,,,"DfE, Children looked after in England including adoptions",year ending 31 March 2025,released
E06000060,lac_count,2025,by_ethnicity,Other,24,,,,,,,,"DfE, Children looked after in England including adoptions",year ending 31 March 2025,released
E06000060,lac_count,2025,by_ethnicity,White,312,,,,,,,,"DfE, Children looked after in England including adoptions",year ending 31 March 2025,released
E06000061,lac_count,2025,by_ethnicity,Asian,,,,,,,,,"DfE, Children looked after in England including adoptions",year ending 31 March 2025,source_suppressed
E06000061,lac_count,2025,by_ethnicity,Black,23,,,,,,,,"DfE, Children looked after in England including adoptions",year ending 31 March 2025,released
E06000061,lac_count,2025,by_ethnicity,Mixed,40,,,,,,,,"DfE, Children looked after in England including adoptions",year ending 31 March 2025,released
E06000061,lac_count,2025,overall,,568,,,,,,,,"DfE, Children looked after in England including adoptions",year ending 31 March 2025,released
E06000061,lac_count,2025,by_ethnicity,Other,,,,,,,,,"DfE, Children looked after in England including adoptions",year ending 31 March 2025,suppressed
E06000061,lac_count,2025,by_ethnicity,White,476,,,,,,,,"DfE, Children looked after in England including adoptions",year ending 31 March 2025,released
E06000062,lac_count,2025,by_ethnicity,Asian,18,,,,,,,,"DfE, Children looked after in England including adoptions",year ending 31 March 2025,released
E06000062,lac_count,2025,by_ethnicity,Black,45,,,,,,,,"DfE, Children looked after in England including adoptions",year ending 31 March 2025,released
E06000062,lac_count,2025,by_ethnicity,Mixed,73,,,,,,,,"DfE, Children looked after in England including adoptions",year ending 31 March 2025,released
E06000062,lac_count,2025,overall,,602,,,,,,,,"DfE, Children looked after in England including adoptions",year ending 31 March 2025,released
E06000062,lac_count,2025,by_ethnicity,Other,20,,,,,,,,"DfE, Children looked after in England including adoptions",year ending 31 March 2025,released
E06000062,lac_count,2025,by_ethnicity,White,438,,,,,,,,"DfE, Children looked after in England including adoptions",year ending 31 March 2025,released
E06000063,lac_count,2025,by_ethnicity,Asian,11,,,,,,,,"DfE, Children looked after in England including adoptions",year ending 31 March 2025,released
E06000063,lac_count,2025,by_ethnicity,Black,,,,,,,,,"DfE, Children looked after in England including adoptions",year ending 31 March 2025,source_suppressed
E06000063,lac_count,2025,by_ethnicity,Mixed,8,,,,,,,,"DfE, Children looked after in England including adoptions",year ending 31 March 2025,released
E06000063,lac_count,2025,overall,,458,,,,,,,,"DfE, Children looked after in England including adoptions",year ending 31 March 2025,released
E06000063,lac_count,2025,by_ethnicity,Other,,,,,,,,,"DfE, Children looked after in England including adoptions",year ending 31 March 2025,source_suppressed
E06000063,lac_count,2025,by_ethnicity,White,431,,,,,,,,"DfE, Children looked after in England including adoptions",year ending 31 March 2025,released
E06000064,lac_count,2025,by_ethnicity,Asian,,,,,,,,,"DfE, Children looked after in England including adoptions",year ending 31 March 2025,source_suppressed
E06000064,lac_count,2025,by_ethnicity,Black,10,,,,,,,,"DfE, Children looked after in England including adoptions",year ending 31 March 2025,released
E06000064,lac_count,2025,by_ethnicity,Mixed,13,,,,,,,,"DfE, Children looked after in England including adoptions",year ending 31 March 2025,released
E06000064,lac_count,2025,overall,,261,,,,,,,,"DfE, Children looked after in England including adoptions",year ending 31 March 2025,released
E06000064,lac_count,2025,by_ethnicity,Other,,,,,,,,,"DfE, Children looked after in England including adoptions",year ending 31 March 2025,source_suppressed
E06000064,lac_count,2025,by_ethnicity,White,233,,,,,,,,"DfE, Children looked after in England including adoptions",year ending 31 March 2025,released
E06000065,lac_count,2025,by_ethnicity,Asian,8,,,,,,,,"DfE, Children looked after in England including adoptions",year ending 31 March 2025,released
E06000065,lac_count,2025,by_ethnicity,Black,13,,,,,,,,"DfE, Children looked after in England including adoptions",year ending 31 March 2025,released
E06000065,lac_count,2025,by_ethnicity,Mixed,42,,,,,,,,"DfE, Children looked after in England including adoptions",year ending 31 March 2025,released
E06000065,lac_count,2025,overall,,561,,,,,,,,"DfE, Children looked after in England including adoptions",year ending 31 March 2025,released
E06000065,lac_count,2025,by_ethnicity,Other,30,,,,,,,,"DfE, Children looked after in England including adoptions",year ending 31 March 2025,released
E06000065,lac_count,2025,by_ethnicity,White,468,,,,,,,,"DfE, Children looked after in England including adoptions",year ending 31 March 2025,released
E06000066,lac_count,2025,by_ethnicity,Asian,,,,,,,,,"DfE, Children looked after in England including adoptions",year ending 31 March 2025,source_suppressed
E06000066,lac_count,2025,by_ethnicity,Black,,,,,,,,,"DfE, Children looked after in England including adoptions",year ending 31 March 2025,suppressed
E06000066,lac_count,2025,by_ethnicity,Mixed,35,,,,,,,,"DfE, Children looked after in England including adoptions",year ending 31 March 2025,released
E06000066,lac_count,2025,overall,,624,,,,,,,,"DfE, Children looked after in England including adoptions",year ending 31 March 2025,released
E06000066,lac_count,2025,by_ethnicity,Other,24,,,,,,,,"DfE, Children looked after in England including adoptions",year ending 31 March 2025,released
E06000066,lac_count,2025,by_ethnicity,White,545,,,,,,,,"DfE, Children looked after in England including adoptions",year ending 31 March 2025,released
E08000001,lac_count,2025,by_ethnicity,Asian,24,,,,,,,,"DfE, Children looked after in England including adoptions",year ending 31 March 2025,released
E08000001,lac_count,2025,by_ethnicity,Black,27,,,,,,,,"DfE, Children looked after in England including adoptions",year ending 31 March 2025,released
E08000001,lac_count,2025,by_ethnicity,Mixed,41,,,,,,,,"DfE, Children looked after in England including adoptions",year ending 31 March 2025,released
E08000001,lac_count,2025,overall,,590,,,,,,,,"DfE, Children looked after in England including adoptions",year ending 31 March 2025,released
E08000001,lac_count,2025,by_ethnicity,Other,11,,,,,,,,"DfE, Children looked after in England including adoptions",year ending 31 March 2025,released
E08000001,lac_count,2025,by_ethnicity,White,465,,,,,,,,"DfE, Children looked after in England including adoptions",year ending 31 March 2025,released
E08000002,lac_count,2025,by_ethnicity,Asian,20,,,,,,,,"DfE, Children looked after in England including adoptions",year ending 31 March 2025,released
E08000002,lac_count,2025,by_ethnicity,Black,24,,,,,,,,"DfE, Children looked after in England including adoptions",year ending 31 March 2025,released
E08000002,lac_count,2025,by_ethnicity,Mixed,44,,,,,,,,"DfE, Children looked after in England including adoptions",year ending 31 March 2025,released
E08000002,lac_count,2025,overall,,368,,,,,,,,"DfE, Children looked after in England including adoptions",year ending 31 March 2025,released
E08000002,lac_count,2025,by_ethnicity,Other,9,,,,,,,,"DfE, Children looked after in England including adoptions",year ending 31 March 2025,released
E08000002,lac_count,2025,by_ethnicity,White,271,,,,,,,,"DfE, Children looked after in England including adoptions",year ending 31 March 2025,released
E08000003,lac_count,2025,by_ethnicity,Asian,140,,,,,,,,"DfE, Children looked after in England including adoptions",year ending 31 March 2025,released
E08000003,lac_count,2025,by_ethnicity,Black,255,,,,,,,,"DfE, Children looked after in England including adoptions",year ending 31 March 2025,released
E08000003,lac_count,2025,by_ethnicity,Mixed,217,,,,,,,,"DfE, Children looked after in England including adoptions",year ending 31 March 2025,released
E08000003,lac_count,2025,overall,,1280,,,,,,,,"DfE, Children looked after in England including adoptions",year ending 31 March 2025,released
E08000003,lac_count,2025,by_ethnicity,Other,49,,,,,,,,"DfE, Children looked after in England including adoptions",year ending 31 March 2025,released
E08000003,lac_count,2025,by_ethnicity,White,608,,,,,,,,"DfE, Children looked after in England including adoptions",year ending 31 March 2025,released
E08000004,lac_count,2025,by_ethnicity,Asian,57,,,,,,,,"DfE, Children looked after in England including adoptions",year ending 31 March 2025,released
E08000004,lac_count,2025,by_ethnicity,Black,35,,,,,,,,"DfE, Children looked after in England including adoptions",year ending 31 March 2025,released
E08000004,lac_count,2025,by_ethnicity,Mixed,73,,,,,,,,"DfE, Children looked after in England including adoptions",year ending 31 March 2025,released
E08000004,lac_count,2025,overall,,582,,,,,,,,"DfE, Children looked after in England including adoptions",year ending 31 March 2025,released
E08000004,lac_count,2025,by_ethnicity,Other,9,,,,,,,,"DfE, Children looked after in England including adoptions",year ending 31 March 2025,released
E08000004,lac_count,2025,by_ethnicity,White,408,,,,,,,,"DfE, Children looked after in England including adoptions",year ending 31 March 2025,released
E08000005,lac_count,2025,by_ethnicity,Asian,54,,,,,,,,"DfE, Children looked after in England including adoptions",year ending 31 March 2025,released
E08000005,lac_count,2025,by_ethnicity,Black,22,,,,,,,,"DfE, Children looked after in England including adoptions",year ending 31 March 2025,released
E08000005,lac_count,2025,by_ethnicity,Mixed,61,,,,,,,,"DfE, Children looked after in England including adoptions",year ending 31 March 2025,released
E08000005,lac_count,2025,overall,,594,,,,,,,,"DfE, Children looked after in England including adoptions",year ending 31 March 2025,released
E08000005,lac_count,2025,by_ethnicity,Other,13,,,,,,,,"DfE, Children looked after in England including adoptions",year ending 31 March 2025,released
E08000005,lac_count,2025,by_ethnicity,White,444,,,,,,,,"DfE, Children looked after in England including adoptions",year ending 31 March 2025,released
E08000006,lac_count,2025,by_ethnicity,Asian,21,,,,,,,,"DfE, Children looked after in England including adoptions",year ending 31 March 2025,released
E08000006,lac_count,2025,by_ethnicity,Black,31,,,,,,,,"DfE, Children looked after in England including adoptions",year ending 31 March 2025,released
E08000006,lac_count,2025,by_ethnicity,Mixed,36,,,,,,,,"DfE, Children looked after in England including adoptions",year ending 31 March 2025,released
E08000006,lac_count,2025,overall,,563,,,,,,,,"DfE, Children looked after in England including adoptions",year ending 31 March 2025,released
E08000006,lac_count,2025,by_ethnicity,Other,24,,,,,,,,"DfE, Children looked after in England including adoptions",year ending 31 March 2025,released
E08000006,lac_count,2025,by_ethnicity,White,436,,,,,,,,"DfE, Children looked after in England including adoptions",year ending 31 March 2025,released
E08000007,lac_count,2025,by_ethnicity,Asian,30,,,,,,,,"DfE, Children looked after in England including adoptions",year ending 31 March 2025,released
E08000007,lac_count,2025,by_ethnicity,Black,28,,,,,,,,"DfE, Children looked after in England including adoptions",year ending 31 March 2025,released
E08000007,lac_count,2025,by_ethnicity,Mixed,34,,,,,,,,"DfE, Children looked after in England including adoptions",year ending 31 March 2025,released
E08000007,lac_count,2025,overall,,485,,,,,,,,"DfE, Children looked after in England including adoptions",year ending 31 March 2025,released
E08000007,lac_count,2025,by_ethnicity,Other,8,,,,,,,,"DfE, Children looked after in England including adoptions",year ending 31 March 2025,released
E08000007,lac_count,2025,by_ethnicity,White,379,,,,,,,,"DfE, Children looked after in England including adoptions",year ending 31 March 2025,released
E08000008,lac_count,2025,by_ethnicity,Asian,30,,,,,,,,"DfE, Children looked after in England including adoptions",year ending 31 March 2025,released
E08000008,lac_count,2025,by_ethnicity,Black,27,,,,,,,,"DfE, Children looked after in England including adoptions",year ending 31 March 2025,released
E08000008,lac_count,2025,by_ethnicity,Mixed,37,,,,,,,,"DfE, Children looked after in England including adoptions",year ending 31 March 2025,released
E08000008,lac_count,2025,overall,,652,,,,,,,,"DfE, Children looked after in England including adoptions",year ending 31 March 2025,released
E08000008,lac_count,2025,by_ethnicity,Other,12,,,,,,,,"DfE, Children looked after in England including adoptions",year ending 31 March 2025,released
E08000008,lac_count,2025,by_ethnicity,White,546,,,,,,,,"DfE, Children looked after in England including adoptions",year ending 31 March 2025,released
E08000009,lac_count,2025,by_ethnicity,Asian,43,,,,,,,,"DfE, Children looked after in England including adoptions",year ending 31 March 2025,released
E08000009,lac_count,2025,by_ethnicity,Black,24,,,,,,,,"DfE, Children looked after in England including adoptions",year ending 31 March 2025,released
E08000009,lac_count,2025,by_ethnicity,Mixed,59,,,,,,,,"DfE, Children looked after in England including adoptions",year ending 31 March 2025,released
E08000009,lac_count,2025,overall,,353,,,,,,,,"DfE, Children looked after in England including adoptions",year ending 31 March 2025,released
E08000009,lac_count,2025,by_ethnicity,Other,13,,,,,,,,"DfE, Children looked after in England including adoptions",year ending 31 March 2025,released
E08000009,lac_count,2025,by_ethnicity,White,214,,,,,,,,"DfE, Children looked after in England including adoptions",year ending 31 March 2025,released
E08000010,lac_count,2025,by_ethnicity,Asian,,,,,,,,,"DfE, Children looked after in England including adoptions",year ending 31 March 2025,suppressed
E08000010,lac_count,2025,by_ethnicity,Black,23,,,,,,,,"DfE, Children looked after in England including adoptions",year ending 31 March 2025,released
E08000010,lac_count,2025,by_ethnicity,Mixed,34,,,,,,,,"DfE, Children looked after in England including adoptions",year ending 31 March 2025,released
E08000010,lac_count,2025,overall,,652,,,,,,,,"DfE, Children looked after in England including adoptions",year ending 31 March 2025,released
E08000010,lac_count,2025,by_ethnicity,Other,,,,,,,,,"DfE, Children looked after in England including adoptions",year ending 31 March 2025,source_suppressed
E08000010,lac_count,2025,by_ethnicity,White,568,,,,,,,,"DfE, Children looked after in England including adoptions",year ending 31 March 2025,released
E08000011,lac_count,2025,by_ethnicity,Asian,,,,,,,,,"DfE, Children looked after in England including adoptions",year ending 31 March 2025,source_suppressed
E08000011,lac_count,2025,by_ethnicity,Black,7,,,,,,,,"DfE, Children looked after in England including adoptions",year ending 31 March 2025,released
E08000011,lac_count,2025,by_ethnicity,Mixed,10,,,,,,,,"DfE, Children looked after in England including adoptions",year ending 31 March 2025,released
E08000011,lac_count,2025,overall,,325,,,,,,,,"DfE, Children looked after in England including adoptions",year ending 31 March 2025,released
E08000011,lac_count,2025,by_ethnicity,Other,,,,,,,,,"DfE, Children looked after in England including adoptions",year ending 31 March 2025,source_suppressed
E08000011,lac_count,2025,by_ethnicity,White,295,,,,,,,,"DfE, Children looked after in England including adoptions",year ending 31 March 2025,released
E08000012,lac_count,2025,by_ethnicity,Asian,,,,,,,,,"DfE, Children looked after in England including adoptions",year ending 31 March 2025,suppressed
E08000012,lac_count,2025,by_ethnicity,Black,116,,,,,,,,"DfE, Children looked after in England including adoptions",year ending 31 March 2025,released
E08000012,lac_count,2025,by_ethnicity,Mixed,115,,,,,,,,"DfE, Children looked after in England including adoptions",year ending 31 March 2025,released
E08000012,lac_count,2025,overall,,1416,,,,,,,,"DfE, Children looked after in England including adoptions",year ending 31 March 2025,released
E08000012,lac_count,2025,by_ethnicity,Other,,,,,,,,,"DfE, Children looked after in England including adoptions",year ending 31 March 2025,source_suppressed
E08000012,lac_count,2025,by_ethnicity,White,1047,,,,,,,,"DfE, Children looked after in England including adoptions",year ending 31 March 2025,released
E08000013,lac_count,2025,by_ethnicity,Asian,0,,,,,,,,"DfE, Children looked after in England including adoptions",year ending 31 March 2025,released
E08000013,lac_count,2025,by_ethnicity,Black,,,,,,,,,"DfE, Children looked after in England including adoptions",year ending 31 March 2025,source_suppressed
E08000013,lac_count,2025,by_ethnicity,Mixed,,,,,,,,,"DfE, Children looked after in England including adoptions",year ending 31 March 2025,suppressed
E08000013,lac_count,2025,overall,,440,,,,,,,,"DfE, Children looked after in England including adoptions",year ending 31 March 2025,released
E08000013,lac_count,2025,by_ethnicity,Other,11,,,,,,,,"DfE, Children looked after in England including adoptions",year ending 31 March 2025,released
E08000013,lac_count,2025,by_ethnicity,White,417,,,,,,,,"DfE, Children looked after in England including adoptions",year ending 31 March 2025,released
E08000014,lac_count,2025,by_ethnicity,Asian,10,,,,,,,,"DfE, Children looked after in England including adoptions",year ending 31 March 2025,released
E08000014,lac_count,2025,by_ethnicity,Black,9,,,,,,,,"DfE, Children looked after in England including adoptions",year ending 31 March 2025,released
E08000014,lac_count,2025,by_ethnicity,Mixed,19,,,,,,,,"DfE, Children looked after in England including adoptions",year ending 31 March 2025,released
E08000014,lac_count,2025,overall,,506,,,,,,,,"DfE, Children looked after in England including adoptions",year ending 31 March 2025,released
E08000014,lac_count,2025,by_ethnicity,Other,11,,,,,,,,"DfE, Children looked after in England including adoptions",year ending 31 March 2025,released
E08000014,lac_count,2025,by_ethnicity,White,457,,,,,,,,"DfE, Children looked after in England including adoptions",year ending 31 March 2025,released
E08000015,lac_count,2025,by_ethnicity,Asian,15,,,,,,,,"DfE, Children looked after in England including adoptions",year ending 31 March 2025,released
E08000015,lac_count,2025,by_ethnicity,Black,10,,,,,,,,"DfE, Children looked after in England including adoptions",year ending 31 March 2025,released
E08000015,lac_count,2025,by_ethnicity,Mixed,42,,,,,,,,"DfE, Children looked after in England including adoptions",year ending 31 March 2025,released
E08000015,lac_count,2025,overall,,681,,,,,,,,"DfE, Children looked after in England including adoptions",year ending 31 March 2025,released
E08000015,lac_count,2025,by_ethnicity,Other,11,,,,,,,,"DfE, Children looked after in England including adoptions",year ending 31 March 2025,released
E08000015,lac_count,2025,by_ethnicity,White,597,,,,,,,,"DfE, Children looked after in England including adoptions",year ending 31 March 2025,released
E08000016,lac_count,2025,by_ethnicity,Asian,,,,,,,,,"DfE, Children looked after in England including adoptions",year ending 31 March 2025,source_suppressed
E08000016,lac_count,2025,by_ethnicity,Black,,,,,,,,,"DfE, Children looked after in England including adoptions",year ending 31 March 2025,suppressed
E08000016,lac_count,2025,by_ethnicity,Mixed,14,,,,,,,,"DfE, Children looked after in England including adoptions",year ending 31 March 2025,released
E08000016,lac_count,2025,overall,,366,,,,,,,,"DfE, Children looked after in England including adoptions",year ending 31 March 2025,released
E08000016,lac_count,2025,by_ethnicity,Other,17,,,,,,,,"DfE, Children looked after in England including adoptions",year ending 31 March 2025,released
E08000016,lac_count,2025,by_ethnicity,White,327,,,,,,,,"DfE, Children looked after in England including adoptions",year ending 31 March 2025,released
E08000017,lac_count,2025,by_ethnicity,Asian,,,,,,,,,"DfE, Children looked after in England including adoptions",year ending 31 March 2025,source_suppressed
E08000017,lac_count,2025,by_ethnicity,Black,,,,,,,,,"DfE, Children looked after in England including adoptions",year ending 31 March 2025,source_suppressed
E08000017,lac_count,2025,by_ethnicity,Mixed,32,,,,,,,,"DfE, Children looked after in England including adoptions",year ending 31 March 2025,released
E08000017,lac_count,2025,overall,,504,,,,,,,,"DfE, Children looked after in England including adoptions",year ending 31 March 2025,released
E08000017,lac_count,2025,by_ethnicity,Other,27,,,,,,,,"DfE, Children looked after in England including adoptions",year ending 31 March 2025,released
E08000017,lac_count,2025,by_ethnicity,White,413,,,,,,,,"DfE, Children looked after in England including adoptions",year ending 31 March 2025,released
E08000018,lac_count,2025,by_ethnicity,Asian,19,,,,,,,,"DfE, Children looked after in England including adoptions",year ending 31 March 2025,released
E08000018,lac_count,2025,by_ethnicity,Black,14,,,,,,,,"DfE, Children looked after in England including adoptions",year ending 31 March 2025,released
E08000018,lac_count,2025,by_ethnicity,Mixed,33,,,,,,,,"DfE, Children looked after in England including adoptions",year ending 31 March 2025,released
E08000018,lac_count,2025,overall,,476,,,,,,,,"DfE, Children looked after in England including adoptions",year ending 31 March 2025,released
E08000018,lac_count,2025,by_ethnicity,Other,9,,,,,,,,"DfE, Children looked after in England including adoptions",year ending 31 March 2025,released
E08000018,lac_count,2025,by_ethnicity,White,389,,,,,,,,"DfE, Children looked after in England including adoptions",year ending 31 March 2025,released
E08000019,lac_count,2025,by_ethnicity,Asian,,,,,,,,,"DfE, Children looked after in England including adoptions",year ending 31 March 2025,suppressed
E08000019,lac_count,2025,by_ethnicity,Black,60,,,,,,,,"DfE, Children looked after in England including adoptions",year ending 31 March 2025,released
E08000019,lac_count,2025,by_ethnicity,Mixed,113,,,,,,,,"DfE, Children looked after in England including adoptions",year ending 31 March 2025,released
E08000019,lac_count,2025,overall,,624,,,,,,,,"DfE, Children looked after in England including adoptions",year ending 31 March 2025,released
E08000019,lac_count,2025,by_ethnicity,Other,,,,,,,,,"DfE, Children looked after in England including adoptions",year ending 31 March 2025,source_suppressed
E08000019,lac_count,2025,by_ethnicity,White,373,,,,,,,,"DfE, Children looked after in England including adoptions",year ending 31 March 2025,released
E08000021,lac_count,2025,by_ethnicity,Asian,26,,,,,,,,"DfE, Children looked after in England including adoptions",year ending 31 March 2025,released
E08000021,lac_count,2025,by_ethnicity,Black,34,,,,,,,,"DfE, Children looked after in England including adoptions",year ending 31 March 2025,released
E08000021,lac_count,2025,by_ethnicity,Mixed,28,,,,,,,,"DfE, Children looked after in England including adoptions",year ending 31 March 2025,released
E08000021,lac_count,2025,overall,,654,,,,,,,,"DfE, Children looked after in England including adoptions",year ending 31 March 2025,released
E08000021,lac_count,2025,by_ethnicity,Other,79,,,,,,,,"DfE, Children looked after in England including adoptions",year ending 31 March 2025,released
E08000021,lac_count,2025,by_ethnicity,White,487,,,,,,,,"DfE, Children looked after in England including adoptions",year ending 31 March 2025,released
E08000022,lac_count,2025,by_ethnicity,Asian,11,,,,,,,,"DfE, Children looked after in England including adoptions",year ending 31 March 2025,released
E08000022,lac_count,2025,by_ethnicity,Black,8,,,,,,,,"DfE, Children looked after in England including adoptions",year ending 31 March 2025,released
E08000022,lac_count,2025,by_ethnicity,Mixed,8,,,,,,,,"DfE, Children looked after in England including adoptions",year ending 31 March 2025,released
E08000022,lac_count,2025,overall,,385,,,,,,,,"DfE, Children looked after in England including adoptions",year ending 31 March 2025,released
E08000022,lac_count,2025,by_ethnicity,Other,8,,,,,,,,"DfE, Children looked after in England including adoptions",year ending 31 March 2025,released
E08000022,lac_count,2025,by_ethnicity,White,350,,,,,,,,"DfE, Children looked after in England including adoptions",year ending 31 March 2025,released
E08000023,lac_count,2025,by_ethnicity,Asian,,,,,,,,,"DfE, Children looked after in England including adoptions",year ending 31 March 2025,source_suppressed
E08000023,lac_count,2025,by_ethnicity,Black,,,,,,,,,"DfE, Children looked after in England including adoptions",year ending 31 March 2025,suppressed
E08000023,lac_count,2025,by_ethnicity,Mixed,16,,,,,,,,"DfE, Children looked after in England including adoptions",year ending 31 March 2025,released
E08000023,lac_count,2025,overall,,295,,,,,,,,"DfE, Children looked after in England including adoptions",year ending 31 March 2025,released
E08000023,lac_count,2025,by_ethnicity,Other,12,,,,,,,,"DfE, Children looked after in England including adoptions",year ending 31 March 2025,released
E08000023,lac_count,2025,by_ethnicity,White,251,,,,,,,,"DfE, Children looked after in England including adoptions",year ending 31 March 2025,released
E08000024,lac_count,2025,by_ethnicity,Asian,,,,,,,,,"DfE, Children looked after in England including adoptions",year ending 31 March 2025,suppressed
E08000024,lac_count,2025,by_ethnicity,Black,23,,,,,,,,"DfE, Children looked after in England including adoptions",year ending 31 March 2025,released
E08000024,lac_count,2025,by_ethnicity,Mixed,33,,,,,,,,"DfE, Children looked after in England including adoptions",year ending 31 March 2025,released
E08000024,lac_count,2025,overall,,510,,,,,,,,"DfE, Children looked after in England including adoptions",year ending 31 March 2025,released
E08000024,lac_count,2025,by_ethnicity,Other,,,,,,,,,"DfE, Children looked after in England including adoptions",year ending 31 March 2025,source_suppressed
E08000024,lac_count,2025,by_ethnicity,White,427,,,,,,,,"DfE, Children looked after in England including adoptions",year ending 31 March 2025,released
E08000025,lac_count,2025,by_ethnicity,Asian,284,,,,,,,,"DfE, Children looked after in England including adoptions",year ending 31 March 2025,released
E08000025,lac_count,2025,by_ethnicity,Black,298,,,,,,,,"DfE, Children looked after in England including adoptions",year ending 31 March 2025,released
E08000025,lac_count,2025,by_ethnicity,Mixed,528,,,,,,,,"DfE, Children looked after in England including adoptions",year ending 31 March 2025,released
E08000025,lac_count,2025,overall,,2317,,,,,,,,"DfE, Children looked after in England including adoptions",year ending 31 March 2025,released
E08000025,lac_count,2025,by_ethnicity,Other,49,,,,,,,,"DfE, Children looked after in England including adoptions",year ending 31 March 2025,released
E08000025,lac_count,2025,by_ethnicity,White,1090,,,,,,,,"DfE, Children looked after in England including adoptions",year ending 31 March 2025,released
E08000026,lac_count,2025,by_ethnicity,Asian,41,,,,,,,,"DfE, Children looked after in England including adoptions",year ending 31 March 2025,released
E08000026,lac_count,2025,by_ethnicity,Black,81,,,,,,,,"DfE, Children looked after in England including adoptions",year ending 31 March 2025,released
E08000026,lac_count,2025,by_ethnicity,Mixed,101,,,,,,,,"DfE, Children looked after in England including adoptions",year ending 31 March 2025,released
E08000026,lac_count,2025,overall,,684,,,,,,,,"DfE, Children looked after in England including adoptions",year ending 31 March 2025,released
E08000026,lac_count,2025,by_ethnicity,Other,10,,,,,,,,"DfE, Children looked after in England including adoptions",year ending 31 March 2025,released
E08000026,lac_count,2025,by_ethnicity,White,442,,,,,,,,"DfE, Children looked after in England including adoptions",year ending 31 March 2025,released
E08000027,lac_count,2025,by_ethnicity,Asian,22,,,,,,,,"DfE, Children looked after in England including adoptions",year ending 31 March 2025,released
E08000027,lac_count,2025,by_ethnicity,Black,,,,,,,,,"DfE, Children looked after in England including adoptions",year ending 31 March 2025,source_suppressed
E08000027,lac_count,2025,by_ethnicity,Mixed,100,,,,,,,,"DfE, Children looked after in England including adoptions",year ending 31 March 2025,released
E08000027,lac_count,2025,overall,,575,,,,,,,,"DfE, Children looked after in England including adoptions",year ending 31 March 2025,released
E08000027,lac_count,2025,by_ethnicity,Other,,,,,,,,,"DfE, Children looked after in England including adoptions",year ending 31 March 2025,suppressed
E08000027,lac_count,2025,by_ethnicity,White,418,,,,,,,,"DfE, Children looked after in England including adoptions",year ending 31 March 2025,released
E08000028,lac_count,2025,by_ethnicity,Asian,75,,,,,,,,"DfE, Children looked after in England including adoptions",year ending 31 March 2025,released
E08000028,lac_count,2025,by_ethnicity,Black,98,,,,,,,,"DfE, Children looked after in England including adoptions",year ending 31 March 2025,released
E08000028,lac_count,2025,by_ethnicity,Mixed,187,,,,,,,,"DfE, Children looked after in England including adoptions",year ending 31 March 2025,released
E08000028,lac_count,2025,overall,,816,,,,,,,,"DfE, Children looked after in England including adoptions",year ending 31 March 2025,released
E08000028,lac_count,2025,by_ethnicity,Other,33,,,,,,,,"DfE, Children looked after in England including adoptions",year ending 31 March 2025,released
E08000028,lac_count,2025,by_ethnicity,White,423,,,,,,,,"DfE, Children looked after in England including adoptions",year ending 31 March 2025,released
E08000029,lac_count,2025,by_ethnicity,Asian,,,,,,,,,"DfE, Children looked after in England including adoptions",year ending 31 March 2025,source_suppressed
E08000029,lac_count,2025,by_ethnicity,Black,27,,,,,,,,"DfE, Children looked after in England including adoptions",year ending 31 March 2025,released
E08000029,lac_count,2025,by_ethnicity,Mixed,93,,,,,,,,"DfE, Children looked after in England including adoptions",year ending 31 March 2025,released
E08000029,lac_count,2025,overall,,489,,,,,,,,"DfE, Children looked after in England including adoptions",year ending 31 March 2025,released
E08000029,lac_count,2025,by_ethnicity,Other,,,,,,,,,"DfE, Children looked after in England including adoptions",year ending 31 March 2025,suppressed
E08000029,lac_count,2025,by_ethnicity,White,327,,,,,,,,"DfE, Children looked after in England including adoptions",year ending 31 March 2025,released
E08000030,lac_count,2025,by_ethnicity,Asian,,,,,,,,,"DfE, Children looked after in England including adoptions",year ending 31 March 2025,suppressed
E08000030,lac_count,2025,by_ethnicity,Black,31,,,,,,,,"DfE, Children looked after in England including adoptions",year ending 31 March 2025,released
E08000030,lac_count,2025,by_ethnicity,Mixed,104,,,,,,,,"DfE, Children looked after in England including adoptions",year ending 31 March 2025,released
E08000030,lac_count,2025,overall,,578,,,,,,,,"DfE, Children looked after in England including adoptions",year ending 31 March 2025,released
E08000030,lac_count,2025,by_ethnicity,Other,,,,,,,,,"DfE, Children looked after in England including adoptions",year ending 31 March 2025,source_suppressed
E08000030,lac_count,2025,by_ethnicity,White,394,,,,,,,,"DfE, Children looked after in England including adoptions",year ending 31 March 2025,released
E08000031,lac_count,2025,by_ethnicity,Asian,57,,,,,,,,"DfE, Children looked after in England including adoptions",year ending 31 March 2025,released
E08000031,lac_count,2025,by_ethnicity,Black,48,,,,,,,,"DfE, Children looked after in England including adoptions",year ending 31 March 2025,released
E08000031,lac_count,2025,by_ethnicity,Mixed,80,,,,,,,,"DfE, Children looked after in England including adoptions",year ending 31 March 2025,released
E08000031,lac_count,2025,overall,,501,,,,,,,,"DfE, Children looked after in England including adoptions",year ending 31 March 2025,released
E08000031,lac_count,2025,by_ethnicity,Other,27,,,,,,,,"DfE, Children looked after in England including adoptions",year ending 31 March 2025,released
E08000031,lac_count,2025,by_ethnicity,White,281,,,,,,,,"DfE, Children looked after in England including adoptions",year ending 31 March 2025,released
E08000032,lac_count,2025,by_ethnicity,Asian,156,,,,,,,,"DfE, Children looked after in England including adoptions",year ending 31 March 2025,released
E08000032,lac_count,2025,by_ethnicity,Black,38,,,,,,,,"DfE, Children looked after in England including adoptions",year ending 31 March 2025,released
E08000032,lac_count,2025,by_ethnicity,Mixed,214,,,,,,,,"DfE, Children looked after in England including adoptions",year ending 31 March 2025,released
E08000032,lac_count,2025,overall,,1366,,,,,,,,"DfE, Children looked after in England including adoptions",year ending 31 March 2025,released
E08000032,lac_count,2025,by_ethnicity,Other,68,,,,,,,,"DfE, Children looked after in England including adoptions",year ending 31 March 2025,released
E08000032,lac_count,2025,by_ethnicity,White,861,,,,,,,,"DfE, Children looked after in England including adoptions",year ending 31 March 2025,released
E08000033,lac_count,2025,by_ethnicity,Asian,,,,,,,,,"DfE, Children looked after in England including adoptions",year ending 31 March 2025,suppressed
E08000033,lac_count,2025,by_ethnicity,Black,,,,,,,,,"DfE, Children looked after in England including adoptions",year ending 31 March 2025,source_suppressed
E08000033,lac_count,2025,by_ethnicity,Mixed,30,,,,,,,,"DfE, Children looked after in England including adoptions",year ending 31 March 2025,released
E08000033,lac_count,2025,overall,,355,,,,,,,,"DfE, Children looked after in England including adoptions",year ending 31 March 2025,released
E08000033,lac_count,2025,by_ethnicity,Other,18,,,,,,,,"DfE, Children looked after in England including adoptions",year ending 31 March 2025,released
E08000033,lac_count,2025,by_ethnicity,White,289,,,,,,,,"DfE, Children looked after in England including adoptions",year ending 31 March 2025,released
E08000034,lac_count,2025,by_ethnicity,Asian,87,,,,,,,,"DfE, Children looked after in England including adoptions",year ending 31 March 2025,released
E08000034,lac_count,2025,by_ethnicity,Black,21,,,,,,,,"DfE, Children looked after in England including adoptions",year ending 31 March 2025,released
E08000034,lac_count,2025,by_ethnicity,Mixed,101,,,,,,,,"DfE, Children looked after in England including adoptions",year ending 31 March 2025,released
E08000034,lac_count,2025,overall,,641,,,,,,,,"DfE, Children looked after in England including adoptions",year ending 31 March 2025,released
E08000034,lac_count,2025,by_ethnicity,Other,18,,,,,,,,"DfE, Children looked after in England including adoptions",year ending 31 March 2025,released
E08000034,lac_count,2025,by_ethnicity,White,414,,,,,,,,"DfE, Children looked after in England including adoptions",year ending 31 March 2025,released
E08000035,lac_count,2025,by_ethnicity,Asian,,,,,,,,,"DfE, Children looked after in England including adoptions",year ending 31 March 2025,suppressed
E08000035,lac_count,2025,by_ethnicity,Black,132,,,,,,,,"DfE, Children looked after in England including adoptions",year ending 31 March 2025,released
E08000035,lac_count,2025,by_ethnicity,Mixed,209,,,,,,,,"DfE, Children looked after in England including adoptions",year ending 31 March 2025,released
E08000035,lac_count,2025,overall,,1498,,,,,,,,"DfE, Children looked after in England including adoptions",year ending 31 March 2025,released
E08000035,lac_count,2025,by_ethnicity,Other,,,,,,,,,"DfE, Children looked after in England including adoptions",year ending 31 March 2025,source_suppressed
E08000035,lac_count,2025,by_ethnicity,White,1029,,,,,,,,"DfE, Children looked after in England including adoptions",year ending 31 March 2025,released
E08000036,lac_count,2025,by_ethnicity,Asian,,,,,,,,,"DfE, Children looked after in England including adoptions",year ending 31 March 2025,source_suppressed
E08000036,lac_count,2025,by_ethnicity,Black,26,,,,,,,,"DfE, Children looked after in England including adoptions",year ending 31 March 2025,released
E08000036,lac_count,2025,by_ethnicity,Mixed,36,,,,,,,,"DfE, Children looked after in England including adoptions",year ending 31 March 2025,released
E08000036,lac_count,2025,overall,,692,,,,,,,,"DfE, Children looked after in England including adoptions",year ending 31 March 2025,released
E08000036,lac_count,2025,by_ethnicity,Other,,,,,,,,,"DfE, Children looked after in England including adoptions",year ending 31 March 2025,suppressed
E08000036,lac_count,2025,by_ethnicity,White,589,,,,,,,,"DfE, Children looked after in England including adoptions",year ending 31 March 2025,released
E08000037,lac_count,2025,by_ethnicity,Asian,,,,,,,,,"DfE, Children looked after in England including adoptions",year ending 31 March 2025,source_suppressed
E08000037,lac_count,2025,by_ethnicity,Black,,,,,,,,,"DfE, Children looked after in England including adoptions",year ending 31 March 2025,suppressed
E08000037,lac_count,2025,by_ethnicity,Mixed,25,,,,,,,,"DfE, Children looked after in England including adoptions",year ending 31 March 2025,released
E08000037,lac_count,2025,overall,,503,,,,,,,,"DfE, Children looked after in England including adoptions",year ending 31 March 2025,released
E08000037,lac_count,2025,by_ethnicity,Other,26,,,,,,,,"DfE, Children looked after in England including adoptions",year ending 31 March 2025,released
E08000037,lac_count,2025,by_ethnicity,White,423,,,,,,,,"DfE, Children looked after in England including adoptions",year ending 31 March 2025,released
E09000001,lac_count,2025,by_ethnicity,Asian,,,,,,,,,"DfE, Children looked after in England including adoptions",year ending 31 March 2025,source_suppressed
E09000001,lac_count,2025,by_ethnicity,Black,,,,,,,,,"DfE, Children looked after in England including adoptions",year ending 31 March 2025,source_suppressed
E09000001,lac_count,2025,by_ethnicity,Mixed,0,,,,,,,,"DfE, Children looked after in England including adoptions",year ending 31 March 2025,released
E09000001,lac_count,2025,overall,,,,,,,,,,"DfE, Children looked after in England including adoptions",year ending 31 March 2025,source_suppressed
E09000001,lac_count,2025,by_ethnicity,Other,0,,,,,,,,"DfE, Children looked after in England including adoptions",year ending 31 March 2025,released
E09000001,lac_count,2025,by_ethnicity,White,0,,,,,,,,"DfE, Children looked after in England including adoptions",year ending 31 March 2025,released
E09000002,lac_count,2025,by_ethnicity,Asian,,,,,,,,,"DfE, Children looked after in England including adoptions",year ending 31 March 2025,suppressed
E09000002,lac_count,2025,by_ethnicity,Black,72,,,,,,,,"DfE, Children looked after in England including adoptions",year ending 31 March 2025,released
E09000002,lac_count,2025,by_ethnicity,Mixed,61,,,,,,,,"DfE, Children looked after in England including adoptions",year ending 31 March 2025,released
E09000002,lac_count,2025,overall,,431,,,,,,,,"DfE, Children looked after in England including adoptions",year ending 31 March 2025,released
E09000002,lac_count,2025,by_ethnicity,Other,,,,,,,,,"DfE, Children looked after in England including adoptions",year ending 31 March 2025,source_suppressed
E09000002,lac_count,2025,by_ethnicity,White,235,,,,,,,,"DfE, Children looked after in England including adoptions",year ending 31 March 2025,released
E09000003,lac_count,2025,by_ethnicity,Asian,,,,,,,,,"DfE, Children looked after in England including adoptions",year ending 31 March 2025,suppressed
E09000003,lac_count,2025,by_ethnicity,Black,55,,,,,,,,"DfE, Children looked after in England including adoptions",year ending 31 March 2025,released
E09000003,lac_count,2025,by_ethnicity,Mixed,78,,,,,,,,"DfE, Children looked after in England including adoptions",year ending 31 March 2025,released
E09000003,lac_count,2025,overall,,343,,,,,,,,"DfE, Children looked after in England including adoptions",year ending 31 March 2025,released
E09000003,lac_count,2025,by_ethnicity,Other,,,,,,,,,"DfE, Children looked after in England including adoptions",year ending 31 March 2025,source_suppressed
E09000003,lac_count,2025,by_ethnicity,White,143,,,,,,,,"DfE, Children looked after in England including adoptions",year ending 31 March 2025,released
E09000004,lac_count,2025,by_ethnicity,Asian,,,,,,,,,"DfE, Children looked after in England including adoptions",year ending 31 March 2025,suppressed
E09000004,lac_count,2025,by_ethnicity,Black,45,,,,,,,,"DfE, Children looked after in England including adoptions",year ending 31 March 2025,released
E09000004,lac_count,2025,by_ethnicity,Mixed,36,,,,,,,,"DfE, Children looked after in England including adoptions",year ending 31 March 2025,released
E09000004,lac_count,2025,overall,,289,,,,,,,,"DfE, Children looked after in England including adoptions",year ending 31 March 2025,released
E09000004,lac_count,2025,by_ethnicity,Other,,,,,,,,,"DfE, Children looked after in England including adoptions",year ending 31 March 2025,source_suppressed
E09000004,lac_count,2025,by_ethnicity,White,192,,,,,,,,"DfE, Children looked after in England including adoptions",year ending 31 March 2025,released
E09000005,lac_count,2025,by_ethnicity,Asian,36,,,,,,,,"DfE, Children looked after in England including adoptions",year ending 31 March 2025,released
E09000005,lac_count,2025,by_ethnicity,Black,87,,,,,,,,"DfE, Children looked after in England including adoptions",year ending 31 March 2025,released
E09000005,lac_count,2025,by_ethnicity,Mixed,62,,,,,,,,"DfE, Children looked after in England including adoptions",year ending 31 March 2025,released
E09000005,lac_count,2025,overall,,296,,,,,,,,"DfE, Children looked after in England including adoptions",year ending 31 March 2025,released
E09000005,lac_count,2025,by_ethnicity,Other,46,,,,,,,,"DfE, Children looked after in England including adoptions",year ending 31 March 2025,released
E09000005,lac_count,2025,by_ethnicity,White,65,,,,,,,,"DfE, Children looked after in England including adoptions",year ending 31 March 2025,released
E09000006,lac_count,2025,by_ethnicity,Asian,15,,,,,,,,"DfE, Children looked after in England including adoptions",year ending 31 March 2025,released
E09000006,lac_count,2025,by_ethnicity,Black,58,,,,,,,,"DfE, Children looked after in England including adoptions",year ending 31 March 2025,released
E09000006,lac_count,2025,by_ethnicity,Mixed,74,,,,,,,,"DfE, Children looked after in England including adoptions",year ending 31 March 2025,released
E09000006,lac_count,2025,overall,,343,,,,,,,,"DfE, Children looked after in England including adoptions",year ending 31 March 2025,released
E09000006,lac_count,2025,by_ethnicity,Other,9,,,,,,,,"DfE, Children looked after in England including adoptions",year ending 31 March 2025,released
E09000006,lac_count,2025,by_ethnicity,White,187,,,,,,,,"DfE, Children looked after in England including adoptions",year ending 31 March 2025,released
E09000007,lac_count,2025,by_ethnicity,Asian,22,,,,,,,,"DfE, Children looked after in England including adoptions",year ending 31 March 2025,released
E09000007,lac_count,2025,by_ethnicity,Black,92,,,,,,,,"DfE, Children looked after in England including adoptions",year ending 31 March 2025,released
E09000007,lac_count,2025,by_ethnicity,Mixed,34,,,,,,,,"DfE, Children looked after in England including adoptions",year ending 31 March 2025,released
E09000007,lac_count,2025,overall,,205,,,,,,,,"DfE, Children looked after in England including adoptions",year ending 31 March 2025,released
E09000007,lac_count,2025,by_ethnicity,Other,16,,,,,,,,"DfE, Children looked after in England including adoptions",year ending 31 March 2025,released
E09000007,lac_count,2025,by_ethnicity,White,41,,,,,,,,"DfE, Children looked after in England including adoptions",year ending 31 March 2025,released
E09000008,lac_count,2025,by_ethnicity,Asian,74,,,,,,,,"DfE, Children looked after in England including adoptions",year ending 31 March 2025,released
E09000008,lac_count,2025,by_ethnicity,Black,166,,,,,,,,"DfE, Children looked after in England including adoptions",year ending 31 March 2025,released
E09000008,lac_count,2025,by_ethnicity,Mixed,118,,,,,,,,"DfE, Children looked after in England including adoptions",year ending 31 March 2025,released
E09000008,lac_count,2025,overall,,547,,,,,,,,"DfE, Children looked after in England including adoptions",year ending 31 March 2025,released
E09000008,lac_count,2025,by_ethnicity,Other,13,,,,,,,,"DfE, Children looked after in England including adoptions",year ending 31 March 2025,released
E09000008,lac_count,2025,by_ethnicity,White,167,,,,,,,,"DfE, Children looked after in England including adoptions",year ending 31 March 2025,released
E09000009,lac_count,2025,by_ethnicity,Asian,55,,,,,,,,"DfE, Children looked after in England including adoptions",year ending 31 March 2025,released
E09000009,lac_count,2025,by_ethnicity,Black,61,,,,,,,,"DfE, Children looked after in England including adoptions",year ending 31 March 2025,released
E09000009,lac_count,2025,by_ethnicity,Mixed,63,,,,,,,,"DfE, Children looked after in England including adoptions",year ending 31 March 2025,released
E09000009,lac_count,2025,overall,,275,,,,,,,,"DfE, Children looked after in England including adoptions",year ending 31 March 2025,released
E09000009,lac_count,2025,by_ethnicity,Other,11,,,,,,,,"DfE, Children looked after in England including adoptions",year ending 31 March 2025,released
E09000009,lac_count,2025,by_ethnicity,White,85,,,,,,,,"DfE, Children looked after in England including adoptions",year ending 31 March 2025,released
E09000010,lac_count,2025,by_ethnicity,Asian,,,,,,,,,"DfE, Children looked after in England including adoptions",year ending 31 March 2025,suppressed
E09000010,lac_count,2025,by_ethnicity,Black,118,,,,,,,,"DfE, Children looked after in England including adoptions",year ending 31 March 2025,released
E09000010,lac_count,2025,by_ethnicity,Mixed,47,,,,,,,,"DfE, Children looked after in England including adoptions",year ending 31 March 2025,released
E09000010,lac_count,2025,overall,,372,,,,,,,,"DfE, Children looked after in England including adoptions",year ending 31 March 2025,released
E09000010,lac_count,2025,by_ethnicity,Other,,,,,,,,,"DfE, Children looked after in England including adoptions",year ending 31 March 2025,source_suppressed
E09000010,lac_count,2025,by_ethnicity,White,163,,,,,,,,"DfE, Children looked after in England including adoptions",year ending 31 March 2025,released
E09000011,lac_count,2025,by_ethnicity,Asian,10,,,,,,,,"DfE, Children looked after in England including adoptions",year ending 31 March 2025,released
E09000011,lac_count,2025,by_ethnicity,Black,89,,,,,,,,"DfE, Children looked after in England including adoptions",year ending 31 March 2025,released
E09000011,lac_count,2025,by_ethnicity,Mixed,81,,,,,,,,"DfE, Children looked after in England including adoptions",year ending 31 March 2025,released
E09000011,lac_count,2025,overall,,404,,,,,,,,"DfE, Children looked after in England including adoptions",year ending 31 March 2025,released
E09000011,lac_count,2025,by_ethnicity,Other,12,,,,,,,,"DfE, Children looked after in England including adoptions",year ending 31 March 2025,released
E09000011,lac_count,2025,by_ethnicity,White,212,,,,,,,,"DfE, Children looked after in England including adoptions",year ending 31 March 2025,released
E09000012,lac_count,2025,by_ethnicity,Asian,30,,,,,,,,"DfE, Children looked after in England including adoptions",year ending 31 March 2025,released
E09000012,lac_count,2025,by_ethnicity,Black,140,,,,,,,,"DfE, Children looked after in England including adoptions",year ending 31 March 2025,released
E09000012,lac_count,2025,by_ethnicity,Mixed,83,,,,,,,,"DfE, Children looked after in England including adoptions",year ending 31 March 2025,released
E09000012,lac_count,2025,overall,,352,,,,,,,,"DfE, Children looked after in England including adoptions",year ending 31 March 2025,released
E09000012,lac_count,2025,by_ethnicity,Other,16,,,,,,,,"DfE, Children looked after in England including adoptions",year ending 31 March 2025,released
E09000012,lac_count,2025,by_ethnicity,White,83,,,,,,,,"DfE, Children looked after in England including adoptions",year ending 31 March 2025,released
E09000013,lac_count,2025,by_ethnicity,Asian,,,,,,,,,"DfE, Children looked after in England including adoptions",year ending 31 March 2025,source_suppressed
E09000013,lac_count,2025,by_ethnicity,Black,64,,,,,,,,"DfE, Children looked after in England including adoptions",year ending 31 March 2025,released
E09000013,lac_count,2025,by_ethnicity,Mixed,58,,,,,,,,"DfE, Children looked after in England including adoptions",year ending 31 March 2025,released
E09000013,lac_count,2025,overall,,197,,,,,,,,"DfE, Children looked after in England including adoptions",year ending 31 March 2025,released
E09000013,lac_count,2025,by_ethnicity,Other,,,,,,,,,"DfE, Children looked after in England including adoptions",year ending 31 March 2025,suppressed
E09000013,lac_count,2025,by_ethnicity,White,48,,,,,,,,"DfE, Children looked after in England including adoptions",year ending 31 March 2025,released
E09000014,lac_count,2025,by_ethnicity,Asian,,,,,,,,,"DfE, Children looked after in England including adoptions",year ending 31 March 2025,source_suppressed
E09000014,lac_count,2025,by_ethnicity,Black,145,,,,,,,,"DfE, Children looked after in England including adoptions",year ending 31 March 2025,released
E09000014,lac_count,2025,by_ethnicity,Mixed,65,,,,,,,,"DfE, Children looked after in England including adoptions",year ending 31 March 2025,released
E09000014,lac_count,2025,overall,,325,,,,,,,,"DfE, Children looked after in England including adoptions",year ending 31 March 2025,released
E09000014,lac_count,2025,by_ethnicity,Other,,,,,,,,,"DfE, Children looked after in England including adoptions",year ending 31 March 2025,suppressed
E09000014,lac_count,2025,by_ethnicity,White,75,,,,,,,,"DfE, Children looked after in England including adoptions",year ending 31 March 2025,released
E09000015,lac_count,2025,by_ethnicity,Asian,37,,,,,,,,"DfE, Children looked after in England including adoptions",year ending 31 March 2025,released
E09000015,lac_count,2025,by_ethnicity,Black,30,,,,,,,,"DfE, Children looked after in England including adoptions",year ending 31 March 2025,released
E09000015,lac_count,2025,by_ethnicity,Mixed,43,,,,,,,,"DfE, Children looked after in England including adoptions",year ending 31 March 2025,released
E09000015,lac_count,2025,overall,,176,,,,,,,,"DfE, Children looked after in England including adoptions",year ending 31 March 2025,released
E09000015,lac_count,2025,by_ethnicity,Other,26,,,,,,,,"DfE, Children looked after in England including adoptions",year ending 31 March 2025,released
E09000015,lac_count,2025,by_ethnicity,White,40,,,,,,,,"DfE, Children looked after in England including adoptions",year ending 31 March 2025,released
E09000016,lac_count,2025,by_ethnicity,Asian,10,,,,,,,,"DfE, Children looked after in England including adoptions",year ending 31 March 2025,released
E09000016,lac_count,2025,by_ethnicity,Black,28,,,,,,,,"DfE, Children looked after in England including adoptions",year ending 31 March 2025,released
E09000016,lac_count,2025,by_ethnicity,Mixed,50,,,,,,,,"DfE, Children looked after in England including adoptions",year ending 31 March 2025,released
E09000016,lac_count,2025,overall,,268,,,,,,,,"DfE, Children looked after in England including adoptions",year ending 31 March 2025,released
E09000016,lac_count,2025,by_ethnicity,Other,13,,,,,,,,"DfE, Children looked after in England including adoptions",year ending 31 March 2025,released
E09000016,lac_count,2025,by_ethnicity,White,167,,,,,,,,"DfE, Children looked after in England including adoptions",year ending 31 March 2025,released
E09000017,lac_count,2025,by_ethnicity,Asian,43,,,,,,,,"DfE, Children looked after in England including adoptions",year ending 31 March 2025,released
E09000017,lac_count,2025,by_ethnicity,Black,75,,,,,,,,"DfE, Children looked after in England including adoptions",year ending 31 March 2025,released
E09000017,lac_count,2025,by_ethnicity,Mixed,,,,,,,,,"DfE, Children looked after in England including adoptions",year ending 31 March 2025,suppressed
E09000017,lac_count,2025,overall,,312,,,,,,,,"DfE, Children looked after in England including adoptions",year ending 31 March 2025,released
E09000017,lac_count,2025,by_ethnicity,Other,,,,,,,,,"DfE, Children looked after in England including adoptions",year ending 31 March 2025,source_suppressed
E09000017,lac_count,2025,by_ethnicity,White,123,,,,,,,,"DfE, Children looked after in England including adoptions",year ending 31 March 2025,released
E09000018,lac_count,2025,by_ethnicity,Asian,34,,,,,,,,"DfE, Children looked after in England including adoptions",year ending 31 March 2025,released
E09000018,lac_count,2025,by_ethnicity,Black,44,,,,,,,,"DfE, Children looked after in England including adoptions",year ending 31 March 2025,released
E09000018,lac_count,2025,by_ethnicity,Mixed,31,,,,,,,,"DfE, Children looked after in England including adoptions",year ending 31 March 2025,released
E09000018,lac_count,2025,overall,,263,,,,,,,,"DfE, Children looked after in England including adoptions",year ending 31 March 2025,released
E09000018,lac_count,2025,by_ethnicity,Other,24,,,,,,,,"DfE, Children looked after in England including adoptions",year ending 31 March 2025,released
E09000018,lac_count,2025,by_ethnicity,White,116,,,,,,,,"DfE, Children looked after in England including adoptions",year ending 31 March 2025,released
E09000019,lac_count,2025,by_ethnicity,Asian,,,,,,,,,"DfE, Children looked after in England including adoptions",year ending 31 March 2025,suppressed
E09000019,lac_count,2025,by_ethnicity,Black,98,,,,,,,,"DfE, Children looked after in England including adoptions",year ending 31 March 2025,released
E09000019,lac_count,2025,by_ethnicity,Mixed,68,,,,,,,,"DfE, Children looked after in England including adoptions",year ending 31 March 2025,released
E09000019,lac_count,2025,overall,,282,,,,,,,,"DfE, Children looked after in England including adoptions",year ending 31 March 2025,released
E09000019,lac_count,2025,by_ethnicity,Other,,,,,,,,,"DfE, Children looked after in England including adoptions",year ending 31 March 2025,source_suppressed
E09000019,lac_count,2025,by_ethnicity,White,88,,,,,,,,"DfE, Children looked after in England including adoptions",year ending 31 March 2025,released
E09000020,lac_count,2025,by_ethnicity,Asian,,,,,,,,,"DfE, Children looked after in England including adoptions",year ending 31 March 2025,source_suppressed
E09000020,lac_count,2025,by_ethnicity,Black,44,,,,,,,,"DfE, Children looked after in England including adoptions",year ending 31 March 2025,released
E09000020,lac_count,2025,by_ethnicity,Mixed,34,,,,,,,,"DfE, Children looked after in England including adoptions",year ending 31 March 2025,released
E09000020,lac_count,2025,overall,,106,,,,,,,,"DfE, Children looked after in England including adoptions",year ending 31 March 2025,released
E09000020,lac_count,2025,by_ethnicity,Other,,,,,,,,,"DfE, Children looked after in England including adoptions",year ending 31 March 2025,suppressed
E09000020,lac_count,2025,by_ethnicity,White,13,,,,,,,,"DfE, Children looked after in England including adoptions",year ending 31 March 2025,released
E09000021,lac_count,2025,by_ethnicity,Asian,13,,,,,,,,"DfE, Children looked after in England including adoptions",year ending 31 March 2025,released
E09000021,lac_count,2025,by_ethnicity,Black,,,,,,,,,"DfE, Children looked after in England including adoptions",year ending 31 March 2025,source_suppressed
E09000021,lac_count,2025,by_ethnicity,Mixed,18,,,,,,,,"DfE, Children looked after in England including adoptions",year ending 31 March 2025,released
E09000021,lac_count,2025,overall,,113,,,,,,,,"DfE, Children looked after in England including adoptions",year ending 31 March 2025,released
E09000021,lac_count,2025,by_ethnicity,Other,,,,,,,,,"DfE, Children looked after in England including adoptions",year ending 31 March 2025,suppressed
E09000021,lac_count,2025,by_ethnicity,White,59,,,,,,,,"DfE, Children looked after in England including adoptions",year ending 31 March 2025,released
E09000022,lac_count,2025,by_ethnicity,Asian,,,,,,,,,"DfE, Children looked after in England including adoptions",year ending 31 March 2025,source_suppressed
E09000022,lac_count,2025,by_ethnicity,Black,201,,,,,,,,"DfE, Children looked after in England including adoptions",year ending 31 March 2025,released
E09000022,lac_count,2025,by_ethnicity,Mixed,82,,,,,,,,"DfE, Children looked after in England including adoptions",year ending 31 March 2025,released
E09000022,lac_count,2025,overall,,377,,,,,,,,"DfE, Children looked after in England including adoptions",year ending 31 March 2025,released
E09000022,lac_count,2025,by_ethnicity,Other,,,,,,,,,"DfE, Children looked after in England including adoptions",year ending 31 March 2025,suppressed
E09000022,lac_count,2025,by_ethnicity,White,49,,,,,,,,"DfE, Children looked after in England including adoptions",year ending 31 March 2025,released
E09000023,lac_count,2025,by_ethnicity,Asian,18,,,,,,,,"DfE, Children looked after in England including adoptions",year ending 31 March 2025,released
E09000023,lac_count,2025,by_ethnicity,Black,149,,,,,,,,"DfE, Children looked after in England including adoptions",year ending 31 March 2025,released
E09000023,lac_count,2025,by_ethnicity,Mixed,112,,,,,,,,"DfE, Children looked after in England including adoptions",year ending 31 March 2025,released
E09000023,lac_count,2025,overall,,439,,,,,,,,"DfE, Children looked after in England including adoptions",year ending 31 March 2025,released
E09000023,lac_count,2025,by_ethnicity,Other,29,,,,,,,,"DfE, Children looked after in England including adoptions",year ending 31 March 2025,released
E09000023,lac_count,2025,by_ethnicity,White,121,,,,,,,,"DfE, Children looked after in England including adoptions",year ending 31 March 2025,released
E09000024,lac_count,2025,by_ethnicity,Asian,,,,,,,,,"DfE, Children looked after in England including adoptions",year ending 31 March 2025,source_suppressed
E09000024,lac_count,2025,by_ethnicity,Black,24,,,,,,,,"DfE, Children looked after in England including adoptions",year ending 31 March 2025,released
E09000024,lac_count,2025,by_ethnicity,Mixed,36,,,,,,,,"DfE, Children looked after in England including adoptions",year ending 31 March 2025,released
E09000024,lac_count,2025,overall,,145,,,,,,,,"DfE, Children looked after in England including adoptions",year ending 31 March 2025,released
E09000024,lac_count,2025,by_ethnicity,Other,,,,,,,,,"DfE, Children looked after in England including adoptions",year ending 31 March 2025,suppressed
E09000024,lac_count,2025,by_ethnicity,White,63,,,,,,,,"DfE, Children looked after in England including adoptions",year ending 31 March 2025,released
E09000025,lac_count,2025,by_ethnicity,Asian,,,,,,,,,"DfE, Children looked after in England including adoptions",year ending 31 March 2025,suppressed
E09000025,lac_count,2025,by_ethnicity,Black,105,,,,,,,,"DfE, Children looked after in England including adoptions",year ending 31 March 2025,released
E09000025,lac_count,2025,by_ethnicity,Mixed,91,,,,,,,,"DfE, Children looked after in England including adoptions",year ending 31 March 2025,released
E09000025,lac_count,2025,overall,,404,,,,,,,,"DfE, Children looked after in England including adoptions",year ending 31 March 2025,released
E09000025,lac_count,2025,by_ethnicity,Other,,,,,,,,,"DfE, Children looked after in England including adoptions",year ending 31 March 2025,source_suppressed
E09000025,lac_count,2025,by_ethnicity,White,89,,,,,,,,"DfE, Children looked after in England including adoptions",year ending 31 March 2025,released
E09000026,lac_count,2025,by_ethnicity,Asian,77,,,,,,,,"DfE, Children looked after in England including adoptions",year ending 31 March 2025,released
E09000026,lac_count,2025,by_ethnicity,Black,56,,,,,,,,"DfE, Children looked after in England including adoptions",year ending 31 March 2025,released
E09000026,lac_count,2025,by_ethnicity,Mixed,64,,,,,,,,"DfE, Children looked after in England including adoptions",year ending 31 March 2025,released
E09000026,lac_count,2025,overall,,299,,,,,,,,"DfE, Children looked after in England including adoptions",year ending 31 March 2025,released
E09000026,lac_count,2025,by_ethnicity,Other,37,,,,,,,,"DfE, Children looked after in England including adoptions",year ending 31 March 2025,released
E09000026,lac_count,2025,by_ethnicity,White,65,,,,,,,,"DfE, Children looked after in England including adoptions",year ending 31 March 2025,released
E09000027,lac_count,2025,by_ethnicity,Asian,,,,,,,,,"DfE, Children looked after in England including adoptions",year ending 31 March 2025,source_suppressed
E09000027,lac_count,2025,by_ethnicity,Black,,,,,,,,,"DfE, Children looked after in England including adoptions",year ending 31 March 2025,source_suppressed
E09000027,lac_count,2025,by_ethnicity,Mixed,29,,,,,,,,"DfE, Children looked after in England including adoptions",year ending 31 March 2025,released
E09000027,lac_count,2025,overall,,121,,,,,,,,"DfE, Children looked after in England including adoptions",year ending 31 March 2025,released
E09000027,lac_count,2025,by_ethnicity,Other,18,,,,,,,,"DfE, Children looked after in England including adoptions",year ending 31 March 2025,released
E09000027,lac_count,2025,by_ethnicity,White,57,,,,,,,,"DfE, Children looked after in England including adoptions",year ending 31 March 2025,released
E09000028,lac_count,2025,by_ethnicity,Asian,17,,,,,,,,"DfE, Children looked after in England including adoptions",year ending 31 March 2025,released
E09000028,lac_count,2025,by_ethnicity,Black,156,,,,,,,,"DfE, Children looked after in England including adoptions",year ending 31 March 2025,released
E09000028,lac_count,2025,by_ethnicity,Mixed,96,,,,,,,,"DfE, Children looked after in England including adoptions",year ending 31 March 2025,released
E09000028,lac_count,2025,overall,,387,,,,,,,,"DfE, Children looked after in England including adoptions",year ending 31 March 2025,released
E09000028,lac_count,2025,by_ethnicity,Other,29,,,,,,,,"DfE, Children looked after in England including adoptions",year ending 31 March 2025,released
E09000028,lac_count,2025,by_ethnicity,White,89,,,,,,,,"DfE, Children looked after in England including adoptions",year ending 31 March 2025,released
E09000029,lac_count,2025,by_ethnicity,Asian,13,,,,,,,,"DfE, Children looked after in England including adoptions",year ending 31 March 2025,released
E09000029,lac_count,2025,by_ethnicity,Black,23,,,,,,,,"DfE, Children looked after in England including adoptions",year ending 31 March 2025,released
E09000029,lac_count,2025,by_ethnicity,Mixed,32,,,,,,,,"DfE, Children looked after in England including adoptions",year ending 31 March 2025,released
E09000029,lac_count,2025,overall,,215,,,,,,,,"DfE, Children looked after in England including adoptions",year ending 31 March 2025,released
E09000029,lac_count,2025,by_ethnicity,Other,17,,,,,,,,"DfE, Children looked after in England including adoptions",year ending 31 March 2025,released
E09000029,lac_count,2025,by_ethnicity,White,130,,,,,,,,"DfE, Children looked after in England including adoptions",year ending 31 March 2025,released
E09000030,lac_count,2025,by_ethnicity,Asian,100,,,,,,,,"DfE, Children looked after in England including adoptions",year ending 31 March 2025,released
E09000030,lac_count,2025,by_ethnicity,Black,,,,,,,,,"DfE, Children looked after in England including adoptions",year ending 31 March 2025,suppressed
E09000030,lac_count,2025,by_ethnicity,Mixed,68,,,,,,,,"DfE, Children looked after in England including adoptions",year ending 31 March 2025,released
E09000030,lac_count,2025,overall,,284,,,,,,,,"DfE, Children looked after in England including adoptions",year ending 31 March 2025,released
E09000030,lac_count,2025,by_ethnicity,Other,,,,,,,,,"DfE, Children looked after in England including adoptions",year ending 31 March 2025,source_suppressed
E09000030,lac_count,2025,by_ethnicity,White,60,,,,,,,,"DfE, Children looked after in England including adoptions",year ending 31 March 2025,released
E09000031,lac_count,2025,by_ethnicity,Asian,,,,,,,,,"DfE, Children looked after in England including adoptions",year ending 31 March 2025,suppressed
E09000031,lac_count,2025,by_ethnicity,Black,90,,,,,,,,"DfE, Children looked after in England including adoptions",year ending 31 March 2025,released
E09000031,lac_count,2025,by_ethnicity,Mixed,59,,,,,,,,"DfE, Children looked after in England including adoptions",year ending 31 March 2025,released
E09000031,lac_count,2025,overall,,292,,,,,,,,"DfE, Children looked after in England including adoptions",year ending 31 March 2025,released
E09000031,lac_count,2025,by_ethnicity,Other,,,,,,,,,"DfE, Children looked after in England including adoptions",year ending 31 March 2025,source_suppressed
E09000031,lac_count,2025,by_ethnicity,White,90,,,,,,,,"DfE, Children looked after in England including adoptions",year ending 31 March 2025,released
E09000032,lac_count,2025,by_ethnicity,Asian,12,,,,,,,,"DfE, Children looked after in England including adoptions",year ending 31 March 2025,released
E09000032,lac_count,2025,by_ethnicity,Black,79,,,,,,,,"DfE, Children looked after in England including adoptions",year ending 31 March 2025,released
E09000032,lac_count,2025,by_ethnicity,Mixed,75,,,,,,,,"DfE, Children looked after in England including adoptions",year ending 31 March 2025,released
E09000032,lac_count,2025,overall,,240,,,,,,,,"DfE, Children looked after in England including adoptions",year ending 31 March 2025,released
E09000032,lac_count,2025,by_ethnicity,Other,13,,,,,,,,"DfE, Children looked after in England including adoptions",year ending 31 March 2025,released
E09000032,lac_count,2025,by_ethnicity,White,61,,,,,,,,"DfE, Children looked after in England including adoptions",year ending 31 March 2025,released
E09000033,lac_count,2025,by_ethnicity,Asian,,,,,,,,,"DfE, Children looked after in England including adoptions",year ending 31 March 2025,source_suppressed
E09000033,lac_count,2025,by_ethnicity,Black,58,,,,,,,,"DfE, Children looked after in England including adoptions",year ending 31 March 2025,released
E09000033,lac_count,2025,by_ethnicity,Mixed,54,,,,,,,,"DfE, Children looked after in England including adoptions",year ending 31 March 2025,released
E09000033,lac_count,2025,overall,,186,,,,,,,,"DfE, Children looked after in England including adoptions",year ending 31 March 2025,released
E09000033,lac_count,2025,by_ethnicity,Other,32,,,,,,,,"DfE, Children looked after in England including adoptions",year ending 31 March 2025,released
E09000033,lac_count,2025,by_ethnicity,White,,,,,,,,,"DfE, Children looked after in England including adoptions",year ending 31 March 2025,suppressed
E10000003,lac_count,2025,by_ethnicity,Asian,,,,,,,,,"DfE, Children looked after in England including adoptions",year ending 31 March 2025,source_suppressed
E10000003,lac_count,2025,by_ethnicity,Black,51,,,,,,,,"DfE, Children looked after in England including adoptions",year ending 31 March 2025,released
E10000003,lac_count,2025,by_ethnicity,Mixed,56,,,,,,,,"DfE, Children looked after in England including adoptions",year ending 31 March 2025,released
E10000003,lac_count,2025,overall,,705,,,,,,,,"DfE, Children looked after in England including adoptions",year ending 31 March 2025,released
E10000003,lac_count,2025,by_ethnicity,Other,,,,,,,,,"DfE, Children looked after in England including adoptions",year ending 31 March 2025,suppressed
E10000003,lac_count,2025,by_ethnicity,White,513,,,,,,,,"DfE, Children looked after in England including adoptions",year ending 31 March 2025,released
E10000006,lac_count,2025,by_ethnicity,Asian,,,,,,,,,"DfE, Children looked after in England including adoptions",year ending 31 March 2025,source_suppressed
E10000006,lac_count,2025,by_ethnicity,Black,,,,,,,,,"DfE, Children looked after in England including adoptions",year ending 31 March 2025,source_suppressed
E10000006,lac_count,2025,by_ethnicity,Mixed,,,,,,,,,"DfE, Children looked after in England including adoptions",year ending 31 March 2025,source_suppressed
E10000006,lac_count,2025,overall,,,,,,,,,,"DfE, Children looked after in England including adoptions",year ending 31 March 2025,source_suppressed
E10000006,lac_count,2025,by_ethnicity,Other,,,,,,,,,"DfE, Children looked after in England including adoptions",year ending 31 March 2025,source_suppressed
E10000006,lac_count,2025,by_ethnicity,White,,,,,,,,,"DfE, Children looked after in England including adoptions",year ending 31 March 2025,source_suppressed
E10000007,lac_count,2025,by_ethnicity,Asian,,,,,,,,,"DfE, Children looked after in England including adoptions",year ending 31 March 2025,suppressed
E10000007,lac_count,2025,by_ethnicity,Black,43,,,,,,,,"DfE, Children looked after in England including adoptions",year ending 31 March 2025,released
E10000007,lac_count,2025,by_ethnicity,Mixed,57,,,,,,,,"DfE, Children looked after in England including adoptions",year ending 31 March 2025,released
E10000007,lac_count,2025,overall,,1024,,,,,,,,"DfE, Children looked after in England including adoptions",year ending 31 March 2025,released
E10000007,lac_count,2025,by_ethnicity,Other,,,,,,,,,"DfE, Children looked after in England including adoptions",year ending 31 March 2025,source_suppressed
E10000007,lac_count,2025,by_ethnicity,White,865,,,,,,,,"DfE, Children looked after in England including adoptions",year ending 31 March 2025,released
E10000008,lac_count,2025,by_ethnicity,Asian,,,,,,,,,"DfE, Children looked after in England including adoptions",year ending 31 March 2025,suppressed
E10000008,lac_count,2025,by_ethnicity,Black,,,,,,,,,"DfE, Children looked after in England including adoptions",year ending 31 March 2025,source_suppressed
E10000008,lac_count,2025,by_ethnicity,Mixed,32,,,,,,,,"DfE, Children looked after in England including adoptions",year ending 31 March 2025,released
E10000008,lac_count,2025,overall,,849,,,,,,,,"DfE, Children looked after in England including adoptions",year ending 31 March 2025,released
E10000008,lac_count,2025,by_ethnicity,Other,30,,,,,,,,"DfE, Children looked after in England including adoptions",year ending 31 March 2025,released
E10000008,lac_count,2025,by_ethnicity,White,741,,,,,,,,"DfE, Children looked after in England including adoptions",year ending 31 March 2025,released
E10000011,lac_count,2025,by_ethnicity,Asian,16,,,,,,,,"DfE, Children looked after in England including adoptions",year ending 31 March 2025,released
E10000011,lac_count,2025,by_ethnicity,Black,33,,,,,,,,"DfE, Children looked after in England including adoptions",year ending 31 March 2025,released
E10000011,lac_count,2025,by_ethnicity,Mixed,43,,,,,,,,"DfE, Children looked after in England including adoptions",year ending 31 March 2025,released
E10000011,lac_count,2025,overall,,688,,,,,,,,"DfE, Children looked after in England including adoptions",year ending 31 March 2025,released
E10000011,lac_count,2025,by_ethnicity,Other,40,,,,,,,,"DfE, Children looked after in England including adoptions",year ending 31 March 2025,released
E10000011,lac_count,2025,by_ethnicity,White,556,,,,,,,,"DfE, Children looked after in England including adoptions",year ending 31 March 2025,released
E10000012,lac_count,2025,by_ethnicity,Asian,40,,,,,,,,"DfE, Children looked after in England including adoptions",year ending 31 March 2025,released
E10000012,lac_count,2025,by_ethnicity,Black,72,,,,,,,,"DfE, Children looked after in England including adoptions",year ending 31 March 2025,released
E10000012,lac_count,2025,by_ethnicity,Mixed,131,,,,,,,,"DfE, Children looked after in England including adoptions",year ending 31 March 2025,released
E10000012,lac_count,2025,overall,,1141,,,,,,,,"DfE, Children looked after in England including adoptions",year ending 31 March 2025,released
E10000012,lac_count,2025,by_ethnicity,Other,21,,,,,,,,"DfE, Children looked after in England including adoptions",year ending 31 March 2025,released
E10000012,lac_count,2025,by_ethnicity,White,877,,,,,,,,"DfE, Children looked after in England including adoptions",year ending 31 March 2025,released
E10000013,lac_count,2025,by_ethnicity,Asian,39,,,,,,,,"DfE, Children looked after in England including adoptions",year ending 31 March 2025,released
E10000013,lac_count,2025,by_ethnicity,Black,38,,,,,,,,"DfE, Children looked after in England including adoptions",year ending 31 March 2025,released
E10000013,lac_count,2025,by_ethnicity,Mixed,94,,,,,,,,"DfE, Children looked after in England including adoptions",year ending 31 March 2025,released
E10000013,lac_count,2025,overall,,758,,,,,,,,"DfE, Children looked after in England including adoptions",year ending 31 March 2025,released
E10000013,lac_count,2025,by_ethnicity,Other,17,,,,,,,,"DfE, Children looked after in England including adoptions",year ending 31 March 2025,released
E10000013,lac_count,2025,by_ethnicity,White,570,,,,,,,,"DfE, Children looked after in England including adoptions",year ending 31 March 2025,released
E10000014,lac_count,2025,by_ethnicity,Asian,64,,,,,,,,"DfE, Children looked after in England including adoptions",year ending 31 March 2025,released
E10000014,lac_count,2025,by_ethnicity,Black,84,,,,,,,,"DfE, Children looked after in England including adoptions",year ending 31 March 2025,released
E10000014,lac_count,2025,by_ethnicity,Mixed,94,,,,,,,,"DfE, Children looked after in England including adoptions",year ending 31 March 2025,released
E10000014,lac_count,2025,overall,,1738,,,,,,,,"DfE, Children looked after in England including adoptions",year ending 31 March 2025,released
E10000014,lac_count,2025,by_ethnicity,Other,63,,,,,,,,"DfE, Children looked after in England including adoptions",year ending 31 March 2025,released
E10000014,lac_count,2025,by_ethnicity,White,1400,,,,,,,,"DfE, Children looked after in England including adoptions",year ending 31 March 2025,released
E10000015,lac_count,2025,by_ethnicity,Asian,62,,,,,,,,"DfE, Children looked after in England including adoptions",year ending 31 March 2025,released
E10000015,lac_count,2025,by_ethnicity,Black,91,,,,,,,,"DfE, Children looked after in England including adoptions",year ending 31 March 2025,released
E10000015,lac_count,2025,by_ethnicity,Mixed,125,,,,,,,,"DfE, Children looked after in England including adoptions",year ending 31 March 2025,released
E10000015,lac_count,2025,overall,,999,,,,,,,,"DfE, Children looked after in England including adoptions",year ending 31 March 2025,released
E10000015,lac_count,2025,by_ethnicity,Other,38,,,,,,,,"DfE, Children looked after in England including adoptions",year ending 31 March 2025,released
E10000015,lac_count,2025,by_ethnicity,White,683,,,,,,,,"DfE, Children looked after in England including adoptions",year ending 31 March 2025,released
E10000016,lac_count,2025,by_ethnicity,Asian,36,,,,,,,,"DfE, Children looked after in England including adoptions",year ending 31 March 2025,released
E10000016,lac_count,2025,by_ethnicity,Black,167,,,,,,,,"DfE, Children looked after in England including adoptions",year ending 31 March 2025,released
E10000016,lac_count,2025,by_ethnicity,Mixed,121,,,,,,,,"DfE, Children looked after in England including adoptions",year ending 31 March 2025,released
E10000016,lac_count,2025,overall,,1896,,,,,,,,"DfE, Children looked after in England including adoptions",year ending 31 March 2025,released
E10000016,lac_count,2025,by_ethnicity,Other,297,,,,,,,,"DfE, Children looked after in England including adoptions",year ending 31 March 2025,released
E10000016,lac_count,2025,by_ethnicity,White,1267,,,,,,,,"DfE, Children looked after in England including adoptions",year ending 31 March 2025,released
E10000017,lac_count,2025,by_ethnicity,Asian,80,,,,,,,,"DfE, Children looked after in England including adoptions",year ending 31 March 2025,released
E10000017,lac_count,2025,by_ethnicity,Black,,,,,,,,,"DfE, Children looked after in England including adoptions",year ending 31 March 2025,source_suppressed
E10000017,lac_count,2025,by_ethnicity,Mixed,129,,,,,,,,"DfE, Children looked after in England including adoptions",year ending 31 March 2025,released
E10000017,lac_count,2025,overall,,1699,,,,,,,,"DfE, Children looked after in England including adoptions",year ending 31 March 2025,released
E10000017,lac_count,2025,by_ethnicity,Other,,,,,,,,,"DfE, Children looked after in England including adoptions",year ending 31 March 2025,suppressed
E10000017,lac_count,2025,by_ethnicity,White,1429,,,,,,,,"DfE, Children looked after in England including adoptions",year ending 31 March 2025,released
E10000018,lac_count,2025,by_ethnicity,Asian,,,,,,,,,"DfE, Children looked after in England including adoptions",year ending 31 March 2025,suppressed
E10000018,lac_count,2025,by_ethnicity,Black,,,,,,,,,"DfE, Children looked after in England including adoptions",year ending 31 March 2025,source_suppressed
E10000018,lac_count,2025,by_ethnicity,Mixed,64,,,,,,,,"DfE, Children looked after in England including adoptions",year ending 31 March 2025,released
E10000018,lac_count,2025,overall,,694,,,,,,,,"DfE, Children looked after in England including adoptions",year ending 31 March 2025,released
E10000018,lac_count,2025,by_ethnicity,Other,44,,,,,,,,"DfE, Children looked after in England including adoptions",year ending 31 March 2025,released
E10000018,lac_count,2025,by_ethnicity,White,527,,,,,,,,"DfE, Children looked after in England including adoptions",year ending 31 March 2025,released
E10000019,lac_count,2025,by_ethnicity,Asian,,,,,,,,,"DfE, Children looked after in England including adoptions",year ending 31 March 2025,source_suppressed
E10000019,lac_count,2025,by_ethnicity,Black,,,,,,,,,"DfE, Children looked after in England including adoptions",year ending 31 March 2025,source_suppressed
E10000019,lac_count,2025,by_ethnicity,Mixed,32,,,,,,,,"DfE, Children looked after in England including adoptions",year ending 31 March 2025,released
E10000019,lac_count,2025,overall,,805,,,,,,,,"DfE, Children looked after in England including adoptions",year ending 31 March 2025,released
E10000019,lac_count,2025,by_ethnicity,Other,59,,,,,,,,"DfE, Children looked after in England including adoptions",year ending 31 March 2025,released
E10000019,lac_count,2025,by_ethnicity,White,666,,,,,,,,"DfE, Children looked after in England including adoptions",year ending 31 March 2025,released
E10000020,lac_count,2025,by_ethnicity,Asian,44,,,,,,,,"DfE, Children looked after in England including adoptions",year ending 31 March 2025,released
E10000020,lac_count,2025,by_ethnicity,Black,46,,,,,,,,"DfE, Children looked after in England including adoptions",year ending 31 March 2025,released
E10000020,lac_count,2025,by_ethnicity,Mixed,66,,,,,,,,"DfE, Children looked after in England including adoptions",year ending 31 March 2025,released
E10000020,lac_count,2025,overall,,1069,,,,,,,,"DfE, Children looked after in England including adoptions",year ending 31 March 2025,released
E10000020,lac_count,2025,by_ethnicity,Other,41,,,,,,,,"DfE, Children looked after in England including adoptions",year ending 31 March 2025,released
E10000020,lac_count,2025,by_ethnicity,White,863,,,,,,,,"DfE, Children looked after in England including adoptions",year ending 31 March 2025,released
E10000021,lac_count,2025,by_ethnicity,Asian,,,,,,,,,"DfE, Children looked after in England including adoptions",year ending 31 March 2025,source_suppressed
E10000021,lac_count,2025,by_ethnicity,Black,,,,,,,,,"DfE, Children looked after in England including adoptions",year ending 31 March 2025,source_suppressed
E10000021,lac_count,2025,by_ethnicity,Mixed,,,,,,,,,"DfE, Children looked after in England including adoptions",year ending 31 March 2025,source_suppressed
E10000021,lac_count,2025,overall,,,,,,,,,,"DfE, Children looked after in England including adoptions",year ending 31 March 2025,source_suppressed
E10000021,lac_count,2025,by_ethnicity,Other,,,,,,,,,"DfE, Children looked after in England including adoptions",year ending 31 March 2025,source_suppressed
E10000021,lac_count,2025,by_ethnicity,White,,,,,,,,,"DfE, Children looked after in England including adoptions",year ending 31 March 2025,source_suppressed
E10000024,lac_count,2025,by_ethnicity,Asian,,,,,,,,,"DfE, Children looked after in England including adoptions",year ending 31 March 2025,source_suppressed
E10000024,lac_count,2025,by_ethnicity,Black,,,,,,,,,"DfE, Children looked after in England including adoptions",year ending 31 March 2025,suppressed
E10000024,lac_count,2025,by_ethnicity,Mixed,60,,,,,,,,"DfE, Children looked after in England including adoptions",year ending 31 March 2025,released
E10000024,lac_count,2025,overall,,901,,,,,,,,"DfE, Children looked after in England including adoptions",year ending 31 March 2025,released
E10000024,lac_count,2025,by_ethnicity,Other,37,,,,,,,,"DfE, Children looked after in England including adoptions",year ending 31 March 2025,released
E10000024,lac_count,2025,by_ethnicity,White,741,,,,,,,,"DfE, Children looked after in England including adoptions",year ending 31 March 2025,released
E10000025,lac_count,2025,by_ethnicity,Asian,,,,,,,,,"DfE, Children looked after in England including adoptions",year ending 31 March 2025,suppressed
E10000025,lac_count,2025,by_ethnicity,Black,68,,,,,,,,"DfE, Children looked after in England including adoptions",year ending 31 March 2025,released
E10000025,lac_count,2025,by_ethnicity,Mixed,81,,,,,,,,"DfE, Children looked after in England including adoptions",year ending 31 March 2025,released
E10000025,lac_count,2025,overall,,800,,,,,,,,"DfE, Children looked after in England including adoptions",year ending 31 March 2025,released
E10000025,lac_count,2025,by_ethnicity,Other,,,,,,,,,"DfE, Children looked after in England including adoptions",year ending 31 March 2025,source_suppressed
E10000025,lac_count,2025,by_ethnicity,White,580,,,,,,,,"DfE, Children looked after in England including adoptions",year ending 31 March 2025,released
E10000028,lac_count,2025,by_ethnicity,Asian,29,,,,,,,,"DfE, Children looked after in England including adoptions",year ending 31 March 2025,released
E10000028,lac_count,2025,by_ethnicity,Black,31,,,,,,,,"DfE, Children looked after in England including adoptions",year ending 31 March 2025,released
E10000028,lac_count,2025,by_ethnicity,Mixed,99,,,,,,,,"DfE, Children looked after in England including adoptions",year ending 31 March 2025,released
E10000028,lac_count,2025,overall,,1306,,,,,,,,"DfE, Children looked after in England including adoptions",year ending 31 March 2025,released
E10000028,lac_count,2025,by_ethnicity,Other,13,,,,,,,,"DfE, Children looked after in England including adoptions",year ending 31 March 2025,released
E10000028,lac_count,2025,by_ethnicity,White,1134,,,,,,,,"DfE, Children looked after in England including adoptions",year ending 31 March 2025,released
E10000029,lac_count,2025,by_ethnicity,Asian,,,,,,,,,"DfE, Children looked after in England including adoptions",year ending 31 March 2025,suppressed
E10000029,lac_count,2025,by_ethnicity,Black,,,,,,,,,"DfE, Children looked after in England including adoptions",year ending 31 March 2025,source_suppressed
E10000029,lac_count,2025,by_ethnicity,Mixed,65,,,,,,,,"DfE, Children looked after in England including adoptions",year ending 31 March 2025,released
E10000029,lac_count,2025,overall,,916,,,,,,,,"DfE, Children looked after in England including adoptions",year ending 31 March 2025,released
E10000029,lac_count,2025,by_ethnicity,Other,69,,,,,,,,"DfE, Children looked after in England including adoptions",year ending 31 March 2025,released
E10000029,lac_count,2025,by_ethnicity,White,708,,,,,,,,"DfE, Children looked after in England including adoptions",year ending 31 March 2025,released
E10000030,lac_count,2025,by_ethnicity,Asian,87,,,,,,,,"DfE, Children looked after in England including adoptions",year ending 31 March 2025,released
E10000030,lac_count,2025,by_ethnicity,Black,66,,,,,,,,"DfE, Children looked after in England including adoptions",year ending 31 March 2025,released
E10000030,lac_count,2025,by_ethnicity,Mixed,84,,,,,,,,"DfE, Children looked after in England including adoptions",year ending 31 March 2025,released
E10000030,lac_count,2025,overall,,932,,,,,,,,"DfE, Children looked after in England including adoptions",year ending 31 March 2025,released
E10000030,lac_count,2025,by_ethnicity,Other,17,,,,,,,,"DfE, Children looked after in England including adoptions",year ending 31 March 2025,released
E10000030,lac_count,2025,by_ethnicity,White,678,,,,,,,,"DfE, Children looked after in England including adoptions",year ending 31 March 2025,released
E10000031,lac_count,2025,by_ethnicity,Asian,12,,,,,,,,"DfE, Children looked after in England including adoptions",year ending 31 March 2025,released
E10000031,lac_count,2025,by_ethnicity,Black,42,,,,,,,,"DfE, Children looked after in England including adoptions",year ending 31 March 2025,released
E10000031,lac_count,2025,by_ethnicity,Mixed,83,,,,,,,,"DfE, Children looked after in England including adoptions",year ending 31 March 2025,released
E10000031,lac_count,2025,overall,,727,,,,,,,,"DfE, Children looked after in England including adoptions",year ending 31 March 2025,released
E10000031,lac_count,2025,by_ethnicity,Other,64,,,,,,,,"DfE, Children looked after in England including adoptions",year ending 31 March 2025,released
E10000031,lac_count,2025,by_ethnicity,White,526,,,,,,,,"DfE, Children looked after in England including adoptions",year ending 31 March 2025,released
E10000032,lac_count,2025,by_ethnicity,Asian,51,,,,,,,,"DfE, Children looked after in England including adoptions",year ending 31 March 2025,released
E10000032,lac_count,2025,by_ethnicity,Black,61,,,,,,,,"DfE, Children looked after in England including adoptions",year ending 31 March 2025,released
E10000032,lac_count,2025,by_ethnicity,Mixed,71,,,,,,,,"DfE, Children looked after in England including adoptions",year ending 31 March 2025,released
E10000032,lac_count,2025,overall,,975,,,,,,,,"DfE, Children looked after in England including adoptions",year ending 31 March 2025,released
E10000032,lac_count,2025,by_ethnicity,Other,20,,,,,,,,"DfE, Children looked after in England including adoptions",year ending 31 March 2025,released
E10000032,lac_count,2025,by_ethnicity,White,757,,,,,,,,"DfE, Children looked after in England including adoptions",year ending 31 March 2025,released
E10000034,lac_count,2025,by_ethnicity,Asian,,,,,,,,,"DfE, Children looked after in England including adoptions",year ending 31 March 2025,suppressed
E10000034,lac_count,2025,by_ethnicity,Black,43,,,,,,,,"DfE, Children looked after in England including adoptions",year ending 31 March 2025,released
E10000034,lac_count,2025,by_ethnicity,Mixed,93,,,,,,,,"DfE, Children looked after in England including adoptions",year ending 31 March 2025,released
E10000034,lac_count,2025,overall,,1036,,,,,,,,"DfE, Children looked after in England including adoptions",year ending 31 March 2025,released
E10000034,lac_count,2025,by_ethnicity,Other,,,,,,,,,"DfE, Children looked after in England including adoptions",year ending 31 March 2025,source_suppressed
E10000034,lac_count,2025,by_ethnicity,White,847,,,,,,,,"DfE, Children looked after in England including adoptions",year ending 31 March 2025,released
W06000001,lac_count,2024,by_ethnicity,Asian,,,,,,,,,"StatsWales, Children looked after on 31 March by ethnicity",year ending 31 March 2024,source_suppressed
W06000001,lac_count,2024,by_ethnicity,Black,,,,,,,,,"StatsWales, Children looked after on 31 March by ethnicity",year ending 31 March 2024,source_suppressed
W06000001,lac_count,2024,by_ethnicity,Mixed,,,,,,,,,"StatsWales, Children looked after on 31 March by ethnicity",year ending 31 March 2024,source_suppressed
W06000001,lac_count,2024,overall,,145,,,,,,,,"StatsWales, Children looked after on 31 March by ethnicity",year ending 31 March 2024,released
W06000001,lac_count,2024,by_ethnicity,Other,10,,,,,,,,"StatsWales, Children looked after on 31 March by ethnicity",year ending 31 March 2024,released
W06000001,lac_count,2024,by_ethnicity,White,135,,,,,,,,"StatsWales, Children looked after on 31 March by ethnicity",year ending 31 March 2024,released
W06000002,lac_count,2024,by_ethnicity,Asian,,,,,,,,,"StatsWales, Children looked after on 31 March by ethnicity",year ending 31 March 2024,suppressed
W06000002,lac_count,2024,by_ethnicity,Black,,,,,,,,,"StatsWales, Children looked after on 31 March by ethnicity",year ending 31 March 2024,suppressed
W06000002,lac_count,2024,by_ethnicity,Mixed,10,,,,,,,,"StatsWales, Children looked after on 31 March by ethnicity",year ending 31 March 2024,released
W06000002,lac_count,2024,overall,,280,,,,,,,,"StatsWales, Children looked after on 31 March by ethnicity",year ending 31 March 2024,released
W06000002,lac_count,2024,by_ethnicity,Other,10,,,,,,,,"StatsWales, Children looked after on 31 March by ethnicity",year ending 31 March 2024,released
W06000002,lac_count,2024,by_ethnicity,White,245,,,,,,,,"StatsWales, Children looked after on 31 March by ethnicity",year ending 31 March 2024,released
W06000003,lac_count,2024,by_ethnicity,Asian,,,,,,,,,"StatsWales, Children looked after on 31 March by ethnicity",year ending 31 March 2024,suppressed
W06000003,lac_count,2024,by_ethnicity,Black,,,,,,,,,"StatsWales, Children looked after on 31 March by ethnicity",year ending 31 March 2024,source_suppressed
W06000003,lac_count,2024,by_ethnicity,Mixed,10,,,,,,,,"StatsWales, Children looked after on 31 March by ethnicity",year ending 31 March 2024,released
W06000003,lac_count,2024,overall,,220,,,,,,,,"StatsWales, Children looked after on 31 March by ethnicity",year ending 31 March 2024,released
W06000003,lac_count,2024,by_ethnicity,Other,,,,,,,,,"StatsWales, Children looked after on 31 March by ethnicity",year ending 31 March 2024,suppressed
W06000003,lac_count,2024,by_ethnicity,White,200,,,,,,,,"StatsWales, Children looked after on 31 March by ethnicity",year ending 31 March 2024,released
W06000004,lac_count,2024,by_ethnicity,Asian,,,,,,,,,"StatsWales, Children looked after on 31 March by ethnicity",year ending 31 March 2024,suppressed
W06000004,lac_count,2024,by_ethnicity,Black,,,,,,,,,"StatsWales, Children looked after on 31 March by ethnicity",year ending 31 March 2024,source_suppressed
W06000004,lac_count,2024,by_ethnicity,Mixed,10,,,,,,,,"StatsWales, Children looked after on 31 March by ethnicity",year ending 31 March 2024,released
W06000004,lac_count,2024,overall,,210,,,,,,,,"StatsWales, Children looked after on 31 March by ethnicity",year ending 31 March 2024,released
W06000004,lac_count,2024,by_ethnicity,Other,,,,,,,,,"StatsWales, Children looked after on 31 March by ethnicity",year ending 31 March 2024,suppressed
W06000004,lac_count,2024,by_ethnicity,White,190,,,,,,,,"StatsWales, Children looked after on 31 March by ethnicity",year ending 31 March 2024,released
W06000005,lac_count,2024,by_ethnicity,Asian,,,,,,,,,"StatsWales, Children looked after on 31 March by ethnicity",year ending 31 March 2024,suppressed
W06000005,lac_count,2024,by_ethnicity,Black,10,,,,,,,,"StatsWales, Children looked after on 31 March by ethnicity",year ending 31 March 2024,released
W06000005,lac_count,2024,by_ethnicity,Mixed,,,,,,,,,"StatsWales, Children looked after on 31 March by ethnicity",year ending 31 March 2024,source_suppressed
W06000005,lac_count,2024,overall,,235,,,,,,,,"StatsWales, Children looked after on 31 March by ethnicity",year ending 31 March 2024,released
W06000005,lac_count,2024,by_ethnicity,Other,10,,,,,,,,"StatsWales, Children looked after on 31 March by ethnicity",year ending 31 March 2024,released
W06000005,lac_count,2024,by_ethnicity,White,210,,,,,,,,"StatsWales, Children looked after on 31 March by ethnicity",year ending 31 March 2024,released
W06000006,lac_count,2024,by_ethnicity,Asian,,,,,,,,,"StatsWales, Children looked after on 31 March by ethnicity",year ending 31 March 2024,source_suppressed
W06000006,lac_count,2024,by_ethnicity,Black,,,,,,,,,"StatsWales, Children looked after on 31 March by ethnicity",year ending 31 March 2024,source_suppressed
W06000006,lac_count,2024,by_ethnicity,Mixed,,,,,,,,,"StatsWales, Children looked after on 31 March by ethnicity",year ending 31 March 2024,source_suppressed
W06000006,lac_count,2024,overall,,310,,,,,,,,"StatsWales, Children looked after on 31 March by ethnicity",year ending 31 March 2024,released
W06000006,lac_count,2024,by_ethnicity,Other,10,,,,,,,,"StatsWales, Children looked after on 31 March by ethnicity",year ending 31 March 2024,released
W06000006,lac_count,2024,by_ethnicity,White,295,,,,,,,,"StatsWales, Children looked after on 31 March by ethnicity",year ending 31 March 2024,released
W06000008,lac_count,2024,by_ethnicity,Asian,,,,,,,,,"StatsWales, Children looked after on 31 March by ethnicity",year ending 31 March 2024,source_suppressed
W06000008,lac_count,2024,by_ethnicity,Black,,,,,,,,,"StatsWales, Children looked after on 31 March by ethnicity",year ending 31 March 2024,source_suppressed
W06000008,lac_count,2024,by_ethnicity,Mixed,,,,,,,,,"StatsWales, Children looked after on 31 March by ethnicity",year ending 31 March 2024,suppressed
W06000008,lac_count,2024,overall,,135,,,,,,,,"StatsWales, Children looked after on 31 March by ethnicity",year ending 31 March 2024,released
W06000008,lac_count,2024,by_ethnicity,Other,10,,,,,,,,"StatsWales, Children looked after on 31 March by ethnicity",year ending 31 March 2024,released
W06000008,lac_count,2024,by_ethnicity,White,110,,,,,,,,"StatsWales, Children looked after on 31 March by ethnicity",year ending 31 March 2024,released
W06000009,lac_count,2024,by_ethnicity,Asian,,,,,,,,,"StatsWales, Children looked after on 31 March by ethnicity",year ending 31 March 2024,source_suppressed
W06000009,lac_count,2024,by_ethnicity,Black,,,,,,,,,"StatsWales, Children looked after on 31 March by ethnicity",year ending 31 March 2024,source_suppressed
W06000009,lac_count,2024,by_ethnicity,Mixed,,,,,,,,,"StatsWales, Children looked after on 31 March by ethnicity",year ending 31 March 2024,source_suppressed
W06000009,lac_count,2024,overall,,255,,,,,,,,"StatsWales, Children looked after on 31 March by ethnicity",year ending 31 March 2024,released
W06000009,lac_count,2024,by_ethnicity,Other,10,,,,,,,,"StatsWales, Children looked after on 31 March by ethnicity",year ending 31 March 2024,released
W06000009,lac_count,2024,by_ethnicity,White,235,,,,,,,,"StatsWales, Children looked after on 31 March by ethnicity",year ending 31 March 2024,released
W06000010,lac_count,2024,by_ethnicity,Asian,,,,,,,,,"StatsWales, Children looked after on 31 March by ethnicity",year ending 31 March 2024,suppressed
W06000010,lac_count,2024,by_ethnicity,Black,,,,,,,,,"StatsWales, Children looked after on 31 March by ethnicity",year ending 31 March 2024,source_suppressed
W06000010,lac_count,2024,by_ethnicity,Mixed,20,,,,,,,,"StatsWales, Children looked after on 31 March by ethnicity",year ending 31 March 2024,released
W06000010,lac_count,2024,overall,,260,,,,,,,,"StatsWales, Children looked after on 31 March by ethnicity",year ending 31 March 2024,released
W06000010,lac_count,2024,by_ethnicity,Other,15,,,,,,,,"StatsWales, Children looked after on 31 March by ethnicity",year ending 31 March 2024,released
W06000010,lac_count,2024,by_ethnicity,White,210,,,,,,,,"StatsWales, Children looked after on 31 March by ethnicity",year ending 31 March 2024,released
W06000011,lac_count,2024,by_ethnicity,Asian,10,,,,,,,,"StatsWales, Children looked after on 31 March by ethnicity",year ending 31 March 2024,released
W06000011,lac_count,2024,by_ethnicity,Black,10,,,,,,,,"StatsWales, Children looked after on 31 March by ethnicity",year ending 31 March 2024,released
W06000011,lac_count,2024,by_ethnicity,Mixed,25,,,,,,,,"StatsWales, Children looked after on 31 March by ethnicity",year ending 31 March 2024,released
W06000011,lac_count,2024,overall,,490,,,,,,,,"StatsWales, Children looked after on 31 March by ethnicity",year ending 31 March 2024,released
W06000011,lac_count,2024,by_ethnicity,Other,10,,,,,,,,"StatsWales, Children looked after on 31 March by ethnicity",year ending 31 March 2024,released
W06000011,lac_count,2024,by_ethnicity,White,435,,,,,,,,"StatsWales, Children looked after on 31 March by ethnicity",year ending 31 March 2024,released
W06000012,lac_count,2024,by_ethnicity,Asian,,,,,,,,,"StatsWales, Children looked after on 31 March by ethnicity",year ending 31 March 2024,source_suppressed
W06000012,lac_count,2024,by_ethnicity,Black,,,,,,,,,"StatsWales, Children looked after on 31 March by ethnicity",year ending 31 March 2024,source_suppressed
W06000012,lac_count,2024,by_ethnicity,Mixed,,,,,,,,,"StatsWales, Children looked after on 31 March by ethnicity",year ending 31 March 2024,source_suppressed
W06000012,lac_count,2024,overall,,250,,,,,,,,"StatsWales, Children looked after on 31 March by ethnicity",year ending 31 March 2024,released
W06000012,lac_count,2024,by_ethnicity,Other,15,,,,,,,,"StatsWales, Children looked after on 31 March by ethnicity",year ending 31 March 2024,released
W06000012,lac_count,2024,by_ethnicity,White,225,,,,,,,,"StatsWales, Children looked after on 31 March by ethnicity",year ending 31 March 2024,released
W06000013,lac_count,2024,by_ethnicity,Asian,,,,,,,,,"StatsWales, Children looked after on 31 March by ethnicity",year ending 31 March 2024,suppressed
W06000013,lac_count,2024,by_ethnicity,Black,,,,,,,,,"StatsWales, Children looked after on 31 March by ethnicity",year ending 31 March 2024,suppressed
W06000013,lac_count,2024,by_ethnicity,Mixed,10,,,,,,,,"StatsWales, Children looked after on 31 March by ethnicity",year ending 31 March 2024,released
W06000013,lac_count,2024,overall,,370,,,,,,,,"StatsWales, Children looked after on 31 March by ethnicity",year ending 31 March 2024,released
W06000013,lac_count,2024,by_ethnicity,Other,,,,,,,,,"StatsWales, Children looked after on 31 March by ethnicity",year ending 31 March 2024,source_suppressed
W06000013,lac_count,2024,by_ethnicity,White,350,,,,,,,,"StatsWales, Children looked after on 31 March by ethnicity",year ending 31 March 2024,released
W06000014,lac_count,2024,by_ethnicity,Asian,,,,,,,,,"StatsWales, Children looked after on 31 March by ethnicity",year ending 31 March 2024,suppressed
W06000014,lac_count,2024,by_ethnicity,Black,,,,,,,,,"StatsWales, Children looked after on 31 March by ethnicity",year ending 31 March 2024,source_suppressed
W06000014,lac_count,2024,by_ethnicity,Mixed,10,,,,,,,,"StatsWales, Children looked after on 31 March by ethnicity",year ending 31 March 2024,released
W06000014,lac_count,2024,overall,,335,,,,,,,,"StatsWales, Children looked after on 31 March by ethnicity",year ending 31 March 2024,released
W06000014,lac_count,2024,by_ethnicity,Other,10,,,,,,,,"StatsWales, Children looked after on 31 March by ethnicity",year ending 31 March 2024,released
W06000014,lac_count,2024,by_ethnicity,White,305,,,,,,,,"StatsWales, Children looked after on 31 March by ethnicity",year ending 31 March 2024,released
W06000015,lac_count,2024,by_ethnicity,Asian,70,,,,,,,,"StatsWales, Children looked after on 31 March by ethnicity",year ending 31 March 2024,released
W06000015,lac_count,2024,by_ethnicity,Black,50,,,,,,,,"StatsWales, Children looked after on 31 March by ethnicity",year ending 31 March 2024,released
W06000015,lac_count,2024,by_ethnicity,Mixed,130,,,,,,,,"StatsWales, Children looked after on 31 March by ethnicity",year ending 31 March 2024,released
W06000015,lac_count,2024,overall,,1040,,,,,,,,"StatsWales, Children looked after on 31 March by ethnicity",year ending 31 March 2024,released
W06000015,lac_count,2024,by_ethnicity,Other,50,,,,,,,,"StatsWales, Children looked after on 31 March by ethnicity",year ending 31 March 2024,released
W06000015,lac_count,2024,by_ethnicity,White,740,,,,,,,,"StatsWales, Children looked after on 31 March by ethnicity",year ending 31 March 2024,released
W06000016,lac_count,2024,by_ethnicity,Asian,,,,,,,,,"StatsWales, Children looked after on 31 March by ethnicity",year ending 31 March 2024,suppressed
W06000016,lac_count,2024,by_ethnicity,Black,,,,,,,,,"StatsWales, Children looked after on 31 March by ethnicity",year ending 31 March 2024,suppressed
W06000016,lac_count,2024,by_ethnicity,Mixed,10,,,,,,,,"StatsWales, Children looked after on 31 March by ethnicity",year ending 31 March 2024,released
W06000016,lac_count,2024,overall,,635,,,,,,,,"StatsWales, Children looked after on 31 March by ethnicity",year ending 31 March 2024,released
W06000016,lac_count,2024,by_ethnicity,Other,10,,,,,,,,"StatsWales, Children looked after on 31 March by ethnicity",year ending 31 March 2024,released
W06000016,lac_count,2024,by_ethnicity,White,610,,,,,,,,"StatsWales, Children looked after on 31 March by ethnicity",year ending 31 March 2024,released
W06000018,lac_count,2024,by_ethnicity,Asian,,,,,,,,,"StatsWales, Children looked after on 31 March by ethnicity",year ending 31 March 2024,source_suppressed
W06000018,lac_count,2024,by_ethnicity,Black,,,,,,,,,"StatsWales, Children looked after on 31 March by ethnicity",year ending 31 March 2024,suppressed
W06000018,lac_count,2024,by_ethnicity,Mixed,,,,,,,,,"StatsWales, Children looked after on 31 March by ethnicity",year ending 31 March 2024,source_suppressed
W06000018,lac_count,2024,overall,,470,,,,,,,,"StatsWales, Children looked after on 31 March by ethnicity",year ending 31 March 2024,released
W06000018,lac_count,2024,by_ethnicity,Other,15,,,,,,,,"StatsWales, Children looked after on 31 March by ethnicity",year ending 31 March 2024,released
W06000018,lac_count,2024,by_ethnicity,White,445,,,,,,,,"StatsWales, Children looked after on 31 March by ethnicity",year ending 31 March 2024,released
W06000019,lac_count,2024,by_ethnicity,Asian,,,,,,,,,"StatsWales, Children looked after on 31 March by ethnicity",year ending 31 March 2024,source_suppressed
W06000019,lac_count,2024,by_ethnicity,Black,,,,,,,,,"StatsWales, Children looked after on 31 March by ethnicity",year ending 31 March 2024,source_suppressed
W06000019,lac_count,2024,by_ethnicity,Mixed,,,,,,,,,"StatsWales, Children looked after on 31 March by ethnicity",year ending 31 March 2024,source_suppressed
W06000019,lac_count,2024,overall,,205,,,,,,,,"StatsWales, Children looked after on 31 March by ethnicity",year ending 31 March 2024,released
W06000019,lac_count,2024,by_ethnicity,Other,,,,,,,,,"StatsWales, Children looked after on 31 March by ethnicity",year ending 31 March 2024,suppressed
W06000019,lac_count,2024,by_ethnicity,White,190,,,,,,,,"StatsWales, Children looked after on 31 March by ethnicity",year ending 31 March 2024,released
W06000020,lac_count,2024,by_ethnicity,Asian,,,,,,,,,"StatsWales, Children looked after on 31 March by ethnicity",year ending 31 March 2024,source_suppressed
W06000020,lac_count,2024,by_ethnicity,Black,,,,,,,,,"StatsWales, Children looked after on 31 March by ethnicity",year ending 31 March 2024,source_suppressed
W06000020,lac_count,2024,by_ethnicity,Mixed,10,,,,,,,,"StatsWales, Children looked after on 31 March by ethnicity",year ending 31 March 2024,released
W06000020,lac_count,2024,overall,,350,,,,,,,,"StatsWales, Children looked after on 31 March by ethnicity",year ending 31 March 2024,released
W06000020,lac_count,2024,by_ethnicity,Other,10,,,,,,,,"StatsWales, Children looked after on 31 March by ethnicity",year ending 31 March 2024,released
W06000020,lac_count,2024,by_ethnicity,White,330,,,,,,,,"StatsWales, Children looked after on 31 March by ethnicity",year ending 31 March 2024,released
W06000021,lac_count,2024,by_ethnicity,Asian,,,,,,,,,"StatsWales, Children looked after on 31 March by ethnicity",year ending 31 March 2024,suppressed
W06000021,lac_count,2024,by_ethnicity,Black,,,,,,,,,"StatsWales, Children looked after on 31 March by ethnicity",year ending 31 March 2024,source_suppressed
W06000021,lac_count,2024,by_ethnicity,Mixed,10,,,,,,,,"StatsWales, Children looked after on 31 March by ethnicity",year ending 31 March 2024,released
W06000021,lac_count,2024,overall,,200,,,,,,,,"StatsWales, Children looked after on 31 March by ethnicity",year ending 31 March 2024,released
W06000021,lac_count,2024,by_ethnicity,Other,10,,,,,,,,"StatsWales, Children looked after on 31 March by ethnicity",year ending 31 March 2024,released
W06000021,lac_count,2024,by_ethnicity,White,175,,,,,,,,"StatsWales, Children looked after on 31 March by ethnicity",year ending 31 March 2024,released
W06000022,lac_count,2024,by_ethnicity,Asian,30,,,,,,,,"StatsWales, Children looked after on 31 March by ethnicity",year ending 31 March 2024,released
W06000022,lac_count,2024,by_ethnicity,Black,,,,,,,,,"StatsWales, Children looked after on 31 March by ethnicity",year ending 31 March 2024,suppressed
W06000022,lac_count,2024,by_ethnicity,Mixed,60,,,,,,,,"StatsWales, Children looked after on 31 March by ethnicity",year ending 31 March 2024,released
W06000022,lac_count,2024,overall,,350,,,,,,,,"StatsWales, Children looked after on 31 March by ethnicity",year ending 31 March 2024,released
W06000022,lac_count,2024,by_ethnicity,Other,,,,,,,,,"StatsWales, Children looked after on 31 March by ethnicity",year ending 31 March 2024,source_suppressed
W06000022,lac_count,2024,by_ethnicity,White,240,,,,,,,,"StatsWales, Children looked after on 31 March by ethnicity",year ending 31 March 2024,released
W06000023,lac_count,2024,by_ethnicity,Asian,,,,,,,,,"StatsWales, Children looked after on 31 March by ethnicity",year ending 31 March 2024,source_suppressed
W06000023,lac_count,2024,by_ethnicity,Black,,,,,,,,,"StatsWales, Children looked after on 31 March by ethnicity",year ending 31 March 2024,source_suppressed
W06000023,lac_count,2024,by_ethnicity,Mixed,10,,,,,,,,"StatsWales, Children looked after on 31 March by ethnicity",year ending 31 March 2024,released
W06000023,lac_count,2024,overall,,245,,,,,,,,"StatsWales, Children looked after on 31 March by ethnicity",year ending 31 March 2024,released
W06000023,lac_count,2024,by_ethnicity,Other,15,,,,,,,,"StatsWales, Children looked after on 31 March by ethnicity",year ending 31 March 2024,released
W06000023,lac_count,2024,by_ethnicity,White,205,,,,,,,,"StatsWales, Children looked after on 31 March by ethnicity",year ending 31 March 2024,released
W06000024,lac_count,2024,by_ethnicity,Asian,,,,,,,,,"StatsWales, Children looked after on 31 March by ethnicity",year ending 31 March 2024,source_suppressed
W06000024,lac_count,2024,by_ethnicity,Black,,,,,,,,,"StatsWales, Children looked after on 31 March by ethnicity",year ending 31 March 2024,source_suppressed
W06000024,lac_count,2024,by_ethnicity,Mixed,,,,,,,,,"StatsWales, Children looked after on 31 March by ethnicity",year ending 31 March 2024,suppressed
W06000024,lac_count,2024,overall,,195,,,,,,,,"StatsWales, Children looked after on 31 March by ethnicity",year ending 31 March 2024,released
W06000024,lac_count,2024,by_ethnicity,Other,,,,,,,,,"StatsWales, Children looked after on 31 March by ethnicity",year ending 31 March 2024,suppressed
W06000024,lac_count,2024,by_ethnicity,White,180,,,,,,,,"StatsWales, Children looked after on 31 March by ethnicity",year ending 31 March 2024,released
E06000001,permanent_exclusion_rate,2024,by_ethnicity,Asian,,0.0,423.0,0.0,,0.0,100,,"DfE, Suspensions and permanent exclusions in England",academic year 2023/24,released
E06000001,permanent_exclusion_rate,2024,by_ethnicity,Black,,2.0,379.0,0.5277,,0.5277,100,,"DfE, Suspensions and permanent exclusions in England",academic year 2023/24,released
E06000001,permanent_exclusion_rate,2024,by_ethnicity,Mixed,,0.0,274.0,0.0,,0.0,100,,"DfE, Suspensions and permanent exclusions in England",academic year 2023/24,released
E06000001,permanent_exclusion_rate,2024,overall,,,46.0,15142.0,0.30379,,0.30379,100,,"DfE, Suspensions and permanent exclusions in England",academic year 2023/24,released
E06000001,permanent_exclusion_rate,2024,by_ethnicity,Other,,0.0,128.0,0.0,,0.0,100,,"DfE, Suspensions and permanent exclusions in England",academic year 2023/24,released
E06000001,permanent_exclusion_rate,2024,by_ethnicity,White,,44.0,13805.0,0.31873,,0.31873,100,,"DfE, Suspensions and permanent exclusions in England",academic year 2023/24,released
E06000001,permanent_exclusion_rate,2025,by_ethnicity,Asian,,0.0,454.0,0.0,,0.0,100,,"DfE, Suspensions and permanent exclusions in England",academic year 2024/25,released
E06000001,permanent_exclusion_rate,2025,by_ethnicity,Black,,0.0,485.0,0.0,,0.0,100,,"DfE, Suspensions and permanent exclusions in England",academic year 2024/25,released
E06000001,permanent_exclusion_rate,2025,by_ethnicity,Mixed,,0.0,289.0,0.0,,0.0,100,,"DfE, Suspensions and permanent exclusions in England",academic year 2024/25,released
E06000001,permanent_exclusion_rate,2025,overall,,,44.0,15023.0,0.29288,,0.29288,100,,"DfE, Suspensions and permanent exclusions in England",academic year 2024/25,released
E06000001,permanent_exclusion_rate,2025,by_ethnicity,Other,,0.0,169.0,0.0,,0.0,100,,"DfE, Suspensions and permanent exclusions in England",academic year 2024/25,released
E06000001,permanent_exclusion_rate,2025,by_ethnicity,White,,44.0,13514.0,0.32559,,0.32559,100,,"DfE, Suspensions and permanent exclusions in England",academic year 2024/25,released
E06000002,permanent_exclusion_rate,2024,by_ethnicity,Asian,,4.0,3015.0,0.13267,,0.13267,100,,"DfE, Suspensions and permanent exclusions in England",academic year 2023/24,released
E06000002,permanent_exclusion_rate,2024,by_ethnicity,Black,,0.0,1678.0,0.0,,0.0,100,,"DfE, Suspensions and permanent exclusions in England",academic year 2023/24,released
E06000002,permanent_exclusion_rate,2024,by_ethnicity,Mixed,,9.0,1512.0,0.59524,,0.59524,100,,"DfE, Suspensions and permanent exclusions in England",academic year 2023/24,released
E06000002,permanent_exclusion_rate,2024,overall,,,104.0,25759.0,0.40374,,0.40374,100,,"DfE, Suspensions and permanent exclusions in England",academic year 2023/24,released
E06000002,permanent_exclusion_rate,2024,by_ethnicity,Other,,3.0,1042.0,0.28791,,0.28791,100,,"DfE, Suspensions and permanent exclusions in England",academic year 2023/24,released
E06000002,permanent_exclusion_rate,2024,by_ethnicity,White,,88.0,18310.0,0.48061,,0.48061,100,,"DfE, Suspensions and permanent exclusions in England",academic year 2023/24,released
E06000002,permanent_exclusion_rate,2025,by_ethnicity,Asian,,4.0,3084.0,0.1297,,0.1297,100,,"DfE, Suspensions and permanent exclusions in England",academic year 2024/25,released
E06000002,permanent_exclusion_rate,2025,by_ethnicity,Black,,0.0,1909.0,0.0,,0.0,100,,"DfE, Suspensions and permanent exclusions in England",academic year 2024/25,released
E06000002,permanent_exclusion_rate,2025,by_ethnicity,Mixed,,1.0,1570.0,0.06369,,0.06369,100,,"DfE, Suspensions and permanent exclusions in England",academic year 2024/25,released
E06000002,permanent_exclusion_rate,2025,overall,,,71.0,25632.0,0.277,,0.277,100,,"DfE, Suspensions and permanent exclusions in England",academic year 2024/25,released
E06000002,permanent_exclusion_rate,2025,by_ethnicity,Other,,1.0,1092.0,0.09158,,0.09158,100,,"DfE, Suspensions and permanent exclusions in England",academic year 2024/25,released
E06000002,permanent_exclusion_rate,2025,by_ethnicity,White,,63.0,17789.0,0.35415,,0.35415,100,,"DfE, Suspensions and permanent exclusions in England",academic year 2024/25,released
E06000003,permanent_exclusion_rate,2024,by_ethnicity,Asian,,0.0,274.0,0.0,,0.0,100,,"DfE, Suspensions and permanent exclusions in England",academic year 2023/24,released
E06000003,permanent_exclusion_rate,2024,by_ethnicity,Black,,0.0,188.0,0.0,,0.0,100,,"DfE, Suspensions and permanent exclusions in England",academic year 2023/24,released
E06000003,permanent_exclusion_rate,2024,by_ethnicity,Mixed,,4.0,586.0,0.68259,,0.68259,100,,"DfE, Suspensions and permanent exclusions in England",academic year 2023/24,released
E06000003,permanent_exclusion_rate,2024,overall,,,82.0,20996.0,0.39055,,0.39055,100,,"DfE, Suspensions and permanent exclusions in England",academic year 2023/24,released
E06000003,permanent_exclusion_rate,2024,by_ethnicity,Other,,1.0,155.0,0.64516,,0.64516,100,,"DfE, Suspensions and permanent exclusions in England",academic year 2023/24,released
E06000003,permanent_exclusion_rate,2024,by_ethnicity,White,,77.0,19600.0,0.39286,,0.39286,100,,"DfE, Suspensions and permanent exclusions in England",academic year 2023/24,released
E06000003,permanent_exclusion_rate,2025,by_ethnicity,Asian,,1.0,272.0,0.36765,,0.36765,100,,"DfE, Suspensions and permanent exclusions in England",academic year 2024/25,released
E06000003,permanent_exclusion_rate,2025,by_ethnicity,Black,,0.0,270.0,0.0,,0.0,100,,"DfE, Suspensions and permanent exclusions in England",academic year 2024/25,released
E06000003,permanent_exclusion_rate,2025,by_ethnicity,Mixed,,1.0,555.0,0.18018,,0.18018,100,,"DfE, Suspensions and permanent exclusions in England",academic year 2024/25,released
E06000003,permanent_exclusion_rate,2025,overall,,,53.0,20706.0,0.25596,,0.25596,100,,"DfE, Suspensions and permanent exclusions in England",academic year 2024/25,released
E06000003,permanent_exclusion_rate,2025,by_ethnicity,Other,,0.0,184.0,0.0,,0.0,100,,"DfE, Suspensions and permanent exclusions in England",academic year 2024/25,released
E06000003,permanent_exclusion_rate,2025,by_ethnicity,White,,47.0,19269.0,0.24392,,0.24392,100,,"DfE, Suspensions and permanent exclusions in England",academic year 2024/25,released
E06000004,permanent_exclusion_rate,2024,by_ethnicity,Asian,,2.0,1972.0,0.10142,,0.10142,100,,"DfE, Suspensions and permanent exclusions in England",academic year 2023/24,released
E06000004,permanent_exclusion_rate,2024,by_ethnicity,Black,,0.0,1049.0,0.0,,0.0,100,,"DfE, Suspensions and permanent exclusions in England",academic year 2023/24,released
E06000004,permanent_exclusion_rate,2024,by_ethnicity,Mixed,,5.0,1227.0,0.4075,,0.4075,100,,"DfE, Suspensions and permanent exclusions in England",academic year 2023/24,released
E06000004,permanent_exclusion_rate,2024,overall,,,79.0,32182.0,0.24548,,0.24548,100,,"DfE, Suspensions and permanent exclusions in England",academic year 2023/24,released
E06000004,permanent_exclusion_rate,2024,by_ethnicity,Other,,1.0,334.0,0.2994,,0.2994,100,,"DfE, Suspensions and permanent exclusions in England",academic year 2023/24,released
E06000004,permanent_exclusion_rate,2024,by_ethnicity,White,,69.0,27336.0,0.25241,,0.25241,100,,"DfE, Suspensions and permanent exclusions in England",academic year 2023/24,released
E06000004,permanent_exclusion_rate,2025,by_ethnicity,Asian,,0.0,2041.0,0.0,,0.0,100,,"DfE, Suspensions and permanent exclusions in England",academic year 2024/25,released
E06000004,permanent_exclusion_rate,2025,by_ethnicity,Black,,2.0,1256.0,0.15924,,0.15924,100,,"DfE, Suspensions and permanent exclusions in England",academic year 2024/25,released
E06000004,permanent_exclusion_rate,2025,by_ethnicity,Mixed,,3.0,1227.0,0.2445,,0.2445,100,,"DfE, Suspensions and permanent exclusions in England",academic year 2024/25,released
E06000004,permanent_exclusion_rate,2025,overall,,,81.0,31710.0,0.25544,,0.25544,100,,"DfE, Suspensions and permanent exclusions in England",academic year 2024/25,released
E06000004,permanent_exclusion_rate,2025,by_ethnicity,Other,,0.0,368.0,0.0,,0.0,100,,"DfE, Suspensions and permanent exclusions in England",academic year 2024/25,released
E06000004,permanent_exclusion_rate,2025,by_ethnicity,White,,76.0,26544.0,0.28632,,0.28632,100,,"DfE, Suspensions and permanent exclusions in England",academic year 2024/25,released
E06000005,permanent_exclusion_rate,2024,by_ethnicity,Asian,,0.0,712.0,0.0,,0.0,100,,"DfE, Suspensions and permanent exclusions in England",academic year 2023/24,released
E06000005,permanent_exclusion_rate,2024,by_ethnicity,Black,,0.0,454.0,0.0,,0.0,100,,"DfE, Suspensions and permanent exclusions in England",academic year 2023/24,released
E06000005,permanent_exclusion_rate,2024,by_ethnicity,Mixed,,0.0,490.0,0.0,,0.0,100,,"DfE, Suspensions and permanent exclusions in England",academic year 2023/24,released
E06000005,permanent_exclusion_rate,2024,overall,,,47.0,16041.0,0.293,,0.293,100,,"DfE, Suspensions and permanent exclusions in England",academic year 2023/24,released
E06000005,permanent_exclusion_rate,2024,by_ethnicity,Other,,0.0,180.0,0.0,,0.0,100,,"DfE, Suspensions and permanent exclusions in England",academic year 2023/24,released
E06000005,permanent_exclusion_rate,2024,by_ethnicity,White,,47.0,14082.0,0.33376,,0.33376,100,,"DfE, Suspensions and permanent exclusions in England",academic year 2023/24,released
E06000005,permanent_exclusion_rate,2025,by_ethnicity,Asian,,1.0,770.0,0.12987,,0.12987,100,,"DfE, Suspensions and permanent exclusions in England",academic year 2024/25,released
E06000005,permanent_exclusion_rate,2025,by_ethnicity,Black,,0.0,546.0,0.0,,0.0,100,,"DfE, Suspensions and permanent exclusions in England",academic year 2024/25,released
E06000005,permanent_exclusion_rate,2025,by_ethnicity,Mixed,,1.0,518.0,0.19305,,0.19305,100,,"DfE, Suspensions and permanent exclusions in England",academic year 2024/25,released
E06000005,permanent_exclusion_rate,2025,overall,,,39.0,15884.0,0.24553,,0.24553,100,,"DfE, Suspensions and permanent exclusions in England",academic year 2024/25,released
E06000005,permanent_exclusion_rate,2025,by_ethnicity,Other,,1.0,207.0,0.48309,,0.48309,100,,"DfE, Suspensions and permanent exclusions in England",academic year 2024/25,released
E06000005,permanent_exclusion_rate,2025,by_ethnicity,White,,36.0,13732.0,0.26216,,0.26216,100,,"DfE, Suspensions and permanent exclusions in England",academic year 2024/25,released
E06000006,permanent_exclusion_rate,2024,by_ethnicity,Asian,,0.0,133.0,0.0,,0.0,100,,"DfE, Suspensions and permanent exclusions in England",academic year 2023/24,released
E06000006,permanent_exclusion_rate,2024,by_ethnicity,Black,,0.0,93.0,0.0,,0.0,100,,"DfE, Suspensions and permanent exclusions in England",academic year 2023/24,released
E06000006,permanent_exclusion_rate,2024,by_ethnicity,Mixed,,1.0,660.0,0.15152,,0.15152,100,,"DfE, Suspensions and permanent exclusions in England",academic year 2023/24,released
E06000006,permanent_exclusion_rate,2024,overall,,,51.0,18524.0,0.27532,,0.27532,100,,"DfE, Suspensions and permanent exclusions in England",academic year 2023/24,released
E06000006,permanent_exclusion_rate,2024,by_ethnicity,Other,,0.0,171.0,0.0,,0.0,100,,"DfE, Suspensions and permanent exclusions in England",academic year 2023/24,released
E06000006,permanent_exclusion_rate,2024,by_ethnicity,White,,48.0,17244.0,0.27836,,0.27836,100,,"DfE, Suspensions and permanent exclusions in England",academic year 2023/24,released
E06000006,permanent_exclusion_rate,2025,by_ethnicity,Asian,,0.0,177.0,0.0,,0.0,100,,"DfE, Suspensions and permanent exclusions in England",academic year 2024/25,released
E06000006,permanent_exclusion_rate,2025,by_ethnicity,Black,,1.0,140.0,0.71429,,0.71429,100,,"DfE, Suspensions and permanent exclusions in England",academic year 2024/25,released
E06000006,permanent_exclusion_rate,2025,by_ethnicity,Mixed,,4.0,683.0,0.58565,,0.58565,100,,"DfE, Suspensions and permanent exclusions in England",academic year 2024/25,released
E06000006,permanent_exclusion_rate,2025,overall,,,45.0,18207.0,0.24716,,0.24716,100,,"DfE, Suspensions and permanent exclusions in England",academic year 2024/25,released
E06000006,permanent_exclusion_rate,2025,by_ethnicity,Other,,0.0,185.0,0.0,,0.0,100,,"DfE, Suspensions and permanent exclusions in England",academic year 2024/25,released
E06000006,permanent_exclusion_rate,2025,by_ethnicity,White,,40.0,16753.0,0.23876,,0.23876,100,,"DfE, Suspensions and permanent exclusions in England",academic year 2024/25,released
E06000007,permanent_exclusion_rate,2024,by_ethnicity,Asian,,0.0,2923.0,0.0,,0.0,100,,"DfE, Suspensions and permanent exclusions in England",academic year 2023/24,released
E06000007,permanent_exclusion_rate,2024,by_ethnicity,Black,,1.0,486.0,0.20576,,0.20576,100,,"DfE, Suspensions and permanent exclusions in England",academic year 2023/24,released
E06000007,permanent_exclusion_rate,2024,by_ethnicity,Mixed,,2.0,1371.0,0.14588,,0.14588,100,,"DfE, Suspensions and permanent exclusions in England",academic year 2023/24,released
E06000007,permanent_exclusion_rate,2024,overall,,,14.0,33284.0,0.04206,,0.04206,100,,"DfE, Suspensions and permanent exclusions in England",academic year 2023/24,released
E06000007,permanent_exclusion_rate,2024,by_ethnicity,Other,,0.0,334.0,0.0,,0.0,100,,"DfE, Suspensions and permanent exclusions in England",academic year 2023/24,released
E06000007,permanent_exclusion_rate,2024,by_ethnicity,White,,11.0,27738.0,0.03966,,0.03966,100,,"DfE, Suspensions and permanent exclusions in England",academic year 2023/24,released
E06000007,permanent_exclusion_rate,2025,by_ethnicity,Asian,,1.0,3112.0,0.03213,,0.03213,100,,"DfE, Suspensions and permanent exclusions in England",academic year 2024/25,released
E06000007,permanent_exclusion_rate,2025,by_ethnicity,Black,,0.0,649.0,0.0,,0.0,100,,"DfE, Suspensions and permanent exclusions in England",academic year 2024/25,released
E06000007,permanent_exclusion_rate,2025,by_ethnicity,Mixed,,0.0,1447.0,0.0,,0.0,100,,"DfE, Suspensions and permanent exclusions in England",academic year 2024/25,released
E06000007,permanent_exclusion_rate,2025,overall,,,20.0,33007.0,0.06059,,0.06059,100,,"DfE, Suspensions and permanent exclusions in England",academic year 2024/25,released
E06000007,permanent_exclusion_rate,2025,by_ethnicity,Other,,0.0,369.0,0.0,,0.0,100,,"DfE, Suspensions and permanent exclusions in England",academic year 2024/25,released
E06000007,permanent_exclusion_rate,2025,by_ethnicity,White,,19.0,27090.0,0.07014,,0.07014,100,,"DfE, Suspensions and permanent exclusions in England",academic year 2024/25,released
E06000008,permanent_exclusion_rate,2024,by_ethnicity,Asian,,10.0,13170.0,0.07593,,0.07593,100,,"DfE, Suspensions and permanent exclusions in England",academic year 2023/24,released
E06000008,permanent_exclusion_rate,2024,by_ethnicity,Black,,0.0,480.0,0.0,,0.0,100,,"DfE, Suspensions and permanent exclusions in England",academic year 2023/24,released
E06000008,permanent_exclusion_rate,2024,by_ethnicity,Mixed,,4.0,1124.0,0.35587,,0.35587,100,,"DfE, Suspensions and permanent exclusions in England",academic year 2023/24,released
E06000008,permanent_exclusion_rate,2024,overall,,,43.0,27914.0,0.15404,,0.15404,100,,"DfE, Suspensions and permanent exclusions in England",academic year 2023/24,released
E06000008,permanent_exclusion_rate,2024,by_ethnicity,Other,,0.0,588.0,0.0,,0.0,100,,"DfE, Suspensions and permanent exclusions in England",academic year 2023/24,released
E06000008,permanent_exclusion_rate,2024,by_ethnicity,White,,29.0,12231.0,0.2371,,0.2371,100,,"DfE, Suspensions and permanent exclusions in England",academic year 2023/24,released
E06000008,permanent_exclusion_rate,2025,by_ethnicity,Asian,,15.0,13393.0,0.112,,0.112,100,,"DfE, Suspensions and permanent exclusions in England",academic year 2024/25,released
E06000008,permanent_exclusion_rate,2025,by_ethnicity,Black,,0.0,608.0,0.0,,0.0,100,,"DfE, Suspensions and permanent exclusions in England",academic year 2024/25,released
E06000008,permanent_exclusion_rate,2025,by_ethnicity,Mixed,,1.0,1103.0,0.09066,,0.09066,100,,"DfE, Suspensions and permanent exclusions in England",academic year 2024/25,released
E06000008,permanent_exclusion_rate,2025,overall,,,47.0,27923.0,0.16832,,0.16832,100,,"DfE, Suspensions and permanent exclusions in England",academic year 2024/25,released
E06000008,permanent_exclusion_rate,2025,by_ethnicity,Other,,1.0,638.0,0.15674,,0.15674,100,,"DfE, Suspensions and permanent exclusions in England",academic year 2024/25,released
E06000008,permanent_exclusion_rate,2025,by_ethnicity,White,,29.0,11828.0,0.24518,,0.24518,100,,"DfE, Suspensions and permanent exclusions in England",academic year 2024/25,released
E06000009,permanent_exclusion_rate,2024,by_ethnicity,Asian,,1.0,947.0,0.1056,,0.1056,100,,"DfE, Suspensions and permanent exclusions in England",academic year 2023/24,released
E06000009,permanent_exclusion_rate,2024,by_ethnicity,Black,,0.0,238.0,0.0,,0.0,100,,"DfE, Suspensions and permanent exclusions in England",academic year 2023/24,released
E06000009,permanent_exclusion_rate,2024,by_ethnicity,Mixed,,3.0,777.0,0.3861,,0.3861,100,,"DfE, Suspensions and permanent exclusions in England",academic year 2023/24,released
E06000009,permanent_exclusion_rate,2024,overall,,,57.0,19899.0,0.28645,,0.28645,100,,"DfE, Suspensions and permanent exclusions in England",academic year 2023/24,released
E06000009,permanent_exclusion_rate,2024,by_ethnicity,Other,,1.0,204.0,0.4902,,0.4902,100,,"DfE, Suspensions and permanent exclusions in England",academic year 2023/24,released
E06000009,permanent_exclusion_rate,2024,by_ethnicity,White,,51.0,17628.0,0.28931,,0.28931,100,,"DfE, Suspensions and permanent exclusions in England",academic year 2023/24,released
E06000009,permanent_exclusion_rate,2025,by_ethnicity,Asian,,0.0,1084.0,0.0,,0.0,100,,"DfE, Suspensions and permanent exclusions in England",academic year 2024/25,released
E06000009,permanent_exclusion_rate,2025,by_ethnicity,Black,,0.0,326.0,0.0,,0.0,100,,"DfE, Suspensions and permanent exclusions in England",academic year 2024/25,released
E06000009,permanent_exclusion_rate,2025,by_ethnicity,Mixed,,1.0,792.0,0.12626,,0.12626,100,,"DfE, Suspensions and permanent exclusions in England",academic year 2024/25,released
E06000009,permanent_exclusion_rate,2025,overall,,,89.0,19682.0,0.45219,,0.45219,100,,"DfE, Suspensions and permanent exclusions in England",academic year 2024/25,released
E06000009,permanent_exclusion_rate,2025,by_ethnicity,Other,,0.0,225.0,0.0,,0.0,100,,"DfE, Suspensions and permanent exclusions in England",academic year 2024/25,released
E06000009,permanent_exclusion_rate,2025,by_ethnicity,White,,68.0,16990.0,0.40024,,0.40024,100,,"DfE, Suspensions and permanent exclusions in England",academic year 2024/25,released
E06000010,permanent_exclusion_rate,2024,by_ethnicity,Asian,,1.0,977.0,0.10235,,0.10235,100,,"DfE, Suspensions and permanent exclusions in England",academic year 2023/24,released
E06000010,permanent_exclusion_rate,2024,by_ethnicity,Black,,0.0,2077.0,0.0,,0.0,100,,"DfE, Suspensions and permanent exclusions in England",academic year 2023/24,released
E06000010,permanent_exclusion_rate,2024,by_ethnicity,Mixed,,1.0,1877.0,0.05328,,0.05328,100,,"DfE, Suspensions and permanent exclusions in England",academic year 2023/24,released
E06000010,permanent_exclusion_rate,2024,overall,,,78.0,42835.0,0.18209,,0.18209,100,,"DfE, Suspensions and permanent exclusions in England",academic year 2023/24,released
E06000010,permanent_exclusion_rate,2024,by_ethnicity,Other,,2.0,1508.0,0.13263,,0.13263,100,,"DfE, Suspensions and permanent exclusions in England",academic year 2023/24,released
E06000010,permanent_exclusion_rate,2024,by_ethnicity,White,,69.0,35448.0,0.19465,,0.19465,100,,"DfE, Suspensions and permanent exclusions in England",academic year 2023/24,released
E06000010,permanent_exclusion_rate,2025,by_ethnicity,Asian,,1.0,1090.0,0.09174,,0.09174,100,,"DfE, Suspensions and permanent exclusions in England",academic year 2024/25,released
E06000010,permanent_exclusion_rate,2025,by_ethnicity,Black,,2.0,2507.0,0.07978,,0.07978,100,,"DfE, Suspensions and permanent exclusions in England",academic year 2024/25,released
E06000010,permanent_exclusion_rate,2025,by_ethnicity,Mixed,,0.0,1901.0,0.0,,0.0,100,,"DfE, Suspensions and permanent exclusions in England",academic year 2024/25,released
E06000010,permanent_exclusion_rate,2025,overall,,,55.0,42467.0,0.12951,,0.12951,100,,"DfE, Suspensions and permanent exclusions in England",academic year 2024/25,released
E06000010,permanent_exclusion_rate,2025,by_ethnicity,Other,,3.0,1597.0,0.18785,,0.18785,100,,"DfE, Suspensions and permanent exclusions in England",academic year 2024/25,released
E06000010,permanent_exclusion_rate,2025,by_ethnicity,White,,46.0,34459.0,0.13349,,0.13349,100,,"DfE, Suspensions and permanent exclusions in England",academic year 2024/25,released
E06000011,permanent_exclusion_rate,2024,by_ethnicity,Asian,,0.0,391.0,0.0,,0.0,100,,"DfE, Suspensions and permanent exclusions in England",academic year 2023/24,released
E06000011,permanent_exclusion_rate,2024,by_ethnicity,Black,,0.0,187.0,0.0,,0.0,100,,"DfE, Suspensions and permanent exclusions in England",academic year 2023/24,released
E06000011,permanent_exclusion_rate,2024,by_ethnicity,Mixed,,0.0,1222.0,0.0,,0.0,100,,"DfE, Suspensions and permanent exclusions in England",academic year 2023/24,released
E06000011,permanent_exclusion_rate,2024,overall,,,75.0,44735.0,0.16765,,0.16765,100,,"DfE, Suspensions and permanent exclusions in England",academic year 2023/24,released
E06000011,permanent_exclusion_rate,2024,by_ethnicity,Other,,1.0,302.0,0.33113,,0.33113,100,,"DfE, Suspensions and permanent exclusions in England",academic year 2023/24,released
E06000011,permanent_exclusion_rate,2024,by_ethnicity,White,,72.0,42168.0,0.17075,,0.17075,100,,"DfE, Suspensions and permanent exclusions in England",academic year 2023/24,released
E06000011,permanent_exclusion_rate,2025,by_ethnicity,Asian,,0.0,438.0,0.0,,0.0,100,,"DfE, Suspensions and permanent exclusions in England",academic year 2024/25,released
E06000011,permanent_exclusion_rate,2025,by_ethnicity,Black,,0.0,264.0,0.0,,0.0,100,,"DfE, Suspensions and permanent exclusions in England",academic year 2024/25,released
E06000011,permanent_exclusion_rate,2025,by_ethnicity,Mixed,,2.0,1253.0,0.15962,,0.15962,100,,"DfE, Suspensions and permanent exclusions in England",academic year 2024/25,released
E06000011,permanent_exclusion_rate,2025,overall,,,73.0,44180.0,0.16523,,0.16523,100,,"DfE, Suspensions and permanent exclusions in England",academic year 2024/25,released
E06000011,permanent_exclusion_rate,2025,by_ethnicity,Other,,0.0,332.0,0.0,,0.0,100,,"DfE, Suspensions and permanent exclusions in England",academic year 2024/25,released
E06000011,permanent_exclusion_rate,2025,by_ethnicity,White,,69.0,41476.0,0.16636,,0.16636,100,,"DfE, Suspensions and permanent exclusions in England",academic year 2024/25,released
E06000012,permanent_exclusion_rate,2024,by_ethnicity,Asian,,0.0,317.0,0.0,,0.0,100,,"DfE, Suspensions and permanent exclusions in England",academic year 2023/24,released
E06000012,permanent_exclusion_rate,2024,by_ethnicity,Black,,0.0,435.0,0.0,,0.0,100,,"DfE, Suspensions and permanent exclusions in England",academic year 2023/24,released
E06000012,permanent_exclusion_rate,2024,by_ethnicity,Mixed,,0.0,710.0,0.0,,0.0,100,,"DfE, Suspensions and permanent exclusions in England",academic year 2023/24,released
E06000012,permanent_exclusion_rate,2024,overall,,,53.0,23823.0,0.22247,,0.22247,100,,"DfE, Suspensions and permanent exclusions in England",academic year 2023/24,released
E06000012,permanent_exclusion_rate,2024,by_ethnicity,Other,,0.0,256.0,0.0,,0.0,100,,"DfE, Suspensions and permanent exclusions in England",academic year 2023/24,released
E06000012,permanent_exclusion_rate,2024,by_ethnicity,White,,51.0,21635.0,0.23573,,0.23573,100,,"DfE, Suspensions and permanent exclusions in England",academic year 2023/24,released
E06000012,permanent_exclusion_rate,2025,by_ethnicity,Asian,,0.0,369.0,0.0,,0.0,100,,"DfE, Suspensions and permanent exclusions in England",academic year 2024/25,released
E06000012,permanent_exclusion_rate,2025,by_ethnicity,Black,,0.0,569.0,0.0,,0.0,100,,"DfE, Suspensions and permanent exclusions in England",academic year 2024/25,released
E06000012,permanent_exclusion_rate,2025,by_ethnicity,Mixed,,1.0,713.0,0.14025,,0.14025,100,,"DfE, Suspensions and permanent exclusions in England",academic year 2024/25,released
E06000012,permanent_exclusion_rate,2025,overall,,,43.0,23281.0,0.1847,,0.1847,100,,"DfE, Suspensions and permanent exclusions in England",academic year 2024/25,released
E06000012,permanent_exclusion_rate,2025,by_ethnicity,Other,,0.0,310.0,0.0,,0.0,100,,"DfE, Suspensions and permanent exclusions in England",academic year 2024/25,released
E06000012,permanent_exclusion_rate,2025,by_ethnicity,White,,42.0,20881.0,0.20114,,0.20114,100,,"DfE, Suspensions and permanent exclusions in England",academic year 2024/25,released
E06000013,permanent_exclusion_rate,2024,by_ethnicity,Asian,,0.0,1109.0,0.0,,0.0,100,,"DfE, Suspensions and permanent exclusions in England",academic year 2023/24,released
E06000013,permanent_exclusion_rate,2024,by_ethnicity,Black,,0.0,307.0,0.0,,0.0,100,,"DfE, Suspensions and permanent exclusions in England",academic year 2023/24,released
E06000013,permanent_exclusion_rate,2024,by_ethnicity,Mixed,,1.0,571.0,0.17513,,0.17513,100,,"DfE, Suspensions and permanent exclusions in England",academic year 2023/24,released
E06000013,permanent_exclusion_rate,2024,overall,,,41.0,24434.0,0.1678,,0.1678,100,,"DfE, Suspensions and permanent exclusions in England",academic year 2023/24,released
E06000013,permanent_exclusion_rate,2024,by_ethnicity,Other,,2.0,443.0,0.45147,,0.45147,100,,"DfE, Suspensions and permanent exclusions in England",academic year 2023/24,released
E06000013,permanent_exclusion_rate,2024,by_ethnicity,White,,38.0,21623.0,0.17574,,0.17574,100,,"DfE, Suspensions and permanent exclusions in England",academic year 2023/24,released
E06000013,permanent_exclusion_rate,2025,by_ethnicity,Asian,,0.0,1149.0,0.0,,0.0,100,,"DfE, Suspensions and permanent exclusions in England",academic year 2024/25,released
E06000013,permanent_exclusion_rate,2025,by_ethnicity,Black,,0.0,363.0,0.0,,0.0,100,,"DfE, Suspensions and permanent exclusions in England",academic year 2024/25,released
E06000013,permanent_exclusion_rate,2025,by_ethnicity,Mixed,,0.0,594.0,0.0,,0.0,100,,"DfE, Suspensions and permanent exclusions in England",academic year 2024/25,released
E06000013,permanent_exclusion_rate,2025,overall,,,44.0,24057.0,0.1829,,0.1829,100,,"DfE, Suspensions and permanent exclusions in England",academic year 2024/25,released
E06000013,permanent_exclusion_rate,2025,by_ethnicity,Other,,1.0,505.0,0.19802,,0.19802,100,,"DfE, Suspensions and permanent exclusions in England",academic year 2024/25,released
E06000013,permanent_exclusion_rate,2025,by_ethnicity,White,,43.0,21062.0,0.20416,,0.20416,100,,"DfE, Suspensions and permanent exclusions in England",academic year 2024/25,released
E06000014,permanent_exclusion_rate,2024,by_ethnicity,Asian,,0.0,987.0,0.0,,0.0,100,,"DfE, Suspensions and permanent exclusions in England",academic year 2023/24,released
E06000014,permanent_exclusion_rate,2024,by_ethnicity,Black,,0.0,385.0,0.0,,0.0,100,,"DfE, Suspensions and permanent exclusions in England",academic year 2023/24,released
E06000014,permanent_exclusion_rate,2024,by_ethnicity,Mixed,,0.0,1029.0,0.0,,0.0,100,,"DfE, Suspensions and permanent exclusions in England",academic year 2023/24,released
E06000014,permanent_exclusion_rate,2024,overall,,,11.0,25400.0,0.04331,,0.04331,100,,"DfE, Suspensions and permanent exclusions in England",academic year 2023/24,released
E06000014,permanent_exclusion_rate,2024,by_ethnicity,Other,,0.0,303.0,0.0,,0.0,100,,"DfE, Suspensions and permanent exclusions in England",academic year 2023/24,released
E06000014,permanent_exclusion_rate,2024,by_ethnicity,White,,11.0,22280.0,0.04937,,0.04937,100,,"DfE, Suspensions and permanent exclusions in England",academic year 2023/24,released
E06000014,permanent_exclusion_rate,2025,by_ethnicity,Asian,,0.0,1085.0,0.0,,0.0,100,,"DfE, Suspensions and permanent exclusions in England",academic year 2024/25,released
E06000014,permanent_exclusion_rate,2025,by_ethnicity,Black,,0.0,442.0,0.0,,0.0,100,,"DfE, Suspensions and permanent exclusions in England",academic year 2024/25,released
E06000014,permanent_exclusion_rate,2025,by_ethnicity,Mixed,,0.0,1046.0,0.0,,0.0,100,,"DfE, Suspensions and permanent exclusions in England",academic year 2024/25,released
E06000014,permanent_exclusion_rate,2025,overall,,,16.0,25034.0,0.06391,,0.06391,100,,"DfE, Suspensions and permanent exclusions in England",academic year 2024/25,released
E06000014,permanent_exclusion_rate,2025,by_ethnicity,Other,,0.0,294.0,0.0,,0.0,100,,"DfE, Suspensions and permanent exclusions in England",academic year 2024/25,released
E06000014,permanent_exclusion_rate,2025,by_ethnicity,White,,16.0,21725.0,0.07365,,0.07365,100,,"DfE, Suspensions and permanent exclusions in England",academic year 2024/25,released
E06000015,permanent_exclusion_rate,2024,by_ethnicity,Asian,,0.0,9653.0,0.0,,0.0,100,,"DfE, Suspensions and permanent exclusions in England",academic year 2023/24,released
E06000015,permanent_exclusion_rate,2024,by_ethnicity,Black,,4.0,3197.0,0.12512,,0.12512,100,,"DfE, Suspensions and permanent exclusions in England",academic year 2023/24,released
E06000015,permanent_exclusion_rate,2024,by_ethnicity,Mixed,,3.0,3734.0,0.08034,,0.08034,100,,"DfE, Suspensions and permanent exclusions in England",academic year 2023/24,released
E06000015,permanent_exclusion_rate,2024,overall,,,32.0,45496.0,0.07034,,0.07034,100,,"DfE, Suspensions and permanent exclusions in England",academic year 2023/24,released
E06000015,permanent_exclusion_rate,2024,by_ethnicity,Other,,1.0,1276.0,0.07837,,0.07837,100,,"DfE, Suspensions and permanent exclusions in England",academic year 2023/24,released
E06000015,permanent_exclusion_rate,2024,by_ethnicity,White,,24.0,26791.0,0.08958,,0.08958,100,,"DfE, Suspensions and permanent exclusions in England",academic year 2023/24,released
E06000015,permanent_exclusion_rate,2025,by_ethnicity,Asian,,4.0,9995.0,0.04002,,0.04002,100,,"DfE, Suspensions and permanent exclusions in England",academic year 2024/25,released
E06000015,permanent_exclusion_rate,2025,by_ethnicity,Black,,1.0,3678.0,0.02719,,0.02719,100,,"DfE, Suspensions and permanent exclusions in England",academic year 2024/25,released
E06000015,permanent_exclusion_rate,2025,by_ethnicity,Mixed,,8.0,3830.0,0.20888,,0.20888,100,,"DfE, Suspensions and permanent exclusions in England",academic year 2024/25,released
E06000015,permanent_exclusion_rate,2025,overall,,,42.0,45789.0,0.09173,,0.09173,100,,"DfE, Suspensions and permanent exclusions in England",academic year 2024/25,released
E06000015,permanent_exclusion_rate,2025,by_ethnicity,Other,,1.0,1365.0,0.07326,,0.07326,100,,"DfE, Suspensions and permanent exclusions in England",academic year 2024/25,released
E06000015,permanent_exclusion_rate,2025,by_ethnicity,White,,27.0,26163.0,0.1032,,0.1032,100,,"DfE, Suspensions and permanent exclusions in England",academic year 2024/25,released
E06000016,permanent_exclusion_rate,2024,by_ethnicity,Asian,,7.0,29292.0,0.0239,,0.0239,100,,"DfE, Suspensions and permanent exclusions in England",academic year 2023/24,released
E06000016,permanent_exclusion_rate,2024,by_ethnicity,Black,,4.0,6465.0,0.06187,,0.06187,100,,"DfE, Suspensions and permanent exclusions in England",academic year 2023/24,released
E06000016,permanent_exclusion_rate,2024,by_ethnicity,Mixed,,2.0,4809.0,0.04159,,0.04159,100,,"DfE, Suspensions and permanent exclusions in England",academic year 2023/24,released
E06000016,permanent_exclusion_rate,2024,overall,,,34.0,60988.0,0.05575,,0.05575,100,,"DfE, Suspensions and permanent exclusions in England",academic year 2023/24,released
E06000016,permanent_exclusion_rate,2024,by_ethnicity,Other,,1.0,1690.0,0.05917,,0.05917,100,,"DfE, Suspensions and permanent exclusions in England",academic year 2023/24,released
E06000016,permanent_exclusion_rate,2024,by_ethnicity,White,,19.0,17817.0,0.10664,,0.10664,100,,"DfE, Suspensions and permanent exclusions in England",academic year 2023/24,released
E06000016,permanent_exclusion_rate,2025,by_ethnicity,Asian,,3.0,29512.0,0.01017,,0.01017,100,,"DfE, Suspensions and permanent exclusions in England",academic year 2024/25,released
E06000016,permanent_exclusion_rate,2025,by_ethnicity,Black,,4.0,6568.0,0.0609,,0.0609,100,,"DfE, Suspensions and permanent exclusions in England",academic year 2024/25,released
E06000016,permanent_exclusion_rate,2025,by_ethnicity,Mixed,,2.0,4902.0,0.0408,,0.0408,100,,"DfE, Suspensions and permanent exclusions in England",academic year 2024/25,released
E06000016,permanent_exclusion_rate,2025,overall,,,31.0,60586.0,0.05117,,0.05117,100,,"DfE, Suspensions and permanent exclusions in England",academic year 2024/25,released
E06000016,permanent_exclusion_rate,2025,by_ethnicity,Other,,2.0,1811.0,0.11044,,0.11044,100,,"DfE, Suspensions and permanent exclusions in England",academic year 2024/25,released
E06000016,permanent_exclusion_rate,2025,by_ethnicity,White,,20.0,16882.0,0.11847,,0.11847,100,,"DfE, Suspensions and permanent exclusions in England",academic year 2024/25,released
E06000017,permanent_exclusion_rate,2024,by_ethnicity,Asian,,0.0,91.0,0.0,,0.0,100,,"DfE, Suspensions and permanent exclusions in England",academic year 2023/24,released
E06000017,permanent_exclusion_rate,2024,by_ethnicity,Black,,0.0,78.0,0.0,,0.0,100,,"DfE, Suspensions and permanent exclusions in England",academic year 2023/24,released
E06000017,permanent_exclusion_rate,2024,by_ethnicity,Mixed,,2.0,231.0,0.8658,,0.8658,100,,"DfE, Suspensions and permanent exclusions in England",academic year 2023/24,released
E06000017,permanent_exclusion_rate,2024,overall,,,8.0,6039.0,0.13247,,0.13247,100,,"DfE, Suspensions and permanent exclusions in England",academic year 2023/24,released
E06000017,permanent_exclusion_rate,2024,by_ethnicity,Other,,0.0,31.0,0.0,,0.0,100,,"DfE, Suspensions and permanent exclusions in England",academic year 2023/24,released
E06000017,permanent_exclusion_rate,2024,by_ethnicity,White,,6.0,5508.0,0.10893,,0.10893,100,,"DfE, Suspensions and permanent exclusions in England",academic year 2023/24,released
E06000017,permanent_exclusion_rate,2025,by_ethnicity,Asian,,0.0,109.0,0.0,,0.0,100,,"DfE, Suspensions and permanent exclusions in England",academic year 2024/25,released
E06000017,permanent_exclusion_rate,2025,by_ethnicity,Black,,0.0,78.0,0.0,,0.0,100,,"DfE, Suspensions and permanent exclusions in England",academic year 2024/25,released
E06000017,permanent_exclusion_rate,2025,by_ethnicity,Mixed,,0.0,234.0,0.0,,0.0,100,,"DfE, Suspensions and permanent exclusions in England",academic year 2024/25,released
E06000017,permanent_exclusion_rate,2025,overall,,,4.0,5881.0,0.06802,,0.06802,100,,"DfE, Suspensions and permanent exclusions in England",academic year 2024/25,released
E06000017,permanent_exclusion_rate,2025,by_ethnicity,Other,,0.0,35.0,0.0,,0.0,100,,"DfE, Suspensions and permanent exclusions in England",academic year 2024/25,released
E06000017,permanent_exclusion_rate,2025,by_ethnicity,White,,4.0,5268.0,0.07593,,0.07593,100,,"DfE, Suspensions and permanent exclusions in England",academic year 2024/25,released
E06000018,permanent_exclusion_rate,2024,by_ethnicity,Asian,,7.0,10517.0,0.06656,,0.06656,100,,"DfE, Suspensions and permanent exclusions in England",academic year 2023/24,released
E06000018,permanent_exclusion_rate,2024,by_ethnicity,Black,,14.0,6976.0,0.20069,,0.20069,100,,"DfE, Suspensions and permanent exclusions in England",academic year 2023/24,released
E06000018,permanent_exclusion_rate,2024,by_ethnicity,Mixed,,32.0,6737.0,0.47499,,0.47499,100,,"DfE, Suspensions and permanent exclusions in England",academic year 2023/24,released
E06000018,permanent_exclusion_rate,2024,overall,,,152.0,49136.0,0.30935,,0.30935,100,,"DfE, Suspensions and permanent exclusions in England",academic year 2023/24,released
E06000018,permanent_exclusion_rate,2024,by_ethnicity,Other,,2.0,1958.0,0.10215,,0.10215,100,,"DfE, Suspensions and permanent exclusions in England",academic year 2023/24,released
E06000018,permanent_exclusion_rate,2024,by_ethnicity,White,,92.0,22052.0,0.4172,,0.4172,100,,"DfE, Suspensions and permanent exclusions in England",academic year 2023/24,released
E06000018,permanent_exclusion_rate,2025,by_ethnicity,Asian,,5.0,10768.0,0.04643,,0.04643,100,,"DfE, Suspensions and permanent exclusions in England",academic year 2024/25,released
E06000018,permanent_exclusion_rate,2025,by_ethnicity,Black,,9.0,7471.0,0.12047,,0.12047,100,,"DfE, Suspensions and permanent exclusions in England",academic year 2024/25,released
E06000018,permanent_exclusion_rate,2025,by_ethnicity,Mixed,,28.0,6641.0,0.42162,,0.42162,100,,"DfE, Suspensions and permanent exclusions in England",academic year 2024/25,released
E06000018,permanent_exclusion_rate,2025,overall,,,138.0,48960.0,0.28186,,0.28186,100,,"DfE, Suspensions and permanent exclusions in England",academic year 2024/25,released
E06000018,permanent_exclusion_rate,2025,by_ethnicity,Other,,2.0,2048.0,0.09766,,0.09766,100,,"DfE, Suspensions and permanent exclusions in England",academic year 2024/25,released
E06000018,permanent_exclusion_rate,2025,by_ethnicity,White,,91.0,21088.0,0.43153,,0.43153,100,,"DfE, Suspensions and permanent exclusions in England",academic year 2024/25,released
E06000019,permanent_exclusion_rate,2024,by_ethnicity,Asian,,0.0,539.0,0.0,,0.0,100,,"DfE, Suspensions and permanent exclusions in England",academic year 2023/24,released
E06000019,permanent_exclusion_rate,2024,by_ethnicity,Black,,0.0,153.0,0.0,,0.0,100,,"DfE, Suspensions and permanent exclusions in England",academic year 2023/24,released
E06000019,permanent_exclusion_rate,2024,by_ethnicity,Mixed,,0.0,803.0,0.0,,0.0,100,,"DfE, Suspensions and permanent exclusions in England",academic year 2023/24,released
E06000019,permanent_exclusion_rate,2024,overall,,,35.0,23775.0,0.14721,,0.14721,100,,"DfE, Suspensions and permanent exclusions in England",academic year 2023/24,released
E06000019,permanent_exclusion_rate,2024,by_ethnicity,Other,,0.0,198.0,0.0,,0.0,100,,"DfE, Suspensions and permanent exclusions in England",academic year 2023/24,released
E06000019,permanent_exclusion_rate,2024,by_ethnicity,White,,35.0,21971.0,0.1593,,0.1593,100,,"DfE, Suspensions and permanent exclusions in England",academic year 2023/24,released
E06000019,permanent_exclusion_rate,2025,by_ethnicity,Asian,,0.0,633.0,0.0,,0.0,100,,"DfE, Suspensions and permanent exclusions in England",academic year 2024/25,released
E06000019,permanent_exclusion_rate,2025,by_ethnicity,Black,,0.0,216.0,0.0,,0.0,100,,"DfE, Suspensions and permanent exclusions in England",academic year 2024/25,released
E06000019,permanent_exclusion_rate,2025,by_ethnicity,Mixed,,0.0,820.0,0.0,,0.0,100,,"DfE, Suspensions and permanent exclusions in England",academic year 2024/25,released
E06000019,permanent_exclusion_rate,2025,overall,,,26.0,23542.0,0.11044,,0.11044,100,,"DfE, Suspensions and permanent exclusions in England",academic year 2024/25,released
E06000019,permanent_exclusion_rate,2025,by_ethnicity,Other,,0.0,206.0,0.0,,0.0,100,,"DfE, Suspensions and permanent exclusions in England",academic year 2024/25,released
E06000019,permanent_exclusion_rate,2025,by_ethnicity,White,,26.0,21550.0,0.12065,,0.12065,100,,"DfE, Suspensions and permanent exclusions in England",academic year 2024/25,released
E06000020,permanent_exclusion_rate,2024,by_ethnicity,Asian,,0.0,3146.0,0.0,,0.0,100,,"DfE, Suspensions and permanent exclusions in England",academic year 2023/24,released
E06000020,permanent_exclusion_rate,2024,by_ethnicity,Black,,0.0,2035.0,0.0,,0.0,100,,"DfE, Suspensions and permanent exclusions in England",academic year 2023/24,released
E06000020,permanent_exclusion_rate,2024,by_ethnicity,Mixed,,0.0,2061.0,0.0,,0.0,100,,"DfE, Suspensions and permanent exclusions in England",academic year 2023/24,released
E06000020,permanent_exclusion_rate,2024,overall,,,7.0,32249.0,0.02171,,0.02171,100,,"DfE, Suspensions and permanent exclusions in England",academic year 2023/24,released
E06000020,permanent_exclusion_rate,2024,by_ethnicity,Other,,0.0,212.0,0.0,,0.0,100,,"DfE, Suspensions and permanent exclusions in England",academic year 2023/24,released
E06000020,permanent_exclusion_rate,2024,by_ethnicity,White,,7.0,23936.0,0.02924,,0.02924,100,,"DfE, Suspensions and permanent exclusions in England",academic year 2023/24,released
E06000020,permanent_exclusion_rate,2025,by_ethnicity,Asian,,0.0,3297.0,0.0,,0.0,100,,"DfE, Suspensions and permanent exclusions in England",academic year 2024/25,released
E06000020,permanent_exclusion_rate,2025,by_ethnicity,Black,,0.0,2315.0,0.0,,0.0,100,,"DfE, Suspensions and permanent exclusions in England",academic year 2024/25,released
E06000020,permanent_exclusion_rate,2025,by_ethnicity,Mixed,,0.0,2132.0,0.0,,0.0,100,,"DfE, Suspensions and permanent exclusions in England",academic year 2024/25,released
E06000020,permanent_exclusion_rate,2025,overall,,,10.0,32390.0,0.03087,,0.03087,100,,"DfE, Suspensions and permanent exclusions in England",academic year 2024/25,released
E06000020,permanent_exclusion_rate,2025,by_ethnicity,Other,,0.0,257.0,0.0,,0.0,100,,"DfE, Suspensions and permanent exclusions in England",academic year 2024/25,released
E06000020,permanent_exclusion_rate,2025,by_ethnicity,White,,8.0,23555.0,0.03396,,0.03396,100,,"DfE, Suspensions and permanent exclusions in England",academic year 2024/25,released
E06000021,permanent_exclusion_rate,2024,by_ethnicity,Asian,,8.0,7601.0,0.10525,,0.10525,100,,"DfE, Suspensions and permanent exclusions in England",academic year 2023/24,released
E06000021,permanent_exclusion_rate,2024,by_ethnicity,Black,,1.0,2694.0,0.03712,,0.03712,100,,"DfE, Suspensions and permanent exclusions in England",academic year 2023/24,released
E06000021,permanent_exclusion_rate,2024,by_ethnicity,Mixed,,8.0,2409.0,0.33209,,0.33209,100,,"DfE, Suspensions and permanent exclusions in England",academic year 2023/24,released
E06000021,permanent_exclusion_rate,2024,overall,,,90.0,41780.0,0.21541,,0.21541,100,,"DfE, Suspensions and permanent exclusions in England",academic year 2023/24,released
E06000021,permanent_exclusion_rate,2024,by_ethnicity,Other,,2.0,1089.0,0.18365,,0.18365,100,,"DfE, Suspensions and permanent exclusions in England",academic year 2023/24,released
E06000021,permanent_exclusion_rate,2024,by_ethnicity,White,,71.0,27806.0,0.25534,,0.25534,100,,"DfE, Suspensions and permanent exclusions in England",academic year 2023/24,released
E06000021,permanent_exclusion_rate,2025,by_ethnicity,Asian,,9.0,7805.0,0.11531,,0.11531,100,,"DfE, Suspensions and permanent exclusions in England",academic year 2024/25,released
E06000021,permanent_exclusion_rate,2025,by_ethnicity,Black,,3.0,3151.0,0.09521,,0.09521,100,,"DfE, Suspensions and permanent exclusions in England",academic year 2024/25,released
E06000021,permanent_exclusion_rate,2025,by_ethnicity,Mixed,,10.0,2429.0,0.41169,,0.41169,100,,"DfE, Suspensions and permanent exclusions in England",academic year 2024/25,released
E06000021,permanent_exclusion_rate,2025,overall,,,84.0,41442.0,0.20269,,0.20269,100,,"DfE, Suspensions and permanent exclusions in England",academic year 2024/25,released
E06000021,permanent_exclusion_rate,2025,by_ethnicity,Other,,4.0,1132.0,0.35336,,0.35336,100,,"DfE, Suspensions and permanent exclusions in England",academic year 2024/25,released
E06000021,permanent_exclusion_rate,2025,by_ethnicity,White,,58.0,26720.0,0.21707,,0.21707,100,,"DfE, Suspensions and permanent exclusions in England",academic year 2024/25,released
E06000022,permanent_exclusion_rate,2024,by_ethnicity,Asian,,0.0,834.0,0.0,,0.0,100,,"DfE, Suspensions and permanent exclusions in England",academic year 2023/24,released
E06000022,permanent_exclusion_rate,2024,by_ethnicity,Black,,0.0,273.0,0.0,,0.0,100,,"DfE, Suspensions and permanent exclusions in England",academic year 2023/24,released
E06000022,permanent_exclusion_rate,2024,by_ethnicity,Mixed,,2.0,1626.0,0.123,,0.123,100,,"DfE, Suspensions and permanent exclusions in England",academic year 2023/24,released
E06000022,permanent_exclusion_rate,2024,overall,,,28.0,27404.0,0.10217,,0.10217,100,,"DfE, Suspensions and permanent exclusions in England",academic year 2023/24,released
E06000022,permanent_exclusion_rate,2024,by_ethnicity,Other,,0.0,272.0,0.0,,0.0,100,,"DfE, Suspensions and permanent exclusions in England",academic year 2023/24,released
E06000022,permanent_exclusion_rate,2024,by_ethnicity,White,,25.0,23818.0,0.10496,,0.10496,100,,"DfE, Suspensions and permanent exclusions in England",academic year 2023/24,released
E06000022,permanent_exclusion_rate,2025,by_ethnicity,Asian,,0.0,914.0,0.0,,0.0,100,,"DfE, Suspensions and permanent exclusions in England",academic year 2024/25,released
E06000022,permanent_exclusion_rate,2025,by_ethnicity,Black,,2.0,345.0,0.57971,,0.57971,100,,"DfE, Suspensions and permanent exclusions in England",academic year 2024/25,released
E06000022,permanent_exclusion_rate,2025,by_ethnicity,Mixed,,4.0,1678.0,0.23838,,0.23838,100,,"DfE, Suspensions and permanent exclusions in England",academic year 2024/25,released
E06000022,permanent_exclusion_rate,2025,overall,,,29.0,27246.0,0.10644,,0.10644,100,,"DfE, Suspensions and permanent exclusions in England",academic year 2024/25,released
E06000022,permanent_exclusion_rate,2025,by_ethnicity,Other,,0.0,283.0,0.0,,0.0,100,,"DfE, Suspensions and permanent exclusions in England",academic year 2024/25,released
E06000022,permanent_exclusion_rate,2025,by_ethnicity,White,,23.0,23449.0,0.09809,,0.09809,100,,"DfE, Suspensions and permanent exclusions in England",academic year 2024/25,released
E06000023,permanent_exclusion_rate,2024,by_ethnicity,Asian,,3.0,6020.0,0.04983,,0.04983,100,,"DfE, Suspensions and permanent exclusions in England",academic year 2023/24,released
E06000023,permanent_exclusion_rate,2024,by_ethnicity,Black,,8.0,6664.0,0.12005,,0.12005,100,,"DfE, Suspensions and permanent exclusions in England",academic year 2023/24,released
E06000023,permanent_exclusion_rate,2024,by_ethnicity,Mixed,,10.0,6101.0,0.16391,,0.16391,100,,"DfE, Suspensions and permanent exclusions in England",academic year 2023/24,released
E06000023,permanent_exclusion_rate,2024,overall,,,68.0,62396.0,0.10898,,0.10898,100,,"DfE, Suspensions and permanent exclusions in England",academic year 2023/24,released
E06000023,permanent_exclusion_rate,2024,by_ethnicity,Other,,2.0,1188.0,0.16835,,0.16835,100,,"DfE, Suspensions and permanent exclusions in England",academic year 2023/24,released
E06000023,permanent_exclusion_rate,2024,by_ethnicity,White,,44.0,41124.0,0.10699,,0.10699,100,,"DfE, Suspensions and permanent exclusions in England",academic year 2023/24,released
E06000023,permanent_exclusion_rate,2025,by_ethnicity,Asian,,1.0,6141.0,0.01628,,0.01628,100,,"DfE, Suspensions and permanent exclusions in England",academic year 2024/25,released
E06000023,permanent_exclusion_rate,2025,by_ethnicity,Black,,5.0,6924.0,0.07221,,0.07221,100,,"DfE, Suspensions and permanent exclusions in England",academic year 2024/25,released
E06000023,permanent_exclusion_rate,2025,by_ethnicity,Mixed,,5.0,6163.0,0.08113,,0.08113,100,,"DfE, Suspensions and permanent exclusions in England",academic year 2024/25,released
E06000023,permanent_exclusion_rate,2025,overall,,,44.0,61824.0,0.07117,,0.07117,100,,"DfE, Suspensions and permanent exclusions in England",academic year 2024/25,released
E06000023,permanent_exclusion_rate,2025,by_ethnicity,Other,,1.0,1266.0,0.07899,,0.07899,100,,"DfE, Suspensions and permanent exclusions in England",academic year 2024/25,released
E06000023,permanent_exclusion_rate,2025,by_ethnicity,White,,32.0,40110.0,0.07978,,0.07978,100,,"DfE, Suspensions and permanent exclusions in England",academic year 2024/25,released
E06000024,permanent_exclusion_rate,2024,by_ethnicity,Asian,,0.0,950.0,0.0,,0.0,100,,"DfE, Suspensions and permanent exclusions in England",academic year 2023/24,released
E06000024,permanent_exclusion_rate,2024,by_ethnicity,Black,,0.0,334.0,0.0,,0.0,100,,"DfE, Suspensions and permanent exclusions in England",academic year 2023/24,released
E06000024,permanent_exclusion_rate,2024,by_ethnicity,Mixed,,2.0,1282.0,0.15601,,0.15601,100,,"DfE, Suspensions and permanent exclusions in England",academic year 2023/24,released
E06000024,permanent_exclusion_rate,2024,overall,,,29.0,31542.0,0.09194,,0.09194,100,,"DfE, Suspensions and permanent exclusions in England",academic year 2023/24,released
E06000024,permanent_exclusion_rate,2024,by_ethnicity,Other,,0.0,135.0,0.0,,0.0,100,,"DfE, Suspensions and permanent exclusions in England",academic year 2023/24,released
E06000024,permanent_exclusion_rate,2024,by_ethnicity,White,,26.0,28547.0,0.09108,,0.09108,100,,"DfE, Suspensions and permanent exclusions in England",academic year 2023/24,released
E06000024,permanent_exclusion_rate,2025,by_ethnicity,Asian,,0.0,1084.0,0.0,,0.0,100,,"DfE, Suspensions and permanent exclusions in England",academic year 2024/25,released
E06000024,permanent_exclusion_rate,2025,by_ethnicity,Black,,0.0,475.0,0.0,,0.0,100,,"DfE, Suspensions and permanent exclusions in England",academic year 2024/25,released
E06000024,permanent_exclusion_rate,2025,by_ethnicity,Mixed,,0.0,1311.0,0.0,,0.0,100,,"DfE, Suspensions and permanent exclusions in England",academic year 2024/25,released
E06000024,permanent_exclusion_rate,2025,overall,,,12.0,31484.0,0.03811,,0.03811,100,,"DfE, Suspensions and permanent exclusions in England",academic year 2024/25,released
E06000024,permanent_exclusion_rate,2025,by_ethnicity,Other,,0.0,157.0,0.0,,0.0,100,,"DfE, Suspensions and permanent exclusions in England",academic year 2024/25,released
E06000024,permanent_exclusion_rate,2025,by_ethnicity,White,,12.0,28128.0,0.04266,,0.04266,100,,"DfE, Suspensions and permanent exclusions in England",academic year 2024/25,released
E06000025,permanent_exclusion_rate,2024,by_ethnicity,Asian,,1.0,2836.0,0.03526,,0.03526,100,,"DfE, Suspensions and permanent exclusions in England",academic year 2023/24,released
E06000025,permanent_exclusion_rate,2024,by_ethnicity,Black,,3.0,1374.0,0.21834,,0.21834,100,,"DfE, Suspensions and permanent exclusions in England",academic year 2023/24,released
E06000025,permanent_exclusion_rate,2024,by_ethnicity,Mixed,,4.0,2614.0,0.15302,,0.15302,100,,"DfE, Suspensions and permanent exclusions in England",academic year 2023/24,released
E06000025,permanent_exclusion_rate,2024,overall,,,50.0,41635.0,0.12009,,0.12009,100,,"DfE, Suspensions and permanent exclusions in England",academic year 2023/24,released
E06000025,permanent_exclusion_rate,2024,by_ethnicity,Other,,2.0,426.0,0.46948,,0.46948,100,,"DfE, Suspensions and permanent exclusions in England",academic year 2023/24,released
E06000025,permanent_exclusion_rate,2024,by_ethnicity,White,,39.0,33839.0,0.11525,,0.11525,100,,"DfE, Suspensions and permanent exclusions in England",academic year 2023/24,released
E06000025,permanent_exclusion_rate,2025,by_ethnicity,Asian,,0.0,2988.0,0.0,,0.0,100,,"DfE, Suspensions and permanent exclusions in England",academic year 2024/25,released
E06000025,permanent_exclusion_rate,2025,by_ethnicity,Black,,1.0,1617.0,0.06184,,0.06184,100,,"DfE, Suspensions and permanent exclusions in England",academic year 2024/25,released
E06000025,permanent_exclusion_rate,2025,by_ethnicity,Mixed,,3.0,2728.0,0.10997,,0.10997,100,,"DfE, Suspensions and permanent exclusions in England",academic year 2024/25,released
E06000025,permanent_exclusion_rate,2025,overall,,,33.0,41517.0,0.07949,,0.07949,100,,"DfE, Suspensions and permanent exclusions in England",academic year 2024/25,released
E06000025,permanent_exclusion_rate,2025,by_ethnicity,Other,,0.0,440.0,0.0,,0.0,100,,"DfE, Suspensions and permanent exclusions in England",academic year 2024/25,released
E06000025,permanent_exclusion_rate,2025,by_ethnicity,White,,27.0,33177.0,0.08138,,0.08138,100,,"DfE, Suspensions and permanent exclusions in England",academic year 2024/25,released
E06000026,permanent_exclusion_rate,2024,by_ethnicity,Asian,,1.0,1101.0,0.09083,,0.09083,100,,"DfE, Suspensions and permanent exclusions in England",academic year 2023/24,released
E06000026,permanent_exclusion_rate,2024,by_ethnicity,Black,,2.0,1026.0,0.19493,,0.19493,100,,"DfE, Suspensions and permanent exclusions in England",academic year 2023/24,released
E06000026,permanent_exclusion_rate,2024,by_ethnicity,Mixed,,2.0,1411.0,0.14174,,0.14174,100,,"DfE, Suspensions and permanent exclusions in England",academic year 2023/24,released
E06000026,permanent_exclusion_rate,2024,overall,,,82.0,38848.0,0.21108,,0.21108,100,,"DfE, Suspensions and permanent exclusions in England",academic year 2023/24,released
E06000026,permanent_exclusion_rate,2024,by_ethnicity,Other,,0.0,738.0,0.0,,0.0,100,,"DfE, Suspensions and permanent exclusions in England",academic year 2023/24,released
E06000026,permanent_exclusion_rate,2024,by_ethnicity,White,,76.0,34117.0,0.22276,,0.22276,100,,"DfE, Suspensions and permanent exclusions in England",academic year 2023/24,released
E06000026,permanent_exclusion_rate,2025,by_ethnicity,Asian,,1.0,1245.0,0.08032,,0.08032,100,,"DfE, Suspensions and permanent exclusions in England",academic year 2024/25,released
E06000026,permanent_exclusion_rate,2025,by_ethnicity,Black,,0.0,1281.0,0.0,,0.0,100,,"DfE, Suspensions and permanent exclusions in England",academic year 2024/25,released
E06000026,permanent_exclusion_rate,2025,by_ethnicity,Mixed,,2.0,1452.0,0.13774,,0.13774,100,,"DfE, Suspensions and permanent exclusions in England",academic year 2024/25,released
E06000026,permanent_exclusion_rate,2025,overall,,,51.0,38368.0,0.13292,,0.13292,100,,"DfE, Suspensions and permanent exclusions in England",academic year 2024/25,released
E06000026,permanent_exclusion_rate,2025,by_ethnicity,Other,,1.0,810.0,0.12346,,0.12346,100,,"DfE, Suspensions and permanent exclusions in England",academic year 2024/25,released
E06000026,permanent_exclusion_rate,2025,by_ethnicity,White,,47.0,33064.0,0.14215,,0.14215,100,,"DfE, Suspensions and permanent exclusions in England",academic year 2024/25,released
E06000027,permanent_exclusion_rate,2024,by_ethnicity,Asian,,1.0,583.0,0.17153,,0.17153,100,,"DfE, Suspensions and permanent exclusions in England",academic year 2023/24,released
E06000027,permanent_exclusion_rate,2024,by_ethnicity,Black,,1.0,128.0,0.78125,,0.78125,100,,"DfE, Suspensions and permanent exclusions in England",academic year 2023/24,released
E06000027,permanent_exclusion_rate,2024,by_ethnicity,Mixed,,3.0,765.0,0.39216,,0.39216,100,,"DfE, Suspensions and permanent exclusions in England",academic year 2023/24,released
E06000027,permanent_exclusion_rate,2024,overall,,,48.0,20071.0,0.23915,,0.23915,100,,"DfE, Suspensions and permanent exclusions in England",academic year 2023/24,released
E06000027,permanent_exclusion_rate,2024,by_ethnicity,Other,,0.0,151.0,0.0,,0.0,100,,"DfE, Suspensions and permanent exclusions in England",academic year 2023/24,released
E06000027,permanent_exclusion_rate,2024,by_ethnicity,White,,42.0,18211.0,0.23063,,0.23063,100,,"DfE, Suspensions and permanent exclusions in England",academic year 2023/24,released
E06000027,permanent_exclusion_rate,2025,by_ethnicity,Asian,,0.0,673.0,0.0,,0.0,100,,"DfE, Suspensions and permanent exclusions in England",academic year 2024/25,released
E06000027,permanent_exclusion_rate,2025,by_ethnicity,Black,,0.0,205.0,0.0,,0.0,100,,"DfE, Suspensions and permanent exclusions in England",academic year 2024/25,released
E06000027,permanent_exclusion_rate,2025,by_ethnicity,Mixed,,0.0,771.0,0.0,,0.0,100,,"DfE, Suspensions and permanent exclusions in England",academic year 2024/25,released
E06000027,permanent_exclusion_rate,2025,overall,,,30.0,19744.0,0.15194,,0.15194,100,,"DfE, Suspensions and permanent exclusions in England",academic year 2024/25,released
E06000027,permanent_exclusion_rate,2025,by_ethnicity,Other,,0.0,144.0,0.0,,0.0,100,,"DfE, Suspensions and permanent exclusions in England",academic year 2024/25,released
E06000027,permanent_exclusion_rate,2025,by_ethnicity,White,,30.0,17661.0,0.16987,,0.16987,100,,"DfE, Suspensions and permanent exclusions in England",academic year 2024/25,released
E06000030,permanent_exclusion_rate,2024,by_ethnicity,Asian,,1.0,5839.0,0.01713,,0.01713,100,,"DfE, Suspensions and permanent exclusions in England",academic year 2023/24,released
E06000030,permanent_exclusion_rate,2024,by_ethnicity,Black,,4.0,1911.0,0.20931,,0.20931,100,,"DfE, Suspensions and permanent exclusions in England",academic year 2023/24,released
E06000030,permanent_exclusion_rate,2024,by_ethnicity,Mixed,,8.0,2366.0,0.33812,,0.33812,100,,"DfE, Suspensions and permanent exclusions in England",academic year 2023/24,released
E06000030,permanent_exclusion_rate,2024,overall,,,57.0,37407.0,0.15238,,0.15238,100,,"DfE, Suspensions and permanent exclusions in England",academic year 2023/24,released
E06000030,permanent_exclusion_rate,2024,by_ethnicity,Other,,1.0,495.0,0.20202,,0.20202,100,,"DfE, Suspensions and permanent exclusions in England",academic year 2023/24,released
E06000030,permanent_exclusion_rate,2024,by_ethnicity,White,,43.0,26268.0,0.1637,,0.1637,100,,"DfE, Suspensions and permanent exclusions in England",academic year 2023/24,released
E06000030,permanent_exclusion_rate,2025,by_ethnicity,Asian,,1.0,6063.0,0.01649,,0.01649,100,,"DfE, Suspensions and permanent exclusions in England",academic year 2024/25,released
E06000030,permanent_exclusion_rate,2025,by_ethnicity,Black,,1.0,2261.0,0.04423,,0.04423,100,,"DfE, Suspensions and permanent exclusions in England",academic year 2024/25,released
E06000030,permanent_exclusion_rate,2025,by_ethnicity,Mixed,,4.0,2455.0,0.16293,,0.16293,100,,"DfE, Suspensions and permanent exclusions in England",academic year 2024/25,released
E06000030,permanent_exclusion_rate,2025,overall,,,39.0,37448.0,0.10414,,0.10414,100,,"DfE, Suspensions and permanent exclusions in England",academic year 2024/25,released
E06000030,permanent_exclusion_rate,2025,by_ethnicity,Other,,0.0,523.0,0.0,,0.0,100,,"DfE, Suspensions and permanent exclusions in England",academic year 2024/25,released
E06000030,permanent_exclusion_rate,2025,by_ethnicity,White,,33.0,25594.0,0.12894,,0.12894,100,,"DfE, Suspensions and permanent exclusions in England",academic year 2024/25,released
E06000031,permanent_exclusion_rate,2024,by_ethnicity,Asian,,7.0,7400.0,0.09459,,0.09459,100,,"DfE, Suspensions and permanent exclusions in England",academic year 2023/24,released
E06000031,permanent_exclusion_rate,2024,by_ethnicity,Black,,4.0,2983.0,0.13409,,0.13409,100,,"DfE, Suspensions and permanent exclusions in England",academic year 2023/24,released
E06000031,permanent_exclusion_rate,2024,by_ethnicity,Mixed,,4.0,3458.0,0.11567,,0.11567,100,,"DfE, Suspensions and permanent exclusions in England",academic year 2023/24,released
E06000031,permanent_exclusion_rate,2024,overall,,,49.0,41209.0,0.11891,,0.11891,100,,"DfE, Suspensions and permanent exclusions in England",academic year 2023/24,released
E06000031,permanent_exclusion_rate,2024,by_ethnicity,Other,,1.0,740.0,0.13514,,0.13514,100,,"DfE, Suspensions and permanent exclusions in England",academic year 2023/24,released
E06000031,permanent_exclusion_rate,2024,by_ethnicity,White,,33.0,25261.0,0.13064,,0.13064,100,,"DfE, Suspensions and permanent exclusions in England",academic year 2023/24,released
E06000031,permanent_exclusion_rate,2025,by_ethnicity,Asian,,2.0,7644.0,0.02616,,0.02616,100,,"DfE, Suspensions and permanent exclusions in England",academic year 2024/25,released
E06000031,permanent_exclusion_rate,2025,by_ethnicity,Black,,8.0,3376.0,0.23697,,0.23697,100,,"DfE, Suspensions and permanent exclusions in England",academic year 2024/25,released
E06000031,permanent_exclusion_rate,2025,by_ethnicity,Mixed,,8.0,3550.0,0.22535,,0.22535,100,,"DfE, Suspensions and permanent exclusions in England",academic year 2024/25,released
E06000031,permanent_exclusion_rate,2025,overall,,,64.0,41304.0,0.15495,,0.15495,100,,"DfE, Suspensions and permanent exclusions in England",academic year 2024/25,released
E06000031,permanent_exclusion_rate,2025,by_ethnicity,Other,,1.0,815.0,0.1227,,0.1227,100,,"DfE, Suspensions and permanent exclusions in England",academic year 2024/25,released
E06000031,permanent_exclusion_rate,2025,by_ethnicity,White,,38.0,24414.0,0.15565,,0.15565,100,,"DfE, Suspensions and permanent exclusions in England",academic year 2024/25,released
E06000032,permanent_exclusion_rate,2024,by_ethnicity,Asian,,9.0,19450.0,0.04627,,0.04627,100,,"DfE, Suspensions and permanent exclusions in England",academic year 2023/24,released
E06000032,permanent_exclusion_rate,2024,by_ethnicity,Black,,11.0,4715.0,0.2333,,0.2333,100,,"DfE, Suspensions and permanent exclusions in England",academic year 2023/24,released
E06000032,permanent_exclusion_rate,2024,by_ethnicity,Mixed,,11.0,3667.0,0.29997,,0.29997,100,,"DfE, Suspensions and permanent exclusions in England",academic year 2023/24,released
E06000032,permanent_exclusion_rate,2024,overall,,,41.0,40671.0,0.10081,,0.10081,100,,"DfE, Suspensions and permanent exclusions in England",academic year 2023/24,released
E06000032,permanent_exclusion_rate,2024,by_ethnicity,Other,,0.0,980.0,0.0,,0.0,100,,"DfE, Suspensions and permanent exclusions in England",academic year 2023/24,released
E06000032,permanent_exclusion_rate,2024,by_ethnicity,White,,9.0,11396.0,0.07898,,0.07898,100,,"DfE, Suspensions and permanent exclusions in England",academic year 2023/24,released
E06000032,permanent_exclusion_rate,2025,by_ethnicity,Asian,,18.0,19550.0,0.09207,,0.09207,100,,"DfE, Suspensions and permanent exclusions in England",academic year 2024/25,released
E06000032,permanent_exclusion_rate,2025,by_ethnicity,Black,,4.0,4831.0,0.0828,,0.0828,100,,"DfE, Suspensions and permanent exclusions in England",academic year 2024/25,released
E06000032,permanent_exclusion_rate,2025,by_ethnicity,Mixed,,10.0,3611.0,0.27693,,0.27693,100,,"DfE, Suspensions and permanent exclusions in England",academic year 2024/25,released
E06000032,permanent_exclusion_rate,2025,overall,,,54.0,40348.0,0.13384,,0.13384,100,,"DfE, Suspensions and permanent exclusions in England",academic year 2024/25,released
E06000032,permanent_exclusion_rate,2025,by_ethnicity,Other,,2.0,1004.0,0.1992,,0.1992,100,,"DfE, Suspensions and permanent exclusions in England",academic year 2024/25,released
E06000032,permanent_exclusion_rate,2025,by_ethnicity,White,,17.0,10933.0,0.15549,,0.15549,100,,"DfE, Suspensions and permanent exclusions in England",academic year 2024/25,released
E06000033,permanent_exclusion_rate,2024,by_ethnicity,Asian,,0.0,3747.0,0.0,,0.0,100,,"DfE, Suspensions and permanent exclusions in England",academic year 2023/24,released
E06000033,permanent_exclusion_rate,2024,by_ethnicity,Black,,2.0,2482.0,0.08058,,0.08058,100,,"DfE, Suspensions and permanent exclusions in England",academic year 2023/24,released
E06000033,permanent_exclusion_rate,2024,by_ethnicity,Mixed,,2.0,2358.0,0.08482,,0.08482,100,,"DfE, Suspensions and permanent exclusions in England",academic year 2023/24,released
E06000033,permanent_exclusion_rate,2024,overall,,,37.0,31566.0,0.11721,,0.11721,100,,"DfE, Suspensions and permanent exclusions in England",academic year 2023/24,released
E06000033,permanent_exclusion_rate,2024,by_ethnicity,Other,,2.0,383.0,0.52219,,0.52219,100,,"DfE, Suspensions and permanent exclusions in England",academic year 2023/24,released
E06000033,permanent_exclusion_rate,2024,by_ethnicity,White,,31.0,22252.0,0.13931,,0.13931,100,,"DfE, Suspensions and permanent exclusions in England",academic year 2023/24,released
E06000033,permanent_exclusion_rate,2025,by_ethnicity,Asian,,1.0,4023.0,0.02486,,0.02486,100,,"DfE, Suspensions and permanent exclusions in England",academic year 2024/25,released
E06000033,permanent_exclusion_rate,2025,by_ethnicity,Black,,2.0,2667.0,0.07499,,0.07499,100,,"DfE, Suspensions and permanent exclusions in England",academic year 2024/25,released
E06000033,permanent_exclusion_rate,2025,by_ethnicity,Mixed,,2.0,2380.0,0.08403,,0.08403,100,,"DfE, Suspensions and permanent exclusions in England",academic year 2024/25,released
E06000033,permanent_exclusion_rate,2025,overall,,,31.0,31390.0,0.09876,,0.09876,100,,"DfE, Suspensions and permanent exclusions in England",academic year 2024/25,released
E06000033,permanent_exclusion_rate,2025,by_ethnicity,Other,,0.0,426.0,0.0,,0.0,100,,"DfE, Suspensions and permanent exclusions in England",academic year 2024/25,released
E06000033,permanent_exclusion_rate,2025,by_ethnicity,White,,26.0,21544.0,0.12068,,0.12068,100,,"DfE, Suspensions and permanent exclusions in England",academic year 2024/25,released
E06000034,permanent_exclusion_rate,2024,by_ethnicity,Asian,,0.0,3011.0,0.0,,0.0,100,,"DfE, Suspensions and permanent exclusions in England",academic year 2023/24,released
E06000034,permanent_exclusion_rate,2024,by_ethnicity,Black,,1.0,5162.0,0.01937,,0.01937,100,,"DfE, Suspensions and permanent exclusions in England",academic year 2023/24,released
E06000034,permanent_exclusion_rate,2024,by_ethnicity,Mixed,,3.0,2453.0,0.1223,,0.1223,100,,"DfE, Suspensions and permanent exclusions in England",academic year 2023/24,released
E06000034,permanent_exclusion_rate,2024,overall,,,21.0,31922.0,0.06579,,0.06579,100,,"DfE, Suspensions and permanent exclusions in England",academic year 2023/24,released
E06000034,permanent_exclusion_rate,2024,by_ethnicity,Other,,0.0,428.0,0.0,,0.0,100,,"DfE, Suspensions and permanent exclusions in England",academic year 2023/24,released
E06000034,permanent_exclusion_rate,2024,by_ethnicity,White,,16.0,20207.0,0.07918,,0.07918,100,,"DfE, Suspensions and permanent exclusions in England",academic year 2023/24,released
E06000034,permanent_exclusion_rate,2025,by_ethnicity,Asian,,0.0,3273.0,0.0,,0.0,100,,"DfE, Suspensions and permanent exclusions in England",academic year 2024/25,released
E06000034,permanent_exclusion_rate,2025,by_ethnicity,Black,,1.0,5341.0,0.01872,,0.01872,100,,"DfE, Suspensions and permanent exclusions in England",academic year 2024/25,released
E06000034,permanent_exclusion_rate,2025,by_ethnicity,Mixed,,2.0,2446.0,0.08177,,0.08177,100,,"DfE, Suspensions and permanent exclusions in England",academic year 2024/25,released
E06000034,permanent_exclusion_rate,2025,overall,,,16.0,31647.0,0.05056,,0.05056,100,,"DfE, Suspensions and permanent exclusions in England",academic year 2024/25,released
E06000034,permanent_exclusion_rate,2025,by_ethnicity,Other,,0.0,437.0,0.0,,0.0,100,,"DfE, Suspensions and permanent exclusions in England",academic year 2024/25,released
E06000034,permanent_exclusion_rate,2025,by_ethnicity,White,,13.0,19556.0,0.06648,,0.06648,100,,"DfE, Suspensions and permanent exclusions in England",academic year 2024/25,released
E06000035,permanent_exclusion_rate,2024,by_ethnicity,Asian,,0.0,3238.0,0.0,,0.0,100,,"DfE, Suspensions and permanent exclusions in England",academic year 2023/24,released
E06000035,permanent_exclusion_rate,2024,by_ethnicity,Black,,2.0,6525.0,0.03065,,0.03065,100,,"DfE, Suspensions and permanent exclusions in England",academic year 2023/24,released
E06000035,permanent_exclusion_rate,2024,by_ethnicity,Mixed,,4.0,3681.0,0.10867,,0.10867,100,,"DfE, Suspensions and permanent exclusions in England",academic year 2023/24,released
E06000035,permanent_exclusion_rate,2024,overall,,,70.0,50567.0,0.13843,,0.13843,100,,"DfE, Suspensions and permanent exclusions in England",academic year 2023/24,released
E06000035,permanent_exclusion_rate,2024,by_ethnicity,Other,,0.0,634.0,0.0,,0.0,100,,"DfE, Suspensions and permanent exclusions in England",academic year 2023/24,released
E06000035,permanent_exclusion_rate,2024,by_ethnicity,White,,63.0,35683.0,0.17655,,0.17655,100,,"DfE, Suspensions and permanent exclusions in England",academic year 2023/24,released
E06000035,permanent_exclusion_rate,2025,by_ethnicity,Asian,,1.0,3373.0,0.02965,,0.02965,100,,"DfE, Suspensions and permanent exclusions in England",academic year 2024/25,released
E06000035,permanent_exclusion_rate,2025,by_ethnicity,Black,,5.0,7235.0,0.06911,,0.06911,100,,"DfE, Suspensions and permanent exclusions in England",academic year 2024/25,released
E06000035,permanent_exclusion_rate,2025,by_ethnicity,Mixed,,6.0,3816.0,0.15723,,0.15723,100,,"DfE, Suspensions and permanent exclusions in England",academic year 2024/25,released
E06000035,permanent_exclusion_rate,2025,overall,,,75.0,51076.0,0.14684,,0.14684,100,,"DfE, Suspensions and permanent exclusions in England",academic year 2024/25,released
E06000035,permanent_exclusion_rate,2025,by_ethnicity,Other,,1.0,703.0,0.14225,,0.14225,100,,"DfE, Suspensions and permanent exclusions in England",academic year 2024/25,released
E06000035,permanent_exclusion_rate,2025,by_ethnicity,White,,61.0,35103.0,0.17377,,0.17377,100,,"DfE, Suspensions and permanent exclusions in England",academic year 2024/25,released
E06000036,permanent_exclusion_rate,2024,by_ethnicity,Asian,,1.0,1671.0,0.05984,,0.05984,100,,"DfE, Suspensions and permanent exclusions in England",academic year 2023/24,released
E06000036,permanent_exclusion_rate,2024,by_ethnicity,Black,,1.0,653.0,0.15314,,0.15314,100,,"DfE, Suspensions and permanent exclusions in England",academic year 2023/24,released
E06000036,permanent_exclusion_rate,2024,by_ethnicity,Mixed,,0.0,1334.0,0.0,,0.0,100,,"DfE, Suspensions and permanent exclusions in England",academic year 2023/24,released
E06000036,permanent_exclusion_rate,2024,overall,,,12.0,18917.0,0.06344,,0.06344,100,,"DfE, Suspensions and permanent exclusions in England",academic year 2023/24,released
E06000036,permanent_exclusion_rate,2024,by_ethnicity,Other,,0.0,188.0,0.0,,0.0,100,,"DfE, Suspensions and permanent exclusions in England",academic year 2023/24,released
E06000036,permanent_exclusion_rate,2024,by_ethnicity,White,,10.0,14852.0,0.06733,,0.06733,100,,"DfE, Suspensions and permanent exclusions in England",academic year 2023/24,released
E06000036,permanent_exclusion_rate,2025,by_ethnicity,Asian,,0.0,1755.0,0.0,,0.0,100,,"DfE, Suspensions and permanent exclusions in England",academic year 2024/25,released
E06000036,permanent_exclusion_rate,2025,by_ethnicity,Black,,1.0,727.0,0.13755,,0.13755,100,,"DfE, Suspensions and permanent exclusions in England",academic year 2024/25,released
E06000036,permanent_exclusion_rate,2025,by_ethnicity,Mixed,,0.0,1385.0,0.0,,0.0,100,,"DfE, Suspensions and permanent exclusions in England",academic year 2024/25,released
E06000036,permanent_exclusion_rate,2025,overall,,,7.0,18978.0,0.03688,,0.03688,100,,"DfE, Suspensions and permanent exclusions in England",academic year 2024/25,released
E06000036,permanent_exclusion_rate,2025,by_ethnicity,Other,,0.0,205.0,0.0,,0.0,100,,"DfE, Suspensions and permanent exclusions in England",academic year 2024/25,released
E06000036,permanent_exclusion_rate,2025,by_ethnicity,White,,6.0,14667.0,0.04091,,0.04091,100,,"DfE, Suspensions and permanent exclusions in England",academic year 2024/25,released
E06000037,permanent_exclusion_rate,2024,by_ethnicity,Asian,,0.0,1688.0,0.0,,0.0,100,,"DfE, Suspensions and permanent exclusions in England",academic year 2023/24,released
E06000037,permanent_exclusion_rate,2024,by_ethnicity,Black,,0.0,511.0,0.0,,0.0,100,,"DfE, Suspensions and permanent exclusions in England",academic year 2023/24,released
E06000037,permanent_exclusion_rate,2024,by_ethnicity,Mixed,,6.0,1587.0,0.37807,,0.37807,100,,"DfE, Suspensions and permanent exclusions in England",academic year 2023/24,released
E06000037,permanent_exclusion_rate,2024,overall,,,40.0,26528.0,0.15078,,0.15078,100,,"DfE, Suspensions and permanent exclusions in England",academic year 2023/24,released
E06000037,permanent_exclusion_rate,2024,by_ethnicity,Other,,0.0,286.0,0.0,,0.0,100,,"DfE, Suspensions and permanent exclusions in England",academic year 2023/24,released
E06000037,permanent_exclusion_rate,2024,by_ethnicity,White,,33.0,22197.0,0.14867,,0.14867,100,,"DfE, Suspensions and permanent exclusions in England",academic year 2023/24,released
E06000037,permanent_exclusion_rate,2025,by_ethnicity,Asian,,1.0,1770.0,0.0565,,0.0565,100,,"DfE, Suspensions and permanent exclusions in England",academic year 2024/25,released
E06000037,permanent_exclusion_rate,2025,by_ethnicity,Black,,1.0,638.0,0.15674,,0.15674,100,,"DfE, Suspensions and permanent exclusions in England",academic year 2024/25,released
E06000037,permanent_exclusion_rate,2025,by_ethnicity,Mixed,,5.0,1607.0,0.31114,,0.31114,100,,"DfE, Suspensions and permanent exclusions in England",academic year 2024/25,released
E06000037,permanent_exclusion_rate,2025,overall,,,47.0,26295.0,0.17874,,0.17874,100,,"DfE, Suspensions and permanent exclusions in England",academic year 2024/25,released
E06000037,permanent_exclusion_rate,2025,by_ethnicity,Other,,0.0,300.0,0.0,,0.0,100,,"DfE, Suspensions and permanent exclusions in England",academic year 2024/25,released
E06000037,permanent_exclusion_rate,2025,by_ethnicity,White,,40.0,21726.0,0.18411,,0.18411,100,,"DfE, Suspensions and permanent exclusions in England",academic year 2024/25,released
E06000038,permanent_exclusion_rate,2024,by_ethnicity,Asian,,0.0,7487.0,0.0,,0.0,100,,"DfE, Suspensions and permanent exclusions in England",academic year 2023/24,released
E06000038,permanent_exclusion_rate,2024,by_ethnicity,Black,,1.0,2344.0,0.04266,,0.04266,100,,"DfE, Suspensions and permanent exclusions in England",academic year 2023/24,released
E06000038,permanent_exclusion_rate,2024,by_ethnicity,Mixed,,3.0,2829.0,0.10604,,0.10604,100,,"DfE, Suspensions and permanent exclusions in England",academic year 2023/24,released
E06000038,permanent_exclusion_rate,2024,overall,,,14.0,24423.0,0.05732,,0.05732,100,,"DfE, Suspensions and permanent exclusions in England",academic year 2023/24,released
E06000038,permanent_exclusion_rate,2024,by_ethnicity,Other,,0.0,605.0,0.0,,0.0,100,,"DfE, Suspensions and permanent exclusions in England",academic year 2023/24,released
E06000038,permanent_exclusion_rate,2024,by_ethnicity,White,,9.0,10461.0,0.08603,,0.08603,100,,"DfE, Suspensions and permanent exclusions in England",academic year 2023/24,released
E06000038,permanent_exclusion_rate,2025,by_ethnicity,Asian,,3.0,7570.0,0.03963,,0.03963,100,,"DfE, Suspensions and permanent exclusions in England",academic year 2024/25,released
E06000038,permanent_exclusion_rate,2025,by_ethnicity,Black,,1.0,2458.0,0.04068,,0.04068,100,,"DfE, Suspensions and permanent exclusions in England",academic year 2024/25,released
E06000038,permanent_exclusion_rate,2025,by_ethnicity,Mixed,,3.0,2900.0,0.10345,,0.10345,100,,"DfE, Suspensions and permanent exclusions in England",academic year 2024/25,released
E06000038,permanent_exclusion_rate,2025,overall,,,17.0,24204.0,0.07024,,0.07024,100,,"DfE, Suspensions and permanent exclusions in England",academic year 2024/25,released
E06000038,permanent_exclusion_rate,2025,by_ethnicity,Other,,0.0,652.0,0.0,,0.0,100,,"DfE, Suspensions and permanent exclusions in England",academic year 2024/25,released
E06000038,permanent_exclusion_rate,2025,by_ethnicity,White,,9.0,9936.0,0.09058,,0.09058,100,,"DfE, Suspensions and permanent exclusions in England",academic year 2024/25,released
E06000039,permanent_exclusion_rate,2024,by_ethnicity,Asian,,8.0,18114.0,0.04416,,0.04416,100,,"DfE, Suspensions and permanent exclusions in England",academic year 2023/24,released
E06000039,permanent_exclusion_rate,2024,by_ethnicity,Black,,0.0,2332.0,0.0,,0.0,100,,"DfE, Suspensions and permanent exclusions in England",academic year 2023/24,released
E06000039,permanent_exclusion_rate,2024,by_ethnicity,Mixed,,8.0,4092.0,0.1955,,0.1955,100,,"DfE, Suspensions and permanent exclusions in England",academic year 2023/24,released
E06000039,permanent_exclusion_rate,2024,overall,,,36.0,33543.0,0.10732,,0.10732,100,,"DfE, Suspensions and permanent exclusions in England",academic year 2023/24,released
E06000039,permanent_exclusion_rate,2024,by_ethnicity,Other,,0.0,1410.0,0.0,,0.0,100,,"DfE, Suspensions and permanent exclusions in England",academic year 2023/24,released
E06000039,permanent_exclusion_rate,2024,by_ethnicity,White,,20.0,6968.0,0.28703,,0.28703,100,,"DfE, Suspensions and permanent exclusions in England",academic year 2023/24,released
E06000039,permanent_exclusion_rate,2025,by_ethnicity,Asian,,2.0,18297.0,0.01093,,0.01093,100,,"DfE, Suspensions and permanent exclusions in England",academic year 2024/25,released
E06000039,permanent_exclusion_rate,2025,by_ethnicity,Black,,4.0,2336.0,0.17123,,0.17123,100,,"DfE, Suspensions and permanent exclusions in England",academic year 2024/25,released
E06000039,permanent_exclusion_rate,2025,by_ethnicity,Mixed,,2.0,4178.0,0.04787,,0.04787,100,,"DfE, Suspensions and permanent exclusions in England",academic year 2024/25,released
E06000039,permanent_exclusion_rate,2025,overall,,,28.0,33277.0,0.08414,,0.08414,100,,"DfE, Suspensions and permanent exclusions in England",academic year 2024/25,released
E06000039,permanent_exclusion_rate,2025,by_ethnicity,Other,,5.0,1437.0,0.34795,,0.34795,100,,"DfE, Suspensions and permanent exclusions in England",academic year 2024/25,released
E06000039,permanent_exclusion_rate,2025,by_ethnicity,White,,13.0,6486.0,0.20043,,0.20043,100,,"DfE, Suspensions and permanent exclusions in England",academic year 2024/25,released
E06000040,permanent_exclusion_rate,2024,by_ethnicity,Asian,,5.0,4082.0,0.12249,,0.12249,100,,"DfE, Suspensions and permanent exclusions in England",academic year 2023/24,released
E06000040,permanent_exclusion_rate,2024,by_ethnicity,Black,,0.0,487.0,0.0,,0.0,100,,"DfE, Suspensions and permanent exclusions in England",academic year 2023/24,released
E06000040,permanent_exclusion_rate,2024,by_ethnicity,Mixed,,2.0,2339.0,0.08551,,0.08551,100,,"DfE, Suspensions and permanent exclusions in England",academic year 2023/24,released
E06000040,permanent_exclusion_rate,2024,overall,,,23.0,22763.0,0.10104,,0.10104,100,,"DfE, Suspensions and permanent exclusions in England",academic year 2023/24,released
E06000040,permanent_exclusion_rate,2024,by_ethnicity,Other,,0.0,534.0,0.0,,0.0,100,,"DfE, Suspensions and permanent exclusions in England",academic year 2023/24,released
E06000040,permanent_exclusion_rate,2024,by_ethnicity,White,,15.0,14936.0,0.10043,,0.10043,100,,"DfE, Suspensions and permanent exclusions in England",academic year 2023/24,released
E06000040,permanent_exclusion_rate,2025,by_ethnicity,Asian,,2.0,4148.0,0.04822,,0.04822,100,,"DfE, Suspensions and permanent exclusions in England",academic year 2024/25,released
E06000040,permanent_exclusion_rate,2025,by_ethnicity,Black,,1.0,560.0,0.17857,,0.17857,100,,"DfE, Suspensions and permanent exclusions in England",academic year 2024/25,released
E06000040,permanent_exclusion_rate,2025,by_ethnicity,Mixed,,3.0,2409.0,0.12453,,0.12453,100,,"DfE, Suspensions and permanent exclusions in England",academic year 2024/25,released
E06000040,permanent_exclusion_rate,2025,overall,,,24.0,22694.0,0.10575,,0.10575,100,,"DfE, Suspensions and permanent exclusions in England",academic year 2024/25,released
E06000040,permanent_exclusion_rate,2025,by_ethnicity,Other,,0.0,540.0,0.0,,0.0,100,,"DfE, Suspensions and permanent exclusions in England",academic year 2024/25,released
E06000040,permanent_exclusion_rate,2025,by_ethnicity,White,,17.0,14723.0,0.11547,,0.11547,100,,"DfE, Suspensions and permanent exclusions in England",academic year 2024/25,released
E06000041,permanent_exclusion_rate,2024,by_ethnicity,Asian,,1.0,6189.0,0.01616,,0.01616,100,,"DfE, Suspensions and permanent exclusions in England",academic year 2023/24,released
E06000041,permanent_exclusion_rate,2024,by_ethnicity,Black,,1.0,961.0,0.10406,,0.10406,100,,"DfE, Suspensions and permanent exclusions in England",academic year 2023/24,released
E06000041,permanent_exclusion_rate,2024,by_ethnicity,Mixed,,3.0,2483.0,0.12082,,0.12082,100,,"DfE, Suspensions and permanent exclusions in England",academic year 2023/24,released
E06000041,permanent_exclusion_rate,2024,overall,,,19.0,29801.0,0.06376,,0.06376,100,,"DfE, Suspensions and permanent exclusions in England",academic year 2023/24,released
E06000041,permanent_exclusion_rate,2024,by_ethnicity,Other,,0.0,428.0,0.0,,0.0,100,,"DfE, Suspensions and permanent exclusions in England",academic year 2023/24,released
E06000041,permanent_exclusion_rate,2024,by_ethnicity,White,,13.0,18367.0,0.07078,,0.07078,100,,"DfE, Suspensions and permanent exclusions in England",academic year 2023/24,released
E06000041,permanent_exclusion_rate,2025,by_ethnicity,Asian,,3.0,6506.0,0.04611,,0.04611,100,,"DfE, Suspensions and permanent exclusions in England",academic year 2024/25,released
E06000041,permanent_exclusion_rate,2025,by_ethnicity,Black,,0.0,1025.0,0.0,,0.0,100,,"DfE, Suspensions and permanent exclusions in England",academic year 2024/25,released
E06000041,permanent_exclusion_rate,2025,by_ethnicity,Mixed,,3.0,2582.0,0.11619,,0.11619,100,,"DfE, Suspensions and permanent exclusions in England",academic year 2024/25,released
E06000041,permanent_exclusion_rate,2025,overall,,,14.0,29856.0,0.04689,,0.04689,100,,"DfE, Suspensions and permanent exclusions in England",academic year 2024/25,released
E06000041,permanent_exclusion_rate,2025,by_ethnicity,Other,,0.0,475.0,0.0,,0.0,100,,"DfE, Suspensions and permanent exclusions in England",academic year 2024/25,released
E06000041,permanent_exclusion_rate,2025,by_ethnicity,White,,8.0,18133.0,0.04412,,0.04412,100,,"DfE, Suspensions and permanent exclusions in England",academic year 2024/25,released
E06000042,permanent_exclusion_rate,2024,by_ethnicity,Asian,,0.0,9126.0,0.0,,0.0,100,,"DfE, Suspensions and permanent exclusions in England",academic year 2023/24,released
E06000042,permanent_exclusion_rate,2024,by_ethnicity,Black,,2.0,7585.0,0.02637,,0.02637,100,,"DfE, Suspensions and permanent exclusions in England",academic year 2023/24,released
E06000042,permanent_exclusion_rate,2024,by_ethnicity,Mixed,,0.0,4793.0,0.0,,0.0,100,,"DfE, Suspensions and permanent exclusions in England",academic year 2023/24,released
E06000042,permanent_exclusion_rate,2024,overall,,,2.0,51934.0,0.00385,,0.00385,100,,"DfE, Suspensions and permanent exclusions in England",academic year 2023/24,released
E06000042,permanent_exclusion_rate,2024,by_ethnicity,Other,,0.0,770.0,0.0,,0.0,100,,"DfE, Suspensions and permanent exclusions in England",academic year 2023/24,released
E06000042,permanent_exclusion_rate,2024,by_ethnicity,White,,0.0,28438.0,0.0,,0.0,100,,"DfE, Suspensions and permanent exclusions in England",academic year 2023/24,released
E06000042,permanent_exclusion_rate,2025,by_ethnicity,Asian,,1.0,9735.0,0.01027,,0.01027,100,,"DfE, Suspensions and permanent exclusions in England",academic year 2024/25,released
E06000042,permanent_exclusion_rate,2025,by_ethnicity,Black,,0.0,7813.0,0.0,,0.0,100,,"DfE, Suspensions and permanent exclusions in England",academic year 2024/25,released
E06000042,permanent_exclusion_rate,2025,by_ethnicity,Mixed,,0.0,4903.0,0.0,,0.0,100,,"DfE, Suspensions and permanent exclusions in England",academic year 2024/25,released
E06000042,permanent_exclusion_rate,2025,overall,,,7.0,52212.0,0.01341,,0.01341,100,,"DfE, Suspensions and permanent exclusions in England",academic year 2024/25,released
E06000042,permanent_exclusion_rate,2025,by_ethnicity,Other,,0.0,802.0,0.0,,0.0,100,,"DfE, Suspensions and permanent exclusions in England",academic year 2024/25,released
E06000042,permanent_exclusion_rate,2025,by_ethnicity,White,,6.0,27792.0,0.02159,,0.02159,100,,"DfE, Suspensions and permanent exclusions in England",academic year 2024/25,released
E06000043,permanent_exclusion_rate,2024,by_ethnicity,Asian,,0.0,1639.0,0.0,,0.0,100,,"DfE, Suspensions and permanent exclusions in England",academic year 2023/24,released
E06000043,permanent_exclusion_rate,2024,by_ethnicity,Black,,0.0,791.0,0.0,,0.0,100,,"DfE, Suspensions and permanent exclusions in England",academic year 2023/24,released
E06000043,permanent_exclusion_rate,2024,by_ethnicity,Mixed,,0.0,3291.0,0.0,,0.0,100,,"DfE, Suspensions and permanent exclusions in England",academic year 2023/24,released
E06000043,permanent_exclusion_rate,2024,overall,,,2.0,30703.0,0.00651,,0.00651,100,,"DfE, Suspensions and permanent exclusions in England",academic year 2023/24,released
E06000043,permanent_exclusion_rate,2024,by_ethnicity,Other,,0.0,1017.0,0.0,,0.0,100,,"DfE, Suspensions and permanent exclusions in England",academic year 2023/24,released
E06000043,permanent_exclusion_rate,2024,by_ethnicity,White,,2.0,23658.0,0.00845,,0.00845,100,,"DfE, Suspensions and permanent exclusions in England",academic year 2023/24,released
E06000043,permanent_exclusion_rate,2025,by_ethnicity,Asian,,0.0,1741.0,0.0,,0.0,100,,"DfE, Suspensions and permanent exclusions in England",academic year 2024/25,released
E06000043,permanent_exclusion_rate,2025,by_ethnicity,Black,,0.0,912.0,0.0,,0.0,100,,"DfE, Suspensions and permanent exclusions in England",academic year 2024/25,released
E06000043,permanent_exclusion_rate,2025,by_ethnicity,Mixed,,0.0,3270.0,0.0,,0.0,100,,"DfE, Suspensions and permanent exclusions in England",academic year 2024/25,released
E06000043,permanent_exclusion_rate,2025,overall,,,1.0,30292.0,0.0033,,0.0033,100,,"DfE, Suspensions and permanent exclusions in England",academic year 2024/25,released
E06000043,permanent_exclusion_rate,2025,by_ethnicity,Other,,0.0,1004.0,0.0,,0.0,100,,"DfE, Suspensions and permanent exclusions in England",academic year 2024/25,released
E06000043,permanent_exclusion_rate,2025,by_ethnicity,White,,1.0,23084.0,0.00433,,0.00433,100,,"DfE, Suspensions and permanent exclusions in England",academic year 2024/25,released
E06000044,permanent_exclusion_rate,2024,by_ethnicity,Asian,,0.0,2450.0,0.0,,0.0,100,,"DfE, Suspensions and permanent exclusions in England",academic year 2023/24,released
E06000044,permanent_exclusion_rate,2024,by_ethnicity,Black,,0.0,2100.0,0.0,,0.0,100,,"DfE, Suspensions and permanent exclusions in England",academic year 2023/24,released
E06000044,permanent_exclusion_rate,2024,by_ethnicity,Mixed,,2.0,1551.0,0.12895,,0.12895,100,,"DfE, Suspensions and permanent exclusions in England",academic year 2023/24,released
E06000044,permanent_exclusion_rate,2024,overall,,,25.0,27999.0,0.08929,,0.08929,100,,"DfE, Suspensions and permanent exclusions in England",academic year 2023/24,released
E06000044,permanent_exclusion_rate,2024,by_ethnicity,Other,,0.0,596.0,0.0,,0.0,100,,"DfE, Suspensions and permanent exclusions in England",academic year 2023/24,released
E06000044,permanent_exclusion_rate,2024,by_ethnicity,White,,22.0,20805.0,0.10574,,0.10574,100,,"DfE, Suspensions and permanent exclusions in England",academic year 2023/24,released
E06000044,permanent_exclusion_rate,2025,by_ethnicity,Asian,,1.0,2641.0,0.03786,,0.03786,100,,"DfE, Suspensions and permanent exclusions in England",academic year 2024/25,released
E06000044,permanent_exclusion_rate,2025,by_ethnicity,Black,,0.0,2314.0,0.0,,0.0,100,,"DfE, Suspensions and permanent exclusions in England",academic year 2024/25,released
E06000044,permanent_exclusion_rate,2025,by_ethnicity,Mixed,,3.0,1593.0,0.18832,,0.18832,100,,"DfE, Suspensions and permanent exclusions in England",academic year 2024/25,released
E06000044,permanent_exclusion_rate,2025,overall,,,19.0,28050.0,0.06774,,0.06774,100,,"DfE, Suspensions and permanent exclusions in England",academic year 2024/25,released
E06000044,permanent_exclusion_rate,2025,by_ethnicity,Other,,0.0,661.0,0.0,,0.0,100,,"DfE, Suspensions and permanent exclusions in England",academic year 2024/25,released
E06000044,permanent_exclusion_rate,2025,by_ethnicity,White,,15.0,20250.0,0.07407,,0.07407,100,,"DfE, Suspensions and permanent exclusions in England",academic year 2024/25,released
E06000045,permanent_exclusion_rate,2024,by_ethnicity,Asian,,2.0,5371.0,0.03724,,0.03724,100,,"DfE, Suspensions and permanent exclusions in England",academic year 2023/24,released
E06000045,permanent_exclusion_rate,2024,by_ethnicity,Black,,3.0,2023.0,0.14829,,0.14829,100,,"DfE, Suspensions and permanent exclusions in England",academic year 2023/24,released
E06000045,permanent_exclusion_rate,2024,by_ethnicity,Mixed,,3.0,2558.0,0.11728,,0.11728,100,,"DfE, Suspensions and permanent exclusions in England",academic year 2023/24,released
E06000045,permanent_exclusion_rate,2024,overall,,,35.0,34290.0,0.10207,,0.10207,100,,"DfE, Suspensions and permanent exclusions in England",academic year 2023/24,released
E06000045,permanent_exclusion_rate,2024,by_ethnicity,Other,,2.0,812.0,0.24631,,0.24631,100,,"DfE, Suspensions and permanent exclusions in England",academic year 2023/24,released
E06000045,permanent_exclusion_rate,2024,by_ethnicity,White,,24.0,23303.0,0.10299,,0.10299,100,,"DfE, Suspensions and permanent exclusions in England",academic year 2023/24,released
E06000045,permanent_exclusion_rate,2025,by_ethnicity,Asian,,2.0,5519.0,0.03624,,0.03624,100,,"DfE, Suspensions and permanent exclusions in England",academic year 2024/25,released
E06000045,permanent_exclusion_rate,2025,by_ethnicity,Black,,1.0,2430.0,0.04115,,0.04115,100,,"DfE, Suspensions and permanent exclusions in England",academic year 2024/25,released
E06000045,permanent_exclusion_rate,2025,by_ethnicity,Mixed,,2.0,2634.0,0.07593,,0.07593,100,,"DfE, Suspensions and permanent exclusions in England",academic year 2024/25,released
E06000045,permanent_exclusion_rate,2025,overall,,,18.0,34072.0,0.05283,,0.05283,100,,"DfE, Suspensions and permanent exclusions in England",academic year 2024/25,released
E06000045,permanent_exclusion_rate,2025,by_ethnicity,Other,,1.0,786.0,0.12723,,0.12723,100,,"DfE, Suspensions and permanent exclusions in England",academic year 2024/25,released
E06000045,permanent_exclusion_rate,2025,by_ethnicity,White,,9.0,22546.0,0.03992,,0.03992,100,,"DfE, Suspensions and permanent exclusions in England",academic year 2024/25,released
E06000046,permanent_exclusion_rate,2024,by_ethnicity,Asian,,0.0,272.0,0.0,,0.0,100,,"DfE, Suspensions and permanent exclusions in England",academic year 2023/24,released
E06000046,permanent_exclusion_rate,2024,by_ethnicity,Black,,0.0,185.0,0.0,,0.0,100,,"DfE, Suspensions and permanent exclusions in England",academic year 2023/24,released
E06000046,permanent_exclusion_rate,2024,by_ethnicity,Mixed,,2.0,706.0,0.28329,,0.28329,100,,"DfE, Suspensions and permanent exclusions in England",academic year 2023/24,released
E06000046,permanent_exclusion_rate,2024,overall,,,31.0,16532.0,0.18752,,0.18752,100,,"DfE, Suspensions and permanent exclusions in England",academic year 2023/24,released
E06000046,permanent_exclusion_rate,2024,by_ethnicity,Other,,0.0,84.0,0.0,,0.0,100,,"DfE, Suspensions and permanent exclusions in England",academic year 2023/24,released
E06000046,permanent_exclusion_rate,2024,by_ethnicity,White,,27.0,15143.0,0.1783,,0.1783,100,,"DfE, Suspensions and permanent exclusions in England",academic year 2023/24,released
E06000046,permanent_exclusion_rate,2025,by_ethnicity,Asian,,0.0,329.0,0.0,,0.0,100,,"DfE, Suspensions and permanent exclusions in England",academic year 2024/25,released
E06000046,permanent_exclusion_rate,2025,by_ethnicity,Black,,0.0,263.0,0.0,,0.0,100,,"DfE, Suspensions and permanent exclusions in England",academic year 2024/25,released
E06000046,permanent_exclusion_rate,2025,by_ethnicity,Mixed,,1.0,691.0,0.14472,,0.14472,100,,"DfE, Suspensions and permanent exclusions in England",academic year 2024/25,released
E06000046,permanent_exclusion_rate,2025,overall,,,18.0,16040.0,0.11222,,0.11222,100,,"DfE, Suspensions and permanent exclusions in England",academic year 2024/25,released
E06000046,permanent_exclusion_rate,2025,by_ethnicity,Other,,0.0,83.0,0.0,,0.0,100,,"DfE, Suspensions and permanent exclusions in England",academic year 2024/25,released
E06000046,permanent_exclusion_rate,2025,by_ethnicity,White,,17.0,14534.0,0.11697,,0.11697,100,,"DfE, Suspensions and permanent exclusions in England",academic year 2024/25,released
E06000047,permanent_exclusion_rate,2024,by_ethnicity,Asian,,0.0,1256.0,0.0,,0.0,100,,"DfE, Suspensions and permanent exclusions in England",academic year 2023/24,released
E06000047,permanent_exclusion_rate,2024,by_ethnicity,Black,,0.0,882.0,0.0,,0.0,100,,"DfE, Suspensions and permanent exclusions in England",academic year 2023/24,released
E06000047,permanent_exclusion_rate,2024,by_ethnicity,Mixed,,3.0,1485.0,0.20202,,0.20202,100,,"DfE, Suspensions and permanent exclusions in England",academic year 2023/24,released
E06000047,permanent_exclusion_rate,2024,overall,,,129.0,72930.0,0.17688,,0.17688,100,,"DfE, Suspensions and permanent exclusions in England",academic year 2023/24,released
E06000047,permanent_exclusion_rate,2024,by_ethnicity,Other,,0.0,489.0,0.0,,0.0,100,,"DfE, Suspensions and permanent exclusions in England",academic year 2023/24,released
E06000047,permanent_exclusion_rate,2024,by_ethnicity,White,,124.0,68420.0,0.18123,,0.18123,100,,"DfE, Suspensions and permanent exclusions in England",academic year 2023/24,released
E06000047,permanent_exclusion_rate,2025,by_ethnicity,Asian,,0.0,1390.0,0.0,,0.0,100,,"DfE, Suspensions and permanent exclusions in England",academic year 2024/25,released
E06000047,permanent_exclusion_rate,2025,by_ethnicity,Black,,3.0,1123.0,0.26714,,0.26714,100,,"DfE, Suspensions and permanent exclusions in England",academic year 2024/25,released
E06000047,permanent_exclusion_rate,2025,by_ethnicity,Mixed,,2.0,1482.0,0.13495,,0.13495,100,,"DfE, Suspensions and permanent exclusions in England",academic year 2024/25,released
E06000047,permanent_exclusion_rate,2025,overall,,,156.0,71967.0,0.21677,,0.21677,100,,"DfE, Suspensions and permanent exclusions in England",academic year 2024/25,released
E06000047,permanent_exclusion_rate,2025,by_ethnicity,Other,,0.0,593.0,0.0,,0.0,100,,"DfE, Suspensions and permanent exclusions in England",academic year 2024/25,released
E06000047,permanent_exclusion_rate,2025,by_ethnicity,White,,150.0,66987.0,0.22392,,0.22392,100,,"DfE, Suspensions and permanent exclusions in England",academic year 2024/25,released
E06000049,permanent_exclusion_rate,2024,by_ethnicity,Asian,,0.0,2357.0,0.0,,0.0,100,,"DfE, Suspensions and permanent exclusions in England",academic year 2023/24,released
E06000049,permanent_exclusion_rate,2024,by_ethnicity,Black,,2.0,882.0,0.22676,,0.22676,100,,"DfE, Suspensions and permanent exclusions in England",academic year 2023/24,released
E06000049,permanent_exclusion_rate,2024,by_ethnicity,Mixed,,3.0,2555.0,0.11742,,0.11742,100,,"DfE, Suspensions and permanent exclusions in England",academic year 2023/24,released
E06000049,permanent_exclusion_rate,2024,overall,,,44.0,57147.0,0.07699,,0.07699,100,,"DfE, Suspensions and permanent exclusions in England",academic year 2023/24,released
E06000049,permanent_exclusion_rate,2024,by_ethnicity,Other,,0.0,420.0,0.0,,0.0,100,,"DfE, Suspensions and permanent exclusions in England",academic year 2023/24,released
E06000049,permanent_exclusion_rate,2024,by_ethnicity,White,,38.0,49754.0,0.07638,,0.07638,100,,"DfE, Suspensions and permanent exclusions in England",academic year 2023/24,released
E06000049,permanent_exclusion_rate,2025,by_ethnicity,Asian,,1.0,2574.0,0.03885,,0.03885,100,,"DfE, Suspensions and permanent exclusions in England",academic year 2024/25,released
E06000049,permanent_exclusion_rate,2025,by_ethnicity,Black,,0.0,1166.0,0.0,,0.0,100,,"DfE, Suspensions and permanent exclusions in England",academic year 2024/25,released
E06000049,permanent_exclusion_rate,2025,by_ethnicity,Mixed,,3.0,2682.0,0.11186,,0.11186,100,,"DfE, Suspensions and permanent exclusions in England",academic year 2024/25,released
E06000049,permanent_exclusion_rate,2025,overall,,,49.0,57379.0,0.0854,,0.0854,100,,"DfE, Suspensions and permanent exclusions in England",academic year 2024/25,released
E06000049,permanent_exclusion_rate,2025,by_ethnicity,Other,,0.0,425.0,0.0,,0.0,100,,"DfE, Suspensions and permanent exclusions in England",academic year 2024/25,released
E06000049,permanent_exclusion_rate,2025,by_ethnicity,White,,42.0,49368.0,0.08508,,0.08508,100,,"DfE, Suspensions and permanent exclusions in England",academic year 2024/25,released
E06000050,permanent_exclusion_rate,2024,by_ethnicity,Asian,,1.0,1710.0,0.05848,,0.05848,100,,"DfE, Suspensions and permanent exclusions in England",academic year 2023/24,released
E06000050,permanent_exclusion_rate,2024,by_ethnicity,Black,,1.0,703.0,0.14225,,0.14225,100,,"DfE, Suspensions and permanent exclusions in England",academic year 2023/24,released
E06000050,permanent_exclusion_rate,2024,by_ethnicity,Mixed,,3.0,1861.0,0.1612,,0.1612,100,,"DfE, Suspensions and permanent exclusions in England",academic year 2023/24,released
E06000050,permanent_exclusion_rate,2024,overall,,,80.0,51614.0,0.155,,0.155,100,,"DfE, Suspensions and permanent exclusions in England",academic year 2023/24,released
E06000050,permanent_exclusion_rate,2024,by_ethnicity,Other,,0.0,357.0,0.0,,0.0,100,,"DfE, Suspensions and permanent exclusions in England",academic year 2023/24,released
E06000050,permanent_exclusion_rate,2024,by_ethnicity,White,,73.0,46457.0,0.15713,,0.15713,100,,"DfE, Suspensions and permanent exclusions in England",academic year 2023/24,released
E06000050,permanent_exclusion_rate,2025,by_ethnicity,Asian,,0.0,1852.0,0.0,,0.0,100,,"DfE, Suspensions and permanent exclusions in England",academic year 2024/25,released
E06000050,permanent_exclusion_rate,2025,by_ethnicity,Black,,1.0,828.0,0.12077,,0.12077,100,,"DfE, Suspensions and permanent exclusions in England",academic year 2024/25,released
E06000050,permanent_exclusion_rate,2025,by_ethnicity,Mixed,,3.0,1935.0,0.15504,,0.15504,100,,"DfE, Suspensions and permanent exclusions in England",academic year 2024/25,released
E06000050,permanent_exclusion_rate,2025,overall,,,58.0,51105.0,0.11349,,0.11349,100,,"DfE, Suspensions and permanent exclusions in England",academic year 2024/25,released
E06000050,permanent_exclusion_rate,2025,by_ethnicity,Other,,0.0,396.0,0.0,,0.0,100,,"DfE, Suspensions and permanent exclusions in England",academic year 2024/25,released
E06000050,permanent_exclusion_rate,2025,by_ethnicity,White,,53.0,45568.0,0.11631,,0.11631,100,,"DfE, Suspensions and permanent exclusions in England",academic year 2024/25,released
E06000051,permanent_exclusion_rate,2024,by_ethnicity,Asian,,0.0,770.0,0.0,,0.0,100,,"DfE, Suspensions and permanent exclusions in England",academic year 2023/24,released
E06000051,permanent_exclusion_rate,2024,by_ethnicity,Black,,1.0,349.0,0.28653,,0.28653,100,,"DfE, Suspensions and permanent exclusions in England",academic year 2023/24,released
E06000051,permanent_exclusion_rate,2024,by_ethnicity,Mixed,,4.0,1200.0,0.33333,,0.33333,100,,"DfE, Suspensions and permanent exclusions in England",academic year 2023/24,released
E06000051,permanent_exclusion_rate,2024,overall,,,60.0,39653.0,0.15131,,0.15131,100,,"DfE, Suspensions and permanent exclusions in England",academic year 2023/24,released
E06000051,permanent_exclusion_rate,2024,by_ethnicity,Other,,1.0,127.0,0.7874,,0.7874,100,,"DfE, Suspensions and permanent exclusions in England",academic year 2023/24,released
E06000051,permanent_exclusion_rate,2024,by_ethnicity,White,,54.0,36734.0,0.147,,0.147,100,,"DfE, Suspensions and permanent exclusions in England",academic year 2023/24,released
E06000051,permanent_exclusion_rate,2025,by_ethnicity,Asian,,0.0,908.0,0.0,,0.0,100,,"DfE, Suspensions and permanent exclusions in England",academic year 2024/25,released
E06000051,permanent_exclusion_rate,2025,by_ethnicity,Black,,0.0,424.0,0.0,,0.0,100,,"DfE, Suspensions and permanent exclusions in England",academic year 2024/25,released
E06000051,permanent_exclusion_rate,2025,by_ethnicity,Mixed,,1.0,1244.0,0.08039,,0.08039,100,,"DfE, Suspensions and permanent exclusions in England",academic year 2024/25,released
E06000051,permanent_exclusion_rate,2025,overall,,,33.0,39395.0,0.08377,,0.08377,100,,"DfE, Suspensions and permanent exclusions in England",academic year 2024/25,released
E06000051,permanent_exclusion_rate,2025,by_ethnicity,Other,,0.0,144.0,0.0,,0.0,100,,"DfE, Suspensions and permanent exclusions in England",academic year 2024/25,released
E06000051,permanent_exclusion_rate,2025,by_ethnicity,White,,32.0,36243.0,0.08829,,0.08829,100,,"DfE, Suspensions and permanent exclusions in England",academic year 2024/25,released
E06000052,permanent_exclusion_rate,2024,by_ethnicity,Asian,,0.0,536.0,0.0,,0.0,100,,"DfE, Suspensions and permanent exclusions in England",academic year 2023/24,released
E06000052,permanent_exclusion_rate,2024,by_ethnicity,Black,,2.0,329.0,0.6079,,0.6079,100,,"DfE, Suspensions and permanent exclusions in England",academic year 2023/24,released
E06000052,permanent_exclusion_rate,2024,by_ethnicity,Mixed,,4.0,2013.0,0.19871,,0.19871,100,,"DfE, Suspensions and permanent exclusions in England",academic year 2023/24,released
E06000052,permanent_exclusion_rate,2024,overall,,,167.0,73590.0,0.22693,,0.22693,100,,"DfE, Suspensions and permanent exclusions in England",academic year 2023/24,released
E06000052,permanent_exclusion_rate,2024,by_ethnicity,Other,,0.0,267.0,0.0,,0.0,100,,"DfE, Suspensions and permanent exclusions in England",academic year 2023/24,released
E06000052,permanent_exclusion_rate,2024,by_ethnicity,White,,161.0,69487.0,0.2317,,0.2317,100,,"DfE, Suspensions and permanent exclusions in England",academic year 2023/24,released
E06000052,permanent_exclusion_rate,2025,by_ethnicity,Asian,,0.0,713.0,0.0,,0.0,100,,"DfE, Suspensions and permanent exclusions in England",academic year 2024/25,released
E06000052,permanent_exclusion_rate,2025,by_ethnicity,Black,,0.0,636.0,0.0,,0.0,100,,"DfE, Suspensions and permanent exclusions in England",academic year 2024/25,released
E06000052,permanent_exclusion_rate,2025,by_ethnicity,Mixed,,3.0,1998.0,0.15015,,0.15015,100,,"DfE, Suspensions and permanent exclusions in England",academic year 2024/25,released
E06000052,permanent_exclusion_rate,2025,overall,,,173.0,72396.0,0.23896,,0.23896,100,,"DfE, Suspensions and permanent exclusions in England",academic year 2024/25,released
E06000052,permanent_exclusion_rate,2025,by_ethnicity,Other,,0.0,280.0,0.0,,0.0,100,,"DfE, Suspensions and permanent exclusions in England",academic year 2024/25,released
E06000052,permanent_exclusion_rate,2025,by_ethnicity,White,,165.0,67821.0,0.24329,,0.24329,100,,"DfE, Suspensions and permanent exclusions in England",academic year 2024/25,released
E06000053,permanent_exclusion_rate,2024,by_ethnicity,Asian,,0.0,1.0,0.0,,0.0,100,,"DfE, Suspensions and permanent exclusions in England",academic year 2023/24,released
E06000053,permanent_exclusion_rate,2024,by_ethnicity,Mixed,,0.0,10.0,0.0,,0.0,100,,"DfE, Suspensions and permanent exclusions in England",academic year 2023/24,released
E06000053,permanent_exclusion_rate,2024,overall,,,0.0,248.0,0.0,,0.0,100,,"DfE, Suspensions and permanent exclusions in England",academic year 2023/24,released
E06000053,permanent_exclusion_rate,2024,by_ethnicity,White,,0.0,232.0,0.0,,0.0,100,,"DfE, Suspensions and permanent exclusions in England",academic year 2023/24,released
E06000053,permanent_exclusion_rate,2025,by_ethnicity,Asian,,0.0,1.0,0.0,,0.0,100,,"DfE, Suspensions and permanent exclusions in England",academic year 2024/25,released
E06000053,permanent_exclusion_rate,2025,by_ethnicity,Mixed,,0.0,9.0,0.0,,0.0,100,,"DfE, Suspensions and permanent exclusions in England",academic year 2024/25,released
E06000053,permanent_exclusion_rate,2025,overall,,,1.0,251.0,0.39841,,0.39841,100,,"DfE, Suspensions and permanent exclusions in England",academic year 2024/25,released
E06000053,permanent_exclusion_rate,2025,by_ethnicity,White,,1.0,236.0,0.42373,,0.42373,100,,"DfE, Suspensions and permanent exclusions in England",academic year 2024/25,released
E06000054,permanent_exclusion_rate,2024,by_ethnicity,Asian,,0.0,2207.0,0.0,,0.0,100,,"DfE, Suspensions and permanent exclusions in England",academic year 2023/24,released
E06000054,permanent_exclusion_rate,2024,by_ethnicity,Black,,0.0,1621.0,0.0,,0.0,100,,"DfE, Suspensions and permanent exclusions in England",academic year 2023/24,released
E06000054,permanent_exclusion_rate,2024,by_ethnicity,Mixed,,0.0,2827.0,0.0,,0.0,100,,"DfE, Suspensions and permanent exclusions in England",academic year 2023/24,released
E06000054,permanent_exclusion_rate,2024,overall,,,22.0,70370.0,0.03126,,0.03126,100,,"DfE, Suspensions and permanent exclusions in England",academic year 2023/24,released
E06000054,permanent_exclusion_rate,2024,by_ethnicity,Other,,0.0,657.0,0.0,,0.0,100,,"DfE, Suspensions and permanent exclusions in England",academic year 2023/24,released
E06000054,permanent_exclusion_rate,2024,by_ethnicity,White,,22.0,61451.0,0.0358,,0.0358,100,,"DfE, Suspensions and permanent exclusions in England",academic year 2023/24,released
E06000054,permanent_exclusion_rate,2025,by_ethnicity,Asian,,0.0,2390.0,0.0,,0.0,100,,"DfE, Suspensions and permanent exclusions in England",academic year 2024/25,released
E06000054,permanent_exclusion_rate,2025,by_ethnicity,Black,,0.0,1946.0,0.0,,0.0,100,,"DfE, Suspensions and permanent exclusions in England",academic year 2024/25,released
E06000054,permanent_exclusion_rate,2025,by_ethnicity,Mixed,,2.0,2944.0,0.06793,,0.06793,100,,"DfE, Suspensions and permanent exclusions in England",academic year 2024/25,released
E06000054,permanent_exclusion_rate,2025,overall,,,7.0,69868.0,0.01002,,0.01002,100,,"DfE, Suspensions and permanent exclusions in England",academic year 2024/25,released
E06000054,permanent_exclusion_rate,2025,by_ethnicity,Other,,0.0,837.0,0.0,,0.0,100,,"DfE, Suspensions and permanent exclusions in England",academic year 2024/25,released
E06000054,permanent_exclusion_rate,2025,by_ethnicity,White,,5.0,60211.0,0.0083,,0.0083,100,,"DfE, Suspensions and permanent exclusions in England",academic year 2024/25,released
E06000055,permanent_exclusion_rate,2024,by_ethnicity,Asian,,6.0,5180.0,0.11583,,0.11583,100,,"DfE, Suspensions and permanent exclusions in England",academic year 2023/24,released
E06000055,permanent_exclusion_rate,2024,by_ethnicity,Black,,6.0,2573.0,0.23319,,0.23319,100,,"DfE, Suspensions and permanent exclusions in England",academic year 2023/24,released
E06000055,permanent_exclusion_rate,2024,by_ethnicity,Mixed,,13.0,3611.0,0.36001,,0.36001,100,,"DfE, Suspensions and permanent exclusions in England",academic year 2023/24,released
E06000055,permanent_exclusion_rate,2024,overall,,,70.0,31625.0,0.22134,,0.22134,100,,"DfE, Suspensions and permanent exclusions in England",academic year 2023/24,released
E06000055,permanent_exclusion_rate,2024,by_ethnicity,Other,,2.0,475.0,0.42105,,0.42105,100,,"DfE, Suspensions and permanent exclusions in England",academic year 2023/24,released
E06000055,permanent_exclusion_rate,2024,by_ethnicity,White,,41.0,19352.0,0.21186,,0.21186,100,,"DfE, Suspensions and permanent exclusions in England",academic year 2023/24,released
E06000055,permanent_exclusion_rate,2025,by_ethnicity,Asian,,3.0,5236.0,0.0573,,0.0573,100,,"DfE, Suspensions and permanent exclusions in England",academic year 2024/25,released
E06000055,permanent_exclusion_rate,2025,by_ethnicity,Black,,3.0,2804.0,0.10699,,0.10699,100,,"DfE, Suspensions and permanent exclusions in England",academic year 2024/25,released
E06000055,permanent_exclusion_rate,2025,by_ethnicity,Mixed,,8.0,3705.0,0.21592,,0.21592,100,,"DfE, Suspensions and permanent exclusions in England",academic year 2024/25,released
E06000055,permanent_exclusion_rate,2025,overall,,,50.0,31609.0,0.15818,,0.15818,100,,"DfE, Suspensions and permanent exclusions in England",academic year 2024/25,released
E06000055,permanent_exclusion_rate,2025,by_ethnicity,Other,,1.0,455.0,0.21978,,0.21978,100,,"DfE, Suspensions and permanent exclusions in England",academic year 2024/25,released
E06000055,permanent_exclusion_rate,2025,by_ethnicity,White,,32.0,18957.0,0.1688,,0.1688,100,,"DfE, Suspensions and permanent exclusions in England",academic year 2024/25,released
E06000056,permanent_exclusion_rate,2024,by_ethnicity,Asian,,1.0,2042.0,0.04897,,0.04897,100,,"DfE, Suspensions and permanent exclusions in England",academic year 2023/24,released
E06000056,permanent_exclusion_rate,2024,by_ethnicity,Black,,4.0,1610.0,0.24845,,0.24845,100,,"DfE, Suspensions and permanent exclusions in England",academic year 2023/24,released
E06000056,permanent_exclusion_rate,2024,by_ethnicity,Mixed,,13.0,3891.0,0.3341,,0.3341,100,,"DfE, Suspensions and permanent exclusions in England",academic year 2023/24,released
E06000056,permanent_exclusion_rate,2024,overall,,,77.0,48616.0,0.15838,,0.15838,100,,"DfE, Suspensions and permanent exclusions in England",academic year 2023/24,released
E06000056,permanent_exclusion_rate,2024,by_ethnicity,Other,,1.0,432.0,0.23148,,0.23148,100,,"DfE, Suspensions and permanent exclusions in England",academic year 2023/24,released
E06000056,permanent_exclusion_rate,2024,by_ethnicity,White,,57.0,39880.0,0.14293,,0.14293,100,,"DfE, Suspensions and permanent exclusions in England",academic year 2023/24,released
E06000056,permanent_exclusion_rate,2025,by_ethnicity,Asian,,2.0,2292.0,0.08726,,0.08726,100,,"DfE, Suspensions and permanent exclusions in England",academic year 2024/25,released
E06000056,permanent_exclusion_rate,2025,by_ethnicity,Black,,2.0,1847.0,0.10828,,0.10828,100,,"DfE, Suspensions and permanent exclusions in England",academic year 2024/25,released
E06000056,permanent_exclusion_rate,2025,by_ethnicity,Mixed,,9.0,4125.0,0.21818,,0.21818,100,,"DfE, Suspensions and permanent exclusions in England",academic year 2024/25,released
E06000056,permanent_exclusion_rate,2025,overall,,,74.0,49162.0,0.15052,,0.15052,100,,"DfE, Suspensions and permanent exclusions in England",academic year 2024/25,released
E06000056,permanent_exclusion_rate,2025,by_ethnicity,Other,,3.0,439.0,0.68337,,0.68337,100,,"DfE, Suspensions and permanent exclusions in England",academic year 2024/25,released
E06000056,permanent_exclusion_rate,2025,by_ethnicity,White,,55.0,39790.0,0.13823,,0.13823,100,,"DfE, Suspensions and permanent exclusions in England",academic year 2024/25,released
E06000057,permanent_exclusion_rate,2024,by_ethnicity,Asian,,0.0,827.0,0.0,,0.0,100,,"DfE, Suspensions and permanent exclusions in England",academic year 2023/24,released
E06000057,permanent_exclusion_rate,2024,by_ethnicity,Black,,1.0,269.0,0.37175,,0.37175,100,,"DfE, Suspensions and permanent exclusions in England",academic year 2023/24,released
E06000057,permanent_exclusion_rate,2024,by_ethnicity,Mixed,,1.0,982.0,0.10183,,0.10183,100,,"DfE, Suspensions and permanent exclusions in England",academic year 2023/24,released
E06000057,permanent_exclusion_rate,2024,overall,,,117.0,45034.0,0.2598,,0.2598,100,,"DfE, Suspensions and permanent exclusions in England",academic year 2023/24,released
E06000057,permanent_exclusion_rate,2024,by_ethnicity,Other,,0.0,238.0,0.0,,0.0,100,,"DfE, Suspensions and permanent exclusions in England",academic year 2023/24,released
E06000057,permanent_exclusion_rate,2024,by_ethnicity,White,,114.0,42396.0,0.26889,,0.26889,100,,"DfE, Suspensions and permanent exclusions in England",academic year 2023/24,released
E06000057,permanent_exclusion_rate,2025,by_ethnicity,Asian,,0.0,907.0,0.0,,0.0,100,,"DfE, Suspensions and permanent exclusions in England",academic year 2024/25,released
E06000057,permanent_exclusion_rate,2025,by_ethnicity,Black,,0.0,424.0,0.0,,0.0,100,,"DfE, Suspensions and permanent exclusions in England",academic year 2024/25,released
E06000057,permanent_exclusion_rate,2025,by_ethnicity,Mixed,,4.0,1047.0,0.38204,,0.38204,100,,"DfE, Suspensions and permanent exclusions in England",academic year 2024/25,released
E06000057,permanent_exclusion_rate,2025,overall,,,93.0,44738.0,0.20788,,0.20788,100,,"DfE, Suspensions and permanent exclusions in England",academic year 2024/25,released
E06000057,permanent_exclusion_rate,2025,by_ethnicity,Other,,0.0,279.0,0.0,,0.0,100,,"DfE, Suspensions and permanent exclusions in England",academic year 2024/25,released
E06000057,permanent_exclusion_rate,2025,by_ethnicity,White,,88.0,41691.0,0.21108,,0.21108,100,,"DfE, Suspensions and permanent exclusions in England",academic year 2024/25,released
E06000058,permanent_exclusion_rate,2024,by_ethnicity,Asian,,1.0,2753.0,0.03632,,0.03632,100,,"DfE, Suspensions and permanent exclusions in England",academic year 2023/24,released
E06000058,permanent_exclusion_rate,2024,by_ethnicity,Black,,0.0,1269.0,0.0,,0.0,100,,"DfE, Suspensions and permanent exclusions in England",academic year 2023/24,released
E06000058,permanent_exclusion_rate,2024,by_ethnicity,Mixed,,10.0,3571.0,0.28003,,0.28003,100,,"DfE, Suspensions and permanent exclusions in England",academic year 2023/24,released
E06000058,permanent_exclusion_rate,2024,overall,,,91.0,52944.0,0.17188,,0.17188,100,,"DfE, Suspensions and permanent exclusions in England",academic year 2023/24,released
E06000058,permanent_exclusion_rate,2024,by_ethnicity,Other,,0.0,834.0,0.0,,0.0,100,,"DfE, Suspensions and permanent exclusions in England",academic year 2023/24,released
E06000058,permanent_exclusion_rate,2024,by_ethnicity,White,,79.0,43637.0,0.18104,,0.18104,100,,"DfE, Suspensions and permanent exclusions in England",academic year 2023/24,released
E06000058,permanent_exclusion_rate,2025,by_ethnicity,Asian,,0.0,3009.0,0.0,,0.0,100,,"DfE, Suspensions and permanent exclusions in England",academic year 2024/25,released
E06000058,permanent_exclusion_rate,2025,by_ethnicity,Black,,1.0,1614.0,0.06196,,0.06196,100,,"DfE, Suspensions and permanent exclusions in England",academic year 2024/25,released
E06000058,permanent_exclusion_rate,2025,by_ethnicity,Mixed,,11.0,3663.0,0.3003,,0.3003,100,,"DfE, Suspensions and permanent exclusions in England",academic year 2024/25,released
E06000058,permanent_exclusion_rate,2025,overall,,,100.0,52658.0,0.1899,,0.1899,100,,"DfE, Suspensions and permanent exclusions in England",academic year 2024/25,released
E06000058,permanent_exclusion_rate,2025,by_ethnicity,Other,,0.0,922.0,0.0,,0.0,100,,"DfE, Suspensions and permanent exclusions in England",academic year 2024/25,released
E06000058,permanent_exclusion_rate,2025,by_ethnicity,White,,85.0,42615.0,0.19946,,0.19946,100,,"DfE, Suspensions and permanent exclusions in England",academic year 2024/25,released
E06000059,permanent_exclusion_rate,2024,by_ethnicity,Asian,,0.0,850.0,0.0,,0.0,100,,"DfE, Suspensions and permanent exclusions in England",academic year 2023/24,released
E06000059,permanent_exclusion_rate,2024,by_ethnicity,Black,,0.0,258.0,0.0,,0.0,100,,"DfE, Suspensions and permanent exclusions in England",academic year 2023/24,released
E06000059,permanent_exclusion_rate,2024,by_ethnicity,Mixed,,1.0,1450.0,0.06897,,0.06897,100,,"DfE, Suspensions and permanent exclusions in England",academic year 2023/24,released
E06000059,permanent_exclusion_rate,2024,overall,,,61.0,47649.0,0.12802,,0.12802,100,,"DfE, Suspensions and permanent exclusions in England",academic year 2023/24,released
E06000059,permanent_exclusion_rate,2024,by_ethnicity,Other,,0.0,190.0,0.0,,0.0,100,,"DfE, Suspensions and permanent exclusions in England",academic year 2023/24,released
E06000059,permanent_exclusion_rate,2024,by_ethnicity,White,,59.0,44107.0,0.13377,,0.13377,100,,"DfE, Suspensions and permanent exclusions in England",academic year 2023/24,released
E06000059,permanent_exclusion_rate,2025,by_ethnicity,Asian,,0.0,1065.0,0.0,,0.0,100,,"DfE, Suspensions and permanent exclusions in England",academic year 2024/25,released
E06000059,permanent_exclusion_rate,2025,by_ethnicity,Black,,0.0,346.0,0.0,,0.0,100,,"DfE, Suspensions and permanent exclusions in England",academic year 2024/25,released
E06000059,permanent_exclusion_rate,2025,by_ethnicity,Mixed,,4.0,1447.0,0.27643,,0.27643,100,,"DfE, Suspensions and permanent exclusions in England",academic year 2024/25,released
E06000059,permanent_exclusion_rate,2025,overall,,,68.0,47188.0,0.1441,,0.1441,100,,"DfE, Suspensions and permanent exclusions in England",academic year 2024/25,released
E06000059,permanent_exclusion_rate,2025,by_ethnicity,Other,,0.0,225.0,0.0,,0.0,100,,"DfE, Suspensions and permanent exclusions in England",academic year 2024/25,released
E06000059,permanent_exclusion_rate,2025,by_ethnicity,White,,61.0,43450.0,0.14039,,0.14039,100,,"DfE, Suspensions and permanent exclusions in England",academic year 2024/25,released
E06000060,permanent_exclusion_rate,2024,by_ethnicity,Asian,,7.0,20343.0,0.03441,,0.03441,100,,"DfE, Suspensions and permanent exclusions in England",academic year 2023/24,released
E06000060,permanent_exclusion_rate,2024,by_ethnicity,Black,,1.0,3199.0,0.03126,,0.03126,100,,"DfE, Suspensions and permanent exclusions in England",academic year 2023/24,released
E06000060,permanent_exclusion_rate,2024,by_ethnicity,Mixed,,6.0,7680.0,0.07813,,0.07813,100,,"DfE, Suspensions and permanent exclusions in England",academic year 2023/24,released
E06000060,permanent_exclusion_rate,2024,overall,,,48.0,89840.0,0.05343,,0.05343,100,,"DfE, Suspensions and permanent exclusions in England",academic year 2023/24,released
E06000060,permanent_exclusion_rate,2024,by_ethnicity,Other,,0.0,845.0,0.0,,0.0,100,,"DfE, Suspensions and permanent exclusions in England",academic year 2023/24,released
E06000060,permanent_exclusion_rate,2024,by_ethnicity,White,,34.0,56555.0,0.06012,,0.06012,100,,"DfE, Suspensions and permanent exclusions in England",academic year 2023/24,released
E06000060,permanent_exclusion_rate,2025,by_ethnicity,Asian,,4.0,21180.0,0.01889,,0.01889,100,,"DfE, Suspensions and permanent exclusions in England",academic year 2024/25,released
E06000060,permanent_exclusion_rate,2025,by_ethnicity,Black,,2.0,3515.0,0.0569,,0.0569,100,,"DfE, Suspensions and permanent exclusions in England",academic year 2024/25,released
E06000060,permanent_exclusion_rate,2025,by_ethnicity,Mixed,,8.0,7812.0,0.10241,,0.10241,100,,"DfE, Suspensions and permanent exclusions in England",academic year 2024/25,released
E06000060,permanent_exclusion_rate,2025,overall,,,39.0,89997.0,0.04333,,0.04333,100,,"DfE, Suspensions and permanent exclusions in England",academic year 2024/25,released
E06000060,permanent_exclusion_rate,2025,by_ethnicity,Other,,1.0,882.0,0.11338,,0.11338,100,,"DfE, Suspensions and permanent exclusions in England",academic year 2024/25,released
E06000060,permanent_exclusion_rate,2025,by_ethnicity,White,,23.0,55372.0,0.04154,,0.04154,100,,"DfE, Suspensions and permanent exclusions in England",academic year 2024/25,released
E06000061,permanent_exclusion_rate,2024,by_ethnicity,Asian,,1.0,2695.0,0.03711,,0.03711,100,,"DfE, Suspensions and permanent exclusions in England",academic year 2023/24,released
E06000061,permanent_exclusion_rate,2024,by_ethnicity,Black,,2.0,3606.0,0.05546,,0.05546,100,,"DfE, Suspensions and permanent exclusions in England",academic year 2023/24,released
E06000061,permanent_exclusion_rate,2024,by_ethnicity,Mixed,,8.0,3334.0,0.23995,,0.23995,100,,"DfE, Suspensions and permanent exclusions in England",academic year 2023/24,released
E06000061,permanent_exclusion_rate,2024,overall,,,127.0,56217.0,0.22591,,0.22591,100,,"DfE, Suspensions and permanent exclusions in England",academic year 2023/24,released
E06000061,permanent_exclusion_rate,2024,by_ethnicity,Other,,2.0,478.0,0.41841,,0.41841,100,,"DfE, Suspensions and permanent exclusions in England",academic year 2023/24,released
E06000061,permanent_exclusion_rate,2024,by_ethnicity,White,,114.0,45441.0,0.25087,,0.25087,100,,"DfE, Suspensions and permanent exclusions in England",academic year 2023/24,released
E06000061,permanent_exclusion_rate,2025,by_ethnicity,Asian,,2.0,2931.0,0.06824,,0.06824,100,,"DfE, Suspensions and permanent exclusions in England",academic year 2024/25,released
E06000061,permanent_exclusion_rate,2025,by_ethnicity,Black,,6.0,4251.0,0.14114,,0.14114,100,,"DfE, Suspensions and permanent exclusions in England",academic year 2024/25,released
E06000061,permanent_exclusion_rate,2025,by_ethnicity,Mixed,,10.0,3410.0,0.29326,,0.29326,100,,"DfE, Suspensions and permanent exclusions in England",academic year 2024/25,released
E06000061,permanent_exclusion_rate,2025,overall,,,111.0,56053.0,0.19803,,0.19803,100,,"DfE, Suspensions and permanent exclusions in England",academic year 2024/25,released
E06000061,permanent_exclusion_rate,2025,by_ethnicity,Other,,1.0,462.0,0.21645,,0.21645,100,,"DfE, Suspensions and permanent exclusions in England",academic year 2024/25,released
E06000061,permanent_exclusion_rate,2025,by_ethnicity,White,,88.0,44278.0,0.19874,,0.19874,100,,"DfE, Suspensions and permanent exclusions in England",academic year 2024/25,released
E06000062,permanent_exclusion_rate,2024,by_ethnicity,Asian,,0.0,5172.0,0.0,,0.0,100,,"DfE, Suspensions and permanent exclusions in England",academic year 2023/24,released
E06000062,permanent_exclusion_rate,2024,by_ethnicity,Black,,4.0,5328.0,0.07508,,0.07508,100,,"DfE, Suspensions and permanent exclusions in England",academic year 2023/24,released
E06000062,permanent_exclusion_rate,2024,by_ethnicity,Mixed,,7.0,4896.0,0.14297,,0.14297,100,,"DfE, Suspensions and permanent exclusions in England",academic year 2023/24,released
E06000062,permanent_exclusion_rate,2024,overall,,,55.0,67710.0,0.08123,,0.08123,100,,"DfE, Suspensions and permanent exclusions in England",academic year 2023/24,released
E06000062,permanent_exclusion_rate,2024,by_ethnicity,Other,,2.0,613.0,0.32626,,0.32626,100,,"DfE, Suspensions and permanent exclusions in England",academic year 2023/24,released
E06000062,permanent_exclusion_rate,2024,by_ethnicity,White,,41.0,50640.0,0.08096,,0.08096,100,,"DfE, Suspensions and permanent exclusions in England",academic year 2023/24,released
E06000062,permanent_exclusion_rate,2025,by_ethnicity,Asian,,0.0,5452.0,0.0,,0.0,100,,"DfE, Suspensions and permanent exclusions in England",academic year 2024/25,released
E06000062,permanent_exclusion_rate,2025,by_ethnicity,Black,,5.0,5761.0,0.08679,,0.08679,100,,"DfE, Suspensions and permanent exclusions in England",academic year 2024/25,released
E06000062,permanent_exclusion_rate,2025,by_ethnicity,Mixed,,7.0,4918.0,0.14233,,0.14233,100,,"DfE, Suspensions and permanent exclusions in England",academic year 2024/25,released
E06000062,permanent_exclusion_rate,2025,overall,,,65.0,67597.0,0.09616,,0.09616,100,,"DfE, Suspensions and permanent exclusions in England",academic year 2024/25,released
E06000062,permanent_exclusion_rate,2025,by_ethnicity,Other,,1.0,663.0,0.15083,,0.15083,100,,"DfE, Suspensions and permanent exclusions in England",academic year 2024/25,released
E06000062,permanent_exclusion_rate,2025,by_ethnicity,White,,51.0,49750.0,0.10251,,0.10251,100,,"DfE, Suspensions and permanent exclusions in England",academic year 2024/25,released
E06000063,permanent_exclusion_rate,2024,by_ethnicity,Asian,,0.0,581.0,0.0,,0.0,100,,"DfE, Suspensions and permanent exclusions in England",academic year 2023/24,released
E06000063,permanent_exclusion_rate,2024,by_ethnicity,Black,,0.0,526.0,0.0,,0.0,100,,"DfE, Suspensions and permanent exclusions in England",academic year 2023/24,released
E06000063,permanent_exclusion_rate,2024,by_ethnicity,Mixed,,2.0,757.0,0.2642,,0.2642,100,,"DfE, Suspensions and permanent exclusions in England",academic year 2023/24,released
E06000063,permanent_exclusion_rate,2024,overall,,,71.0,39632.0,0.17915,,0.17915,100,,"DfE, Suspensions and permanent exclusions in England",academic year 2023/24,released
E06000063,permanent_exclusion_rate,2024,by_ethnicity,Other,,0.0,180.0,0.0,,0.0,100,,"DfE, Suspensions and permanent exclusions in England",academic year 2023/24,released
E06000063,permanent_exclusion_rate,2024,by_ethnicity,White,,67.0,36708.0,0.18252,,0.18252,100,,"DfE, Suspensions and permanent exclusions in England",academic year 2023/24,released
E06000063,permanent_exclusion_rate,2025,by_ethnicity,Asian,,0.0,669.0,0.0,,0.0,100,,"DfE, Suspensions and permanent exclusions in England",academic year 2024/25,released
E06000063,permanent_exclusion_rate,2025,by_ethnicity,Black,,0.0,710.0,0.0,,0.0,100,,"DfE, Suspensions and permanent exclusions in England",academic year 2024/25,released
E06000063,permanent_exclusion_rate,2025,by_ethnicity,Mixed,,0.0,813.0,0.0,,0.0,100,,"DfE, Suspensions and permanent exclusions in England",academic year 2024/25,released
E06000063,permanent_exclusion_rate,2025,overall,,,38.0,39294.0,0.09671,,0.09671,100,,"DfE, Suspensions and permanent exclusions in England",academic year 2024/25,released
E06000063,permanent_exclusion_rate,2025,by_ethnicity,Other,,0.0,227.0,0.0,,0.0,100,,"DfE, Suspensions and permanent exclusions in England",academic year 2024/25,released
E06000063,permanent_exclusion_rate,2025,by_ethnicity,White,,38.0,36124.0,0.10519,,0.10519,100,,"DfE, Suspensions and permanent exclusions in England",academic year 2024/25,released
E06000064,permanent_exclusion_rate,2024,by_ethnicity,Asian,,0.0,400.0,0.0,,0.0,100,,"DfE, Suspensions and permanent exclusions in England",academic year 2023/24,released
E06000064,permanent_exclusion_rate,2024,by_ethnicity,Black,,0.0,166.0,0.0,,0.0,100,,"DfE, Suspensions and permanent exclusions in England",academic year 2023/24,released
E06000064,permanent_exclusion_rate,2024,by_ethnicity,Mixed,,0.0,736.0,0.0,,0.0,100,,"DfE, Suspensions and permanent exclusions in England",academic year 2023/24,released
E06000064,permanent_exclusion_rate,2024,overall,,,17.0,30695.0,0.05538,,0.05538,100,,"DfE, Suspensions and permanent exclusions in England",academic year 2023/24,released
E06000064,permanent_exclusion_rate,2024,by_ethnicity,Other,,0.0,167.0,0.0,,0.0,100,,"DfE, Suspensions and permanent exclusions in England",academic year 2023/24,released
E06000064,permanent_exclusion_rate,2024,by_ethnicity,White,,17.0,28255.0,0.06017,,0.06017,100,,"DfE, Suspensions and permanent exclusions in England",academic year 2023/24,released
E06000064,permanent_exclusion_rate,2025,by_ethnicity,Asian,,0.0,457.0,0.0,,0.0,100,,"DfE, Suspensions and permanent exclusions in England",academic year 2024/25,released
E06000064,permanent_exclusion_rate,2025,by_ethnicity,Black,,1.0,257.0,0.38911,,0.38911,100,,"DfE, Suspensions and permanent exclusions in England",academic year 2024/25,released
E06000064,permanent_exclusion_rate,2025,by_ethnicity,Mixed,,1.0,737.0,0.13569,,0.13569,100,,"DfE, Suspensions and permanent exclusions in England",academic year 2024/25,released
E06000064,permanent_exclusion_rate,2025,overall,,,33.0,30366.0,0.10867,,0.10867,100,,"DfE, Suspensions and permanent exclusions in England",academic year 2024/25,released
E06000064,permanent_exclusion_rate,2025,by_ethnicity,Other,,0.0,216.0,0.0,,0.0,100,,"DfE, Suspensions and permanent exclusions in England",academic year 2024/25,released
E06000064,permanent_exclusion_rate,2025,by_ethnicity,White,,31.0,28061.0,0.11047,,0.11047,100,,"DfE, Suspensions and permanent exclusions in England",academic year 2024/25,released
E06000065,permanent_exclusion_rate,2024,by_ethnicity,Asian,,2.0,2184.0,0.09158,,0.09158,100,,"DfE, Suspensions and permanent exclusions in England",academic year 2023/24,released
E06000065,permanent_exclusion_rate,2024,by_ethnicity,Black,,1.0,836.0,0.11962,,0.11962,100,,"DfE, Suspensions and permanent exclusions in England",academic year 2023/24,released
E06000065,permanent_exclusion_rate,2024,by_ethnicity,Mixed,,0.0,2497.0,0.0,,0.0,100,,"DfE, Suspensions and permanent exclusions in England",academic year 2023/24,released
E06000065,permanent_exclusion_rate,2024,overall,,,96.0,82124.0,0.1169,,0.1169,100,,"DfE, Suspensions and permanent exclusions in England",academic year 2023/24,released
E06000065,permanent_exclusion_rate,2024,by_ethnicity,Other,,1.0,536.0,0.18657,,0.18657,100,,"DfE, Suspensions and permanent exclusions in England",academic year 2023/24,released
E06000065,permanent_exclusion_rate,2024,by_ethnicity,White,,91.0,74646.0,0.12191,,0.12191,100,,"DfE, Suspensions and permanent exclusions in England",academic year 2023/24,released
E06000065,permanent_exclusion_rate,2025,by_ethnicity,Asian,,1.0,2391.0,0.04182,,0.04182,100,,"DfE, Suspensions and permanent exclusions in England",academic year 2024/25,released
E06000065,permanent_exclusion_rate,2025,by_ethnicity,Black,,0.0,1084.0,0.0,,0.0,100,,"DfE, Suspensions and permanent exclusions in England",academic year 2024/25,released
E06000065,permanent_exclusion_rate,2025,by_ethnicity,Mixed,,3.0,2574.0,0.11655,,0.11655,100,,"DfE, Suspensions and permanent exclusions in England",academic year 2024/25,released
E06000065,permanent_exclusion_rate,2025,overall,,,79.0,81068.0,0.09745,,0.09745,100,,"DfE, Suspensions and permanent exclusions in England",academic year 2024/25,released
E06000065,permanent_exclusion_rate,2025,by_ethnicity,Other,,1.0,591.0,0.1692,,0.1692,100,,"DfE, Suspensions and permanent exclusions in England",academic year 2024/25,released
E06000065,permanent_exclusion_rate,2025,by_ethnicity,White,,72.0,72923.0,0.09873,,0.09873,100,,"DfE, Suspensions and permanent exclusions in England",academic year 2024/25,released
E06000066,permanent_exclusion_rate,2024,by_ethnicity,Asian,,0.0,1942.0,0.0,,0.0,100,,"DfE, Suspensions and permanent exclusions in England",academic year 2023/24,released
E06000066,permanent_exclusion_rate,2024,by_ethnicity,Black,,1.0,1003.0,0.0997,,0.0997,100,,"DfE, Suspensions and permanent exclusions in England",academic year 2023/24,released
E06000066,permanent_exclusion_rate,2024,by_ethnicity,Mixed,,4.0,2164.0,0.18484,,0.18484,100,,"DfE, Suspensions and permanent exclusions in England",academic year 2023/24,released
E06000066,permanent_exclusion_rate,2024,overall,,,130.0,72513.0,0.17928,,0.17928,100,,"DfE, Suspensions and permanent exclusions in England",academic year 2023/24,released
E06000066,permanent_exclusion_rate,2024,by_ethnicity,Other,,1.0,363.0,0.27548,,0.27548,100,,"DfE, Suspensions and permanent exclusions in England",academic year 2023/24,released
E06000066,permanent_exclusion_rate,2024,by_ethnicity,White,,123.0,65701.0,0.18721,,0.18721,100,,"DfE, Suspensions and permanent exclusions in England",academic year 2023/24,released
E06000066,permanent_exclusion_rate,2025,by_ethnicity,Asian,,2.0,2211.0,0.09046,,0.09046,100,,"DfE, Suspensions and permanent exclusions in England",academic year 2024/25,released
E06000066,permanent_exclusion_rate,2025,by_ethnicity,Black,,1.0,1442.0,0.06935,,0.06935,100,,"DfE, Suspensions and permanent exclusions in England",academic year 2024/25,released
E06000066,permanent_exclusion_rate,2025,by_ethnicity,Mixed,,5.0,2170.0,0.23041,,0.23041,100,,"DfE, Suspensions and permanent exclusions in England",academic year 2024/25,released
E06000066,permanent_exclusion_rate,2025,overall,,,107.0,71797.0,0.14903,,0.14903,100,,"DfE, Suspensions and permanent exclusions in England",academic year 2024/25,released
E06000066,permanent_exclusion_rate,2025,by_ethnicity,Other,,0.0,401.0,0.0,,0.0,100,,"DfE, Suspensions and permanent exclusions in England",academic year 2024/25,released
E06000066,permanent_exclusion_rate,2025,by_ethnicity,White,,95.0,63391.0,0.14986,,0.14986,100,,"DfE, Suspensions and permanent exclusions in England",academic year 2024/25,released
E08000001,permanent_exclusion_rate,2024,by_ethnicity,Asian,,9.0,15163.0,0.05936,,0.05936,100,,"DfE, Suspensions and permanent exclusions in England",academic year 2023/24,released
E08000001,permanent_exclusion_rate,2024,by_ethnicity,Black,,7.0,4236.0,0.16525,,0.16525,100,,"DfE, Suspensions and permanent exclusions in England",academic year 2023/24,released
E08000001,permanent_exclusion_rate,2024,by_ethnicity,Mixed,,7.0,2782.0,0.25162,,0.25162,100,,"DfE, Suspensions and permanent exclusions in England",academic year 2023/24,released
E08000001,permanent_exclusion_rate,2024,overall,,,95.0,53860.0,0.17638,,0.17638,100,,"DfE, Suspensions and permanent exclusions in England",academic year 2023/24,released
E08000001,permanent_exclusion_rate,2024,by_ethnicity,Other,,1.0,1355.0,0.0738,,0.0738,100,,"DfE, Suspensions and permanent exclusions in England",academic year 2023/24,released
E08000001,permanent_exclusion_rate,2024,by_ethnicity,White,,70.0,29916.0,0.23399,,0.23399,100,,"DfE, Suspensions and permanent exclusions in England",academic year 2023/24,released
E08000001,permanent_exclusion_rate,2025,by_ethnicity,Asian,,3.0,15480.0,0.01938,,0.01938,100,,"DfE, Suspensions and permanent exclusions in England",academic year 2024/25,released
E08000001,permanent_exclusion_rate,2025,by_ethnicity,Black,,7.0,4602.0,0.15211,,0.15211,100,,"DfE, Suspensions and permanent exclusions in England",academic year 2024/25,released
E08000001,permanent_exclusion_rate,2025,by_ethnicity,Mixed,,3.0,2821.0,0.10635,,0.10635,100,,"DfE, Suspensions and permanent exclusions in England",academic year 2024/25,released
E08000001,permanent_exclusion_rate,2025,overall,,,91.0,54021.0,0.16845,,0.16845,100,,"DfE, Suspensions and permanent exclusions in England",academic year 2024/25,released
E08000001,permanent_exclusion_rate,2025,by_ethnicity,Other,,2.0,1439.0,0.13899,,0.13899,100,,"DfE, Suspensions and permanent exclusions in England",academic year 2024/25,released
E08000001,permanent_exclusion_rate,2025,by_ethnicity,White,,76.0,29123.0,0.26096,,0.26096,100,,"DfE, Suspensions and permanent exclusions in England",academic year 2024/25,released
E08000002,permanent_exclusion_rate,2024,by_ethnicity,Asian,,7.0,5077.0,0.13788,,0.13788,100,,"DfE, Suspensions and permanent exclusions in England",academic year 2023/24,released
E08000002,permanent_exclusion_rate,2024,by_ethnicity,Black,,1.0,1138.0,0.08787,,0.08787,100,,"DfE, Suspensions and permanent exclusions in England",academic year 2023/24,released
E08000002,permanent_exclusion_rate,2024,by_ethnicity,Mixed,,3.0,1765.0,0.16997,,0.16997,100,,"DfE, Suspensions and permanent exclusions in England",academic year 2023/24,released
E08000002,permanent_exclusion_rate,2024,overall,,,56.0,29080.0,0.19257,,0.19257,100,,"DfE, Suspensions and permanent exclusions in England",academic year 2023/24,released
E08000002,permanent_exclusion_rate,2024,by_ethnicity,Other,,0.0,523.0,0.0,,0.0,100,,"DfE, Suspensions and permanent exclusions in England",academic year 2023/24,released
E08000002,permanent_exclusion_rate,2024,by_ethnicity,White,,45.0,20305.0,0.22162,,0.22162,100,,"DfE, Suspensions and permanent exclusions in England",academic year 2023/24,released
E08000002,permanent_exclusion_rate,2025,by_ethnicity,Asian,,5.0,5215.0,0.09588,,0.09588,100,,"DfE, Suspensions and permanent exclusions in England",academic year 2024/25,released
E08000002,permanent_exclusion_rate,2025,by_ethnicity,Black,,0.0,1297.0,0.0,,0.0,100,,"DfE, Suspensions and permanent exclusions in England",academic year 2024/25,released
E08000002,permanent_exclusion_rate,2025,by_ethnicity,Mixed,,2.0,1788.0,0.11186,,0.11186,100,,"DfE, Suspensions and permanent exclusions in England",academic year 2024/25,released
E08000002,permanent_exclusion_rate,2025,overall,,,48.0,28954.0,0.16578,,0.16578,100,,"DfE, Suspensions and permanent exclusions in England",academic year 2024/25,released
E08000002,permanent_exclusion_rate,2025,by_ethnicity,Other,,1.0,609.0,0.1642,,0.1642,100,,"DfE, Suspensions and permanent exclusions in England",academic year 2024/25,released
E08000002,permanent_exclusion_rate,2025,by_ethnicity,White,,39.0,19743.0,0.19754,,0.19754,100,,"DfE, Suspensions and permanent exclusions in England",academic year 2024/25,released
E08000003,permanent_exclusion_rate,2024,by_ethnicity,Asian,,20.0,25101.0,0.07968,,0.07968,100,,"DfE, Suspensions and permanent exclusions in England",academic year 2023/24,released
E08000003,permanent_exclusion_rate,2024,by_ethnicity,Black,,22.0,16618.0,0.13239,,0.13239,100,,"DfE, Suspensions and permanent exclusions in England",academic year 2023/24,released
E08000003,permanent_exclusion_rate,2024,by_ethnicity,Mixed,,24.0,9054.0,0.26508,,0.26508,100,,"DfE, Suspensions and permanent exclusions in England",academic year 2023/24,released
E08000003,permanent_exclusion_rate,2024,overall,,,149.0,93668.0,0.15907,,0.15907,100,,"DfE, Suspensions and permanent exclusions in England",academic year 2023/24,released
E08000003,permanent_exclusion_rate,2024,by_ethnicity,Other,,10.0,7849.0,0.1274,,0.1274,100,,"DfE, Suspensions and permanent exclusions in England",academic year 2023/24,released
E08000003,permanent_exclusion_rate,2024,by_ethnicity,White,,68.0,33234.0,0.20461,,0.20461,100,,"DfE, Suspensions and permanent exclusions in England",academic year 2023/24,released
E08000003,permanent_exclusion_rate,2025,by_ethnicity,Asian,,8.0,25596.0,0.03125,,0.03125,100,,"DfE, Suspensions and permanent exclusions in England",academic year 2024/25,released
E08000003,permanent_exclusion_rate,2025,by_ethnicity,Black,,16.0,16649.0,0.0961,,0.0961,100,,"DfE, Suspensions and permanent exclusions in England",academic year 2024/25,released
E08000003,permanent_exclusion_rate,2025,by_ethnicity,Mixed,,20.0,9090.0,0.22002,,0.22002,100,,"DfE, Suspensions and permanent exclusions in England",academic year 2024/25,released
E08000003,permanent_exclusion_rate,2025,overall,,,109.0,93384.0,0.11672,,0.11672,100,,"DfE, Suspensions and permanent exclusions in England",academic year 2024/25,released
E08000003,permanent_exclusion_rate,2025,by_ethnicity,Other,,11.0,8066.0,0.13637,,0.13637,100,,"DfE, Suspensions and permanent exclusions in England",academic year 2024/25,released
E08000003,permanent_exclusion_rate,2025,by_ethnicity,White,,53.0,32071.0,0.16526,,0.16526,100,,"DfE, Suspensions and permanent exclusions in England",academic year 2024/25,released
E08000004,permanent_exclusion_rate,2024,by_ethnicity,Asian,,6.0,15482.0,0.03875,,0.03875,100,,"DfE, Suspensions and permanent exclusions in England",academic year 2023/24,released
E08000004,permanent_exclusion_rate,2024,by_ethnicity,Black,,3.0,2842.0,0.10556,,0.10556,100,,"DfE, Suspensions and permanent exclusions in England",academic year 2023/24,released
E08000004,permanent_exclusion_rate,2024,by_ethnicity,Mixed,,4.0,2684.0,0.14903,,0.14903,100,,"DfE, Suspensions and permanent exclusions in England",academic year 2023/24,released
E08000004,permanent_exclusion_rate,2024,overall,,,57.0,46062.0,0.12375,,0.12375,100,,"DfE, Suspensions and permanent exclusions in England",academic year 2023/24,released
E08000004,permanent_exclusion_rate,2024,by_ethnicity,Other,,0.0,687.0,0.0,,0.0,100,,"DfE, Suspensions and permanent exclusions in England",academic year 2023/24,released
E08000004,permanent_exclusion_rate,2024,by_ethnicity,White,,40.0,23886.0,0.16746,,0.16746,100,,"DfE, Suspensions and permanent exclusions in England",academic year 2023/24,released
E08000004,permanent_exclusion_rate,2025,by_ethnicity,Asian,,9.0,15738.0,0.05719,,0.05719,100,,"DfE, Suspensions and permanent exclusions in England",academic year 2024/25,released
E08000004,permanent_exclusion_rate,2025,by_ethnicity,Black,,1.0,3017.0,0.03315,,0.03315,100,,"DfE, Suspensions and permanent exclusions in England",academic year 2024/25,released
E08000004,permanent_exclusion_rate,2025,by_ethnicity,Mixed,,3.0,2776.0,0.10807,,0.10807,100,,"DfE, Suspensions and permanent exclusions in England",academic year 2024/25,released
E08000004,permanent_exclusion_rate,2025,overall,,,46.0,46085.0,0.09982,,0.09982,100,,"DfE, Suspensions and permanent exclusions in England",academic year 2024/25,released
E08000004,permanent_exclusion_rate,2025,by_ethnicity,Other,,0.0,762.0,0.0,,0.0,100,,"DfE, Suspensions and permanent exclusions in England",academic year 2024/25,released
E08000004,permanent_exclusion_rate,2025,by_ethnicity,White,,33.0,23371.0,0.1412,,0.1412,100,,"DfE, Suspensions and permanent exclusions in England",academic year 2024/25,released
E08000005,permanent_exclusion_rate,2024,by_ethnicity,Asian,,8.0,9957.0,0.08035,,0.08035,100,,"DfE, Suspensions and permanent exclusions in England",academic year 2023/24,released
E08000005,permanent_exclusion_rate,2024,by_ethnicity,Black,,9.0,2671.0,0.33695,,0.33695,100,,"DfE, Suspensions and permanent exclusions in England",academic year 2023/24,released
E08000005,permanent_exclusion_rate,2024,by_ethnicity,Mixed,,8.0,2322.0,0.34453,,0.34453,100,,"DfE, Suspensions and permanent exclusions in England",academic year 2023/24,released
E08000005,permanent_exclusion_rate,2024,overall,,,96.0,38047.0,0.25232,,0.25232,100,,"DfE, Suspensions and permanent exclusions in England",academic year 2023/24,released
E08000005,permanent_exclusion_rate,2024,by_ethnicity,Other,,3.0,590.0,0.50847,,0.50847,100,,"DfE, Suspensions and permanent exclusions in England",academic year 2023/24,released
E08000005,permanent_exclusion_rate,2024,by_ethnicity,White,,66.0,22113.0,0.29847,,0.29847,100,,"DfE, Suspensions and permanent exclusions in England",academic year 2023/24,released
E08000005,permanent_exclusion_rate,2025,by_ethnicity,Asian,,5.0,10079.0,0.04961,,0.04961,100,,"DfE, Suspensions and permanent exclusions in England",academic year 2024/25,released
E08000005,permanent_exclusion_rate,2025,by_ethnicity,Black,,2.0,2906.0,0.06882,,0.06882,100,,"DfE, Suspensions and permanent exclusions in England",academic year 2024/25,released
E08000005,permanent_exclusion_rate,2025,by_ethnicity,Mixed,,1.0,2332.0,0.04288,,0.04288,100,,"DfE, Suspensions and permanent exclusions in England",academic year 2024/25,released
E08000005,permanent_exclusion_rate,2025,overall,,,99.0,37931.0,0.261,,0.261,100,,"DfE, Suspensions and permanent exclusions in England",academic year 2024/25,released
E08000005,permanent_exclusion_rate,2025,by_ethnicity,Other,,0.0,703.0,0.0,,0.0,100,,"DfE, Suspensions and permanent exclusions in England",academic year 2024/25,released
E08000005,permanent_exclusion_rate,2025,by_ethnicity,White,,86.0,21453.0,0.40088,,0.40088,100,,"DfE, Suspensions and permanent exclusions in England",academic year 2024/25,released
E08000006,permanent_exclusion_rate,2024,by_ethnicity,Asian,,1.0,1939.0,0.05157,,0.05157,100,,"DfE, Suspensions and permanent exclusions in England",academic year 2023/24,released
E08000006,permanent_exclusion_rate,2024,by_ethnicity,Black,,5.0,3545.0,0.14104,,0.14104,100,,"DfE, Suspensions and permanent exclusions in England",academic year 2023/24,released
E08000006,permanent_exclusion_rate,2024,by_ethnicity,Mixed,,5.0,3992.0,0.12525,,0.12525,100,,"DfE, Suspensions and permanent exclusions in England",academic year 2023/24,released
E08000006,permanent_exclusion_rate,2024,overall,,,111.0,38740.0,0.28653,,0.28653,100,,"DfE, Suspensions and permanent exclusions in England",academic year 2023/24,released
E08000006,permanent_exclusion_rate,2024,by_ethnicity,Other,,1.0,1540.0,0.06494,,0.06494,100,,"DfE, Suspensions and permanent exclusions in England",academic year 2023/24,released
E08000006,permanent_exclusion_rate,2024,by_ethnicity,White,,94.0,27083.0,0.34708,,0.34708,100,,"DfE, Suspensions and permanent exclusions in England",academic year 2023/24,released
E08000006,permanent_exclusion_rate,2025,by_ethnicity,Asian,,0.0,2151.0,0.0,,0.0,100,,"DfE, Suspensions and permanent exclusions in England",academic year 2024/25,released
E08000006,permanent_exclusion_rate,2025,by_ethnicity,Black,,2.0,3771.0,0.05304,,0.05304,100,,"DfE, Suspensions and permanent exclusions in England",academic year 2024/25,released
E08000006,permanent_exclusion_rate,2025,by_ethnicity,Mixed,,4.0,4048.0,0.09881,,0.09881,100,,"DfE, Suspensions and permanent exclusions in England",academic year 2024/25,released
E08000006,permanent_exclusion_rate,2025,overall,,,90.0,38587.0,0.23324,,0.23324,100,,"DfE, Suspensions and permanent exclusions in England",academic year 2024/25,released
E08000006,permanent_exclusion_rate,2025,by_ethnicity,Other,,2.0,1650.0,0.12121,,0.12121,100,,"DfE, Suspensions and permanent exclusions in England",academic year 2024/25,released
E08000006,permanent_exclusion_rate,2025,by_ethnicity,White,,81.0,26340.0,0.30752,,0.30752,100,,"DfE, Suspensions and permanent exclusions in England",academic year 2024/25,released
E08000007,permanent_exclusion_rate,2024,by_ethnicity,Asian,,2.0,4684.0,0.0427,,0.0427,100,,"DfE, Suspensions and permanent exclusions in England",academic year 2023/24,released
E08000007,permanent_exclusion_rate,2024,by_ethnicity,Black,,2.0,858.0,0.2331,,0.2331,100,,"DfE, Suspensions and permanent exclusions in England",academic year 2023/24,released
E08000007,permanent_exclusion_rate,2024,by_ethnicity,Mixed,,8.0,2691.0,0.29729,,0.29729,100,,"DfE, Suspensions and permanent exclusions in England",academic year 2023/24,released
E08000007,permanent_exclusion_rate,2024,overall,,,66.0,43373.0,0.15217,,0.15217,100,,"DfE, Suspensions and permanent exclusions in England",academic year 2023/24,released
E08000007,permanent_exclusion_rate,2024,by_ethnicity,Other,,2.0,671.0,0.29806,,0.29806,100,,"DfE, Suspensions and permanent exclusions in England",academic year 2023/24,released
E08000007,permanent_exclusion_rate,2024,by_ethnicity,White,,46.0,33812.0,0.13605,,0.13605,100,,"DfE, Suspensions and permanent exclusions in England",academic year 2023/24,released
E08000007,permanent_exclusion_rate,2025,by_ethnicity,Asian,,2.0,4825.0,0.04145,,0.04145,100,,"DfE, Suspensions and permanent exclusions in England",academic year 2024/25,released
E08000007,permanent_exclusion_rate,2025,by_ethnicity,Black,,1.0,934.0,0.10707,,0.10707,100,,"DfE, Suspensions and permanent exclusions in England",academic year 2024/25,released
E08000007,permanent_exclusion_rate,2025,by_ethnicity,Mixed,,4.0,2752.0,0.14535,,0.14535,100,,"DfE, Suspensions and permanent exclusions in England",academic year 2024/25,released
E08000007,permanent_exclusion_rate,2025,overall,,,64.0,42983.0,0.1489,,0.1489,100,,"DfE, Suspensions and permanent exclusions in England",academic year 2024/25,released
E08000007,permanent_exclusion_rate,2025,by_ethnicity,Other,,1.0,684.0,0.1462,,0.1462,100,,"DfE, Suspensions and permanent exclusions in England",academic year 2024/25,released
E08000007,permanent_exclusion_rate,2025,by_ethnicity,White,,55.0,33072.0,0.1663,,0.1663,100,,"DfE, Suspensions and permanent exclusions in England",academic year 2024/25,released
E08000008,permanent_exclusion_rate,2024,by_ethnicity,Asian,,2.0,4889.0,0.04091,,0.04091,100,,"DfE, Suspensions and permanent exclusions in England",academic year 2023/24,released
E08000008,permanent_exclusion_rate,2024,by_ethnicity,Black,,2.0,1503.0,0.13307,,0.13307,100,,"DfE, Suspensions and permanent exclusions in England",academic year 2023/24,released
E08000008,permanent_exclusion_rate,2024,by_ethnicity,Mixed,,7.0,2451.0,0.2856,,0.2856,100,,"DfE, Suspensions and permanent exclusions in England",academic year 2023/24,released
E08000008,permanent_exclusion_rate,2024,overall,,,84.0,37526.0,0.22384,,0.22384,100,,"DfE, Suspensions and permanent exclusions in England",academic year 2023/24,released
E08000008,permanent_exclusion_rate,2024,by_ethnicity,Other,,1.0,482.0,0.20747,,0.20747,100,,"DfE, Suspensions and permanent exclusions in England",academic year 2023/24,released
E08000008,permanent_exclusion_rate,2024,by_ethnicity,White,,71.0,27791.0,0.25548,,0.25548,100,,"DfE, Suspensions and permanent exclusions in England",academic year 2023/24,released
E08000008,permanent_exclusion_rate,2025,by_ethnicity,Asian,,2.0,5136.0,0.03894,,0.03894,100,,"DfE, Suspensions and permanent exclusions in England",academic year 2024/25,released
E08000008,permanent_exclusion_rate,2025,by_ethnicity,Black,,3.0,1669.0,0.17975,,0.17975,100,,"DfE, Suspensions and permanent exclusions in England",academic year 2024/25,released
E08000008,permanent_exclusion_rate,2025,by_ethnicity,Mixed,,6.0,2438.0,0.2461,,0.2461,100,,"DfE, Suspensions and permanent exclusions in England",academic year 2024/25,released
E08000008,permanent_exclusion_rate,2025,overall,,,76.0,37248.0,0.20404,,0.20404,100,,"DfE, Suspensions and permanent exclusions in England",academic year 2024/25,released
E08000008,permanent_exclusion_rate,2025,by_ethnicity,Other,,0.0,527.0,0.0,,0.0,100,,"DfE, Suspensions and permanent exclusions in England",academic year 2024/25,released
E08000008,permanent_exclusion_rate,2025,by_ethnicity,White,,61.0,27030.0,0.22568,,0.22568,100,,"DfE, Suspensions and permanent exclusions in England",academic year 2024/25,released
E08000009,permanent_exclusion_rate,2024,by_ethnicity,Asian,,4.0,9793.0,0.04085,,0.04085,100,,"DfE, Suspensions and permanent exclusions in England",academic year 2023/24,released
E08000009,permanent_exclusion_rate,2024,by_ethnicity,Black,,3.0,2060.0,0.14563,,0.14563,100,,"DfE, Suspensions and permanent exclusions in England",academic year 2023/24,released
E08000009,permanent_exclusion_rate,2024,by_ethnicity,Mixed,,9.0,3894.0,0.23112,,0.23112,100,,"DfE, Suspensions and permanent exclusions in England",academic year 2023/24,released
E08000009,permanent_exclusion_rate,2024,overall,,,52.0,43821.0,0.11866,,0.11866,100,,"DfE, Suspensions and permanent exclusions in England",academic year 2023/24,released
E08000009,permanent_exclusion_rate,2024,by_ethnicity,Other,,0.0,1274.0,0.0,,0.0,100,,"DfE, Suspensions and permanent exclusions in England",academic year 2023/24,released
E08000009,permanent_exclusion_rate,2024,by_ethnicity,White,,33.0,26335.0,0.12531,,0.12531,100,,"DfE, Suspensions and permanent exclusions in England",academic year 2023/24,released
E08000009,permanent_exclusion_rate,2025,by_ethnicity,Asian,,2.0,10067.0,0.01987,,0.01987,100,,"DfE, Suspensions and permanent exclusions in England",academic year 2024/25,released
E08000009,permanent_exclusion_rate,2025,by_ethnicity,Black,,4.0,2130.0,0.18779,,0.18779,100,,"DfE, Suspensions and permanent exclusions in England",academic year 2024/25,released
E08000009,permanent_exclusion_rate,2025,by_ethnicity,Mixed,,11.0,3993.0,0.27548,,0.27548,100,,"DfE, Suspensions and permanent exclusions in England",academic year 2024/25,released
E08000009,permanent_exclusion_rate,2025,overall,,,50.0,43770.0,0.11423,,0.11423,100,,"DfE, Suspensions and permanent exclusions in England",academic year 2024/25,released
E08000009,permanent_exclusion_rate,2025,by_ethnicity,Other,,2.0,1317.0,0.15186,,0.15186,100,,"DfE, Suspensions and permanent exclusions in England",academic year 2024/25,released
E08000009,permanent_exclusion_rate,2025,by_ethnicity,White,,31.0,25812.0,0.1201,,0.1201,100,,"DfE, Suspensions and permanent exclusions in England",academic year 2024/25,released
E08000010,permanent_exclusion_rate,2024,by_ethnicity,Asian,,0.0,1705.0,0.0,,0.0,100,,"DfE, Suspensions and permanent exclusions in England",academic year 2023/24,released
E08000010,permanent_exclusion_rate,2024,by_ethnicity,Black,,3.0,1655.0,0.18127,,0.18127,100,,"DfE, Suspensions and permanent exclusions in England",academic year 2023/24,released
E08000010,permanent_exclusion_rate,2024,by_ethnicity,Mixed,,4.0,1544.0,0.25907,,0.25907,100,,"DfE, Suspensions and permanent exclusions in England",academic year 2023/24,released
E08000010,permanent_exclusion_rate,2024,overall,,,113.0,48402.0,0.23346,,0.23346,100,,"DfE, Suspensions and permanent exclusions in England",academic year 2023/24,released
E08000010,permanent_exclusion_rate,2024,by_ethnicity,Other,,1.0,651.0,0.15361,,0.15361,100,,"DfE, Suspensions and permanent exclusions in England",academic year 2023/24,released
E08000010,permanent_exclusion_rate,2024,by_ethnicity,White,,104.0,42574.0,0.24428,,0.24428,100,,"DfE, Suspensions and permanent exclusions in England",academic year 2023/24,released
E08000010,permanent_exclusion_rate,2025,by_ethnicity,Asian,,0.0,1944.0,0.0,,0.0,100,,"DfE, Suspensions and permanent exclusions in England",academic year 2024/25,released
E08000010,permanent_exclusion_rate,2025,by_ethnicity,Black,,4.0,2113.0,0.1893,,0.1893,100,,"DfE, Suspensions and permanent exclusions in England",academic year 2024/25,released
E08000010,permanent_exclusion_rate,2025,by_ethnicity,Mixed,,5.0,1645.0,0.30395,,0.30395,100,,"DfE, Suspensions and permanent exclusions in England",academic year 2024/25,released
E08000010,permanent_exclusion_rate,2025,overall,,,97.0,48230.0,0.20112,,0.20112,100,,"DfE, Suspensions and permanent exclusions in England",academic year 2024/25,released
E08000010,permanent_exclusion_rate,2025,by_ethnicity,Other,,1.0,735.0,0.13605,,0.13605,100,,"DfE, Suspensions and permanent exclusions in England",academic year 2024/25,released
E08000010,permanent_exclusion_rate,2025,by_ethnicity,White,,87.0,41545.0,0.20941,,0.20941,100,,"DfE, Suspensions and permanent exclusions in England",academic year 2024/25,released
E08000011,permanent_exclusion_rate,2024,by_ethnicity,Asian,,0.0,550.0,0.0,,0.0,100,,"DfE, Suspensions and permanent exclusions in England",academic year 2023/24,released
E08000011,permanent_exclusion_rate,2024,by_ethnicity,Black,,3.0,410.0,0.73171,,0.73171,100,,"DfE, Suspensions and permanent exclusions in England",academic year 2023/24,released
E08000011,permanent_exclusion_rate,2024,by_ethnicity,Mixed,,1.0,664.0,0.1506,,0.1506,100,,"DfE, Suspensions and permanent exclusions in England",academic year 2023/24,released
E08000011,permanent_exclusion_rate,2024,overall,,,42.0,21550.0,0.1949,,0.1949,100,,"DfE, Suspensions and permanent exclusions in England",academic year 2023/24,released
E08000011,permanent_exclusion_rate,2024,by_ethnicity,Other,,0.0,245.0,0.0,,0.0,100,,"DfE, Suspensions and permanent exclusions in England",academic year 2023/24,released
E08000011,permanent_exclusion_rate,2024,by_ethnicity,White,,37.0,19539.0,0.18936,,0.18936,100,,"DfE, Suspensions and permanent exclusions in England",academic year 2023/24,released
E08000011,permanent_exclusion_rate,2025,by_ethnicity,Asian,,0.0,646.0,0.0,,0.0,100,,"DfE, Suspensions and permanent exclusions in England",academic year 2024/25,released
E08000011,permanent_exclusion_rate,2025,by_ethnicity,Black,,0.0,501.0,0.0,,0.0,100,,"DfE, Suspensions and permanent exclusions in England",academic year 2024/25,released
E08000011,permanent_exclusion_rate,2025,by_ethnicity,Mixed,,1.0,711.0,0.14065,,0.14065,100,,"DfE, Suspensions and permanent exclusions in England",academic year 2024/25,released
E08000011,permanent_exclusion_rate,2025,overall,,,27.0,21616.0,0.12491,,0.12491,100,,"DfE, Suspensions and permanent exclusions in England",academic year 2024/25,released
E08000011,permanent_exclusion_rate,2025,by_ethnicity,Other,,0.0,274.0,0.0,,0.0,100,,"DfE, Suspensions and permanent exclusions in England",academic year 2024/25,released
E08000011,permanent_exclusion_rate,2025,by_ethnicity,White,,26.0,19357.0,0.13432,,0.13432,100,,"DfE, Suspensions and permanent exclusions in England",academic year 2024/25,released
E08000012,permanent_exclusion_rate,2024,by_ethnicity,Asian,,2.0,5561.0,0.03596,,0.03596,100,,"DfE, Suspensions and permanent exclusions in England",academic year 2023/24,released
E08000012,permanent_exclusion_rate,2024,by_ethnicity,Black,,13.0,5352.0,0.2429,,0.2429,100,,"DfE, Suspensions and permanent exclusions in England",academic year 2023/24,released
E08000012,permanent_exclusion_rate,2024,by_ethnicity,Mixed,,15.0,4681.0,0.32044,,0.32044,100,,"DfE, Suspensions and permanent exclusions in England",academic year 2023/24,released
E08000012,permanent_exclusion_rate,2024,overall,,,178.0,77874.0,0.22857,,0.22857,100,,"DfE, Suspensions and permanent exclusions in England",academic year 2023/24,released
E08000012,permanent_exclusion_rate,2024,by_ethnicity,Other,,6.0,4546.0,0.13198,,0.13198,100,,"DfE, Suspensions and permanent exclusions in England",academic year 2023/24,released
E08000012,permanent_exclusion_rate,2024,by_ethnicity,White,,140.0,56727.0,0.2468,,0.2468,100,,"DfE, Suspensions and permanent exclusions in England",academic year 2023/24,released
E08000012,permanent_exclusion_rate,2025,by_ethnicity,Asian,,5.0,5976.0,0.08367,,0.08367,100,,"DfE, Suspensions and permanent exclusions in England",academic year 2024/25,released
E08000012,permanent_exclusion_rate,2025,by_ethnicity,Black,,11.0,5898.0,0.1865,,0.1865,100,,"DfE, Suspensions and permanent exclusions in England",academic year 2024/25,released
E08000012,permanent_exclusion_rate,2025,by_ethnicity,Mixed,,17.0,4602.0,0.3694,,0.3694,100,,"DfE, Suspensions and permanent exclusions in England",academic year 2024/25,released
E08000012,permanent_exclusion_rate,2025,overall,,,200.0,77353.0,0.25855,,0.25855,100,,"DfE, Suspensions and permanent exclusions in England",academic year 2024/25,released
E08000012,permanent_exclusion_rate,2025,by_ethnicity,Other,,3.0,4886.0,0.0614,,0.0614,100,,"DfE, Suspensions and permanent exclusions in England",academic year 2024/25,released
E08000012,permanent_exclusion_rate,2025,by_ethnicity,White,,156.0,54653.0,0.28544,,0.28544,100,,"DfE, Suspensions and permanent exclusions in England",academic year 2024/25,released
E08000013,permanent_exclusion_rate,2024,by_ethnicity,Asian,,0.0,604.0,0.0,,0.0,100,,"DfE, Suspensions and permanent exclusions in England",academic year 2023/24,released
E08000013,permanent_exclusion_rate,2024,by_ethnicity,Black,,0.0,455.0,0.0,,0.0,100,,"DfE, Suspensions and permanent exclusions in England",academic year 2023/24,released
E08000013,permanent_exclusion_rate,2024,by_ethnicity,Mixed,,2.0,687.0,0.29112,,0.29112,100,,"DfE, Suspensions and permanent exclusions in England",academic year 2023/24,released
E08000013,permanent_exclusion_rate,2024,overall,,,64.0,27247.0,0.23489,,0.23489,100,,"DfE, Suspensions and permanent exclusions in England",academic year 2023/24,released
E08000013,permanent_exclusion_rate,2024,by_ethnicity,Other,,0.0,222.0,0.0,,0.0,100,,"DfE, Suspensions and permanent exclusions in England",academic year 2023/24,released
E08000013,permanent_exclusion_rate,2024,by_ethnicity,White,,62.0,25186.0,0.24617,,0.24617,100,,"DfE, Suspensions and permanent exclusions in England",academic year 2023/24,released
E08000013,permanent_exclusion_rate,2025,by_ethnicity,Asian,,1.0,659.0,0.15175,,0.15175,100,,"DfE, Suspensions and permanent exclusions in England",academic year 2024/25,released
E08000013,permanent_exclusion_rate,2025,by_ethnicity,Black,,0.0,587.0,0.0,,0.0,100,,"DfE, Suspensions and permanent exclusions in England",academic year 2024/25,released
E08000013,permanent_exclusion_rate,2025,by_ethnicity,Mixed,,1.0,726.0,0.13774,,0.13774,100,,"DfE, Suspensions and permanent exclusions in England",academic year 2024/25,released
E08000013,permanent_exclusion_rate,2025,overall,,,57.0,26835.0,0.21241,,0.21241,100,,"DfE, Suspensions and permanent exclusions in England",academic year 2024/25,released
E08000013,permanent_exclusion_rate,2025,by_ethnicity,Other,,0.0,260.0,0.0,,0.0,100,,"DfE, Suspensions and permanent exclusions in England",academic year 2024/25,released
E08000013,permanent_exclusion_rate,2025,by_ethnicity,White,,55.0,24517.0,0.22433,,0.22433,100,,"DfE, Suspensions and permanent exclusions in England",academic year 2024/25,released
E08000014,permanent_exclusion_rate,2024,by_ethnicity,Asian,,0.0,899.0,0.0,,0.0,100,,"DfE, Suspensions and permanent exclusions in England",academic year 2023/24,released
E08000014,permanent_exclusion_rate,2024,by_ethnicity,Black,,0.0,599.0,0.0,,0.0,100,,"DfE, Suspensions and permanent exclusions in England",academic year 2023/24,released
E08000014,permanent_exclusion_rate,2024,by_ethnicity,Mixed,,3.0,1308.0,0.22936,,0.22936,100,,"DfE, Suspensions and permanent exclusions in England",academic year 2023/24,released
E08000014,permanent_exclusion_rate,2024,overall,,,45.0,40351.0,0.11152,,0.11152,100,,"DfE, Suspensions and permanent exclusions in England",academic year 2023/24,released
E08000014,permanent_exclusion_rate,2024,by_ethnicity,Other,,0.0,500.0,0.0,,0.0,100,,"DfE, Suspensions and permanent exclusions in England",academic year 2023/24,released
E08000014,permanent_exclusion_rate,2024,by_ethnicity,White,,42.0,36736.0,0.11433,,0.11433,100,,"DfE, Suspensions and permanent exclusions in England",academic year 2023/24,released
E08000014,permanent_exclusion_rate,2025,by_ethnicity,Asian,,0.0,1007.0,0.0,,0.0,100,,"DfE, Suspensions and permanent exclusions in England",academic year 2024/25,released
E08000014,permanent_exclusion_rate,2025,by_ethnicity,Black,,0.0,736.0,0.0,,0.0,100,,"DfE, Suspensions and permanent exclusions in England",academic year 2024/25,released
E08000014,permanent_exclusion_rate,2025,by_ethnicity,Mixed,,0.0,1334.0,0.0,,0.0,100,,"DfE, Suspensions and permanent exclusions in England",academic year 2024/25,released
E08000014,permanent_exclusion_rate,2025,overall,,,31.0,40044.0,0.07741,,0.07741,100,,"DfE, Suspensions and permanent exclusions in England",academic year 2024/25,released
E08000014,permanent_exclusion_rate,2025,by_ethnicity,Other,,1.0,516.0,0.1938,,0.1938,100,,"DfE, Suspensions and permanent exclusions in England",academic year 2024/25,released
E08000014,permanent_exclusion_rate,2025,by_ethnicity,White,,30.0,36159.0,0.08297,,0.08297,100,,"DfE, Suspensions and permanent exclusions in England",academic year 2024/25,released
E08000015,permanent_exclusion_rate,2024,by_ethnicity,Asian,,1.0,2193.0,0.0456,,0.0456,100,,"DfE, Suspensions and permanent exclusions in England",academic year 2023/24,released
E08000015,permanent_exclusion_rate,2024,by_ethnicity,Black,,1.0,496.0,0.20161,,0.20161,100,,"DfE, Suspensions and permanent exclusions in England",academic year 2023/24,released
E08000015,permanent_exclusion_rate,2024,by_ethnicity,Mixed,,2.0,1810.0,0.1105,,0.1105,100,,"DfE, Suspensions and permanent exclusions in England",academic year 2023/24,released
E08000015,permanent_exclusion_rate,2024,overall,,,52.0,50431.0,0.10311,,0.10311,100,,"DfE, Suspensions and permanent exclusions in England",academic year 2023/24,released
E08000015,permanent_exclusion_rate,2024,by_ethnicity,Other,,2.0,440.0,0.45455,,0.45455,100,,"DfE, Suspensions and permanent exclusions in England",academic year 2023/24,released
E08000015,permanent_exclusion_rate,2024,by_ethnicity,White,,46.0,45175.0,0.10183,,0.10183,100,,"DfE, Suspensions and permanent exclusions in England",academic year 2023/24,released
E08000015,permanent_exclusion_rate,2025,by_ethnicity,Asian,,0.0,2331.0,0.0,,0.0,100,,"DfE, Suspensions and permanent exclusions in England",academic year 2024/25,released
E08000015,permanent_exclusion_rate,2025,by_ethnicity,Black,,0.0,663.0,0.0,,0.0,100,,"DfE, Suspensions and permanent exclusions in England",academic year 2024/25,released
E08000015,permanent_exclusion_rate,2025,by_ethnicity,Mixed,,2.0,1835.0,0.10899,,0.10899,100,,"DfE, Suspensions and permanent exclusions in England",academic year 2024/25,released
E08000015,permanent_exclusion_rate,2025,overall,,,47.0,49918.0,0.09415,,0.09415,100,,"DfE, Suspensions and permanent exclusions in England",academic year 2024/25,released
E08000015,permanent_exclusion_rate,2025,by_ethnicity,Other,,1.0,508.0,0.19685,,0.19685,100,,"DfE, Suspensions and permanent exclusions in England",academic year 2024/25,released
E08000015,permanent_exclusion_rate,2025,by_ethnicity,White,,43.0,43087.0,0.0998,,0.0998,100,,"DfE, Suspensions and permanent exclusions in England",academic year 2024/25,released
E08000016,permanent_exclusion_rate,2024,by_ethnicity,Asian,,0.0,455.0,0.0,,0.0,100,,"DfE, Suspensions and permanent exclusions in England",academic year 2023/24,released
E08000016,permanent_exclusion_rate,2024,by_ethnicity,Black,,1.0,634.0,0.15773,,0.15773,100,,"DfE, Suspensions and permanent exclusions in England",academic year 2023/24,released
E08000016,permanent_exclusion_rate,2024,by_ethnicity,Mixed,,4.0,930.0,0.43011,,0.43011,100,,"DfE, Suspensions and permanent exclusions in England",academic year 2023/24,released
E08000016,permanent_exclusion_rate,2024,overall,,,87.0,35238.0,0.24689,,0.24689,100,,"DfE, Suspensions and permanent exclusions in England",academic year 2023/24,released
E08000016,permanent_exclusion_rate,2024,by_ethnicity,Other,,0.0,191.0,0.0,,0.0,100,,"DfE, Suspensions and permanent exclusions in England",academic year 2023/24,released
E08000016,permanent_exclusion_rate,2024,by_ethnicity,White,,81.0,32620.0,0.24831,,0.24831,100,,"DfE, Suspensions and permanent exclusions in England",academic year 2023/24,released
E08000016,permanent_exclusion_rate,2025,by_ethnicity,Asian,,0.0,524.0,0.0,,0.0,100,,"DfE, Suspensions and permanent exclusions in England",academic year 2024/25,released
E08000016,permanent_exclusion_rate,2025,by_ethnicity,Black,,1.0,858.0,0.11655,,0.11655,100,,"DfE, Suspensions and permanent exclusions in England",academic year 2024/25,released
E08000016,permanent_exclusion_rate,2025,by_ethnicity,Mixed,,2.0,990.0,0.20202,,0.20202,100,,"DfE, Suspensions and permanent exclusions in England",academic year 2024/25,released
E08000016,permanent_exclusion_rate,2025,overall,,,87.0,35173.0,0.24735,,0.24735,100,,"DfE, Suspensions and permanent exclusions in England",academic year 2024/25,released
E08000016,permanent_exclusion_rate,2025,by_ethnicity,Other,,0.0,251.0,0.0,,0.0,100,,"DfE, Suspensions and permanent exclusions in England",academic year 2024/25,released
E08000016,permanent_exclusion_rate,2025,by_ethnicity,White,,81.0,32136.0,0.25205,,0.25205,100,,"DfE, Suspensions and permanent exclusions in England",academic year 2024/25,released
E08000017,permanent_exclusion_rate,2024,by_ethnicity,Asian,,0.0,2223.0,0.0,,0.0,100,,"DfE, Suspensions and permanent exclusions in England",academic year 2023/24,released
E08000017,permanent_exclusion_rate,2024,by_ethnicity,Black,,2.0,1490.0,0.13423,,0.13423,100,,"DfE, Suspensions and permanent exclusions in England",academic year 2023/24,released
E08000017,permanent_exclusion_rate,2024,by_ethnicity,Mixed,,5.0,1901.0,0.26302,,0.26302,100,,"DfE, Suspensions and permanent exclusions in England",academic year 2023/24,released
E08000017,permanent_exclusion_rate,2024,overall,,,81.0,48660.0,0.16646,,0.16646,100,,"DfE, Suspensions and permanent exclusions in England",academic year 2023/24,released
E08000017,permanent_exclusion_rate,2024,by_ethnicity,Other,,0.0,658.0,0.0,,0.0,100,,"DfE, Suspensions and permanent exclusions in England",academic year 2023/24,released
E08000017,permanent_exclusion_rate,2024,by_ethnicity,White,,69.0,41686.0,0.16552,,0.16552,100,,"DfE, Suspensions and permanent exclusions in England",academic year 2023/24,released
E08000017,permanent_exclusion_rate,2025,by_ethnicity,Asian,,0.0,2390.0,0.0,,0.0,100,,"DfE, Suspensions and permanent exclusions in England",academic year 2024/25,released
E08000017,permanent_exclusion_rate,2025,by_ethnicity,Black,,0.0,1957.0,0.0,,0.0,100,,"DfE, Suspensions and permanent exclusions in England",academic year 2024/25,released
E08000017,permanent_exclusion_rate,2025,by_ethnicity,Mixed,,3.0,1956.0,0.15337,,0.15337,100,,"DfE, Suspensions and permanent exclusions in England",academic year 2024/25,released
E08000017,permanent_exclusion_rate,2025,overall,,,70.0,48669.0,0.14383,,0.14383,100,,"DfE, Suspensions and permanent exclusions in England",academic year 2024/25,released
E08000017,permanent_exclusion_rate,2025,by_ethnicity,Other,,0.0,698.0,0.0,,0.0,100,,"DfE, Suspensions and permanent exclusions in England",academic year 2024/25,released
E08000017,permanent_exclusion_rate,2025,by_ethnicity,White,,64.0,40930.0,0.15636,,0.15636,100,,"DfE, Suspensions and permanent exclusions in England",academic year 2024/25,released
E08000018,permanent_exclusion_rate,2024,by_ethnicity,Asian,,3.0,3888.0,0.07716,,0.07716,100,,"DfE, Suspensions and permanent exclusions in England",academic year 2023/24,released
E08000018,permanent_exclusion_rate,2024,by_ethnicity,Black,,1.0,1357.0,0.07369,,0.07369,100,,"DfE, Suspensions and permanent exclusions in England",academic year 2023/24,released
E08000018,permanent_exclusion_rate,2024,by_ethnicity,Mixed,,5.0,1720.0,0.2907,,0.2907,100,,"DfE, Suspensions and permanent exclusions in England",academic year 2023/24,released
E08000018,permanent_exclusion_rate,2024,overall,,,68.0,45056.0,0.15092,,0.15092,100,,"DfE, Suspensions and permanent exclusions in England",academic year 2023/24,released
E08000018,permanent_exclusion_rate,2024,by_ethnicity,Other,,0.0,502.0,0.0,,0.0,100,,"DfE, Suspensions and permanent exclusions in England",academic year 2023/24,released
E08000018,permanent_exclusion_rate,2024,by_ethnicity,White,,58.0,37121.0,0.15625,,0.15625,100,,"DfE, Suspensions and permanent exclusions in England",academic year 2023/24,released
E08000018,permanent_exclusion_rate,2025,by_ethnicity,Asian,,3.0,3959.0,0.07578,,0.07578,100,,"DfE, Suspensions and permanent exclusions in England",academic year 2024/25,released
E08000018,permanent_exclusion_rate,2025,by_ethnicity,Black,,1.0,1608.0,0.06219,,0.06219,100,,"DfE, Suspensions and permanent exclusions in England",academic year 2024/25,released
E08000018,permanent_exclusion_rate,2025,by_ethnicity,Mixed,,4.0,1741.0,0.22975,,0.22975,100,,"DfE, Suspensions and permanent exclusions in England",academic year 2024/25,released
E08000018,permanent_exclusion_rate,2025,overall,,,60.0,44809.0,0.1339,,0.1339,100,,"DfE, Suspensions and permanent exclusions in England",academic year 2024/25,released
E08000018,permanent_exclusion_rate,2025,by_ethnicity,Other,,1.0,559.0,0.17889,,0.17889,100,,"DfE, Suspensions and permanent exclusions in England",academic year 2024/25,released
E08000018,permanent_exclusion_rate,2025,by_ethnicity,White,,46.0,36444.0,0.12622,,0.12622,100,,"DfE, Suspensions and permanent exclusions in England",academic year 2024/25,released
E08000019,permanent_exclusion_rate,2024,by_ethnicity,Asian,,10.0,11910.0,0.08396,,0.08396,100,,"DfE, Suspensions and permanent exclusions in England",academic year 2023/24,released
E08000019,permanent_exclusion_rate,2024,by_ethnicity,Black,,7.0,7236.0,0.09674,,0.09674,100,,"DfE, Suspensions and permanent exclusions in England",academic year 2023/24,released
E08000019,permanent_exclusion_rate,2024,by_ethnicity,Mixed,,26.0,7305.0,0.35592,,0.35592,100,,"DfE, Suspensions and permanent exclusions in England",academic year 2023/24,released
E08000019,permanent_exclusion_rate,2024,overall,,,147.0,85115.0,0.17271,,0.17271,100,,"DfE, Suspensions and permanent exclusions in England",academic year 2023/24,released
E08000019,permanent_exclusion_rate,2024,by_ethnicity,Other,,6.0,3510.0,0.17094,,0.17094,100,,"DfE, Suspensions and permanent exclusions in England",academic year 2023/24,released
E08000019,permanent_exclusion_rate,2024,by_ethnicity,White,,97.0,53665.0,0.18075,,0.18075,100,,"DfE, Suspensions and permanent exclusions in England",academic year 2023/24,released
E08000019,permanent_exclusion_rate,2025,by_ethnicity,Asian,,15.0,12154.0,0.12342,,0.12342,100,,"DfE, Suspensions and permanent exclusions in England",academic year 2024/25,released
E08000019,permanent_exclusion_rate,2025,by_ethnicity,Black,,9.0,7803.0,0.11534,,0.11534,100,,"DfE, Suspensions and permanent exclusions in England",academic year 2024/25,released
E08000019,permanent_exclusion_rate,2025,by_ethnicity,Mixed,,28.0,7349.0,0.381,,0.381,100,,"DfE, Suspensions and permanent exclusions in England",academic year 2024/25,released
E08000019,permanent_exclusion_rate,2025,overall,,,184.0,85069.0,0.2163,,0.2163,100,,"DfE, Suspensions and permanent exclusions in England",academic year 2024/25,released
E08000019,permanent_exclusion_rate,2025,by_ethnicity,Other,,6.0,3672.0,0.1634,,0.1634,100,,"DfE, Suspensions and permanent exclusions in England",academic year 2024/25,released
E08000019,permanent_exclusion_rate,2025,by_ethnicity,White,,119.0,52706.0,0.22578,,0.22578,100,,"DfE, Suspensions and permanent exclusions in England",academic year 2024/25,released
E08000021,permanent_exclusion_rate,2024,by_ethnicity,Asian,,11.0,6478.0,0.16981,,0.16981,100,,"DfE, Suspensions and permanent exclusions in England",academic year 2023/24,released
E08000021,permanent_exclusion_rate,2024,by_ethnicity,Black,,0.0,3277.0,0.0,,0.0,100,,"DfE, Suspensions and permanent exclusions in England",academic year 2023/24,released
E08000021,permanent_exclusion_rate,2024,by_ethnicity,Mixed,,0.0,2508.0,0.0,,0.0,100,,"DfE, Suspensions and permanent exclusions in England",academic year 2023/24,released
E08000021,permanent_exclusion_rate,2024,overall,,,85.0,42440.0,0.20028,,0.20028,100,,"DfE, Suspensions and permanent exclusions in England",academic year 2023/24,released
E08000021,permanent_exclusion_rate,2024,by_ethnicity,Other,,4.0,1730.0,0.23121,,0.23121,100,,"DfE, Suspensions and permanent exclusions in England",academic year 2023/24,released
E08000021,permanent_exclusion_rate,2024,by_ethnicity,White,,66.0,27961.0,0.23604,,0.23604,100,,"DfE, Suspensions and permanent exclusions in England",academic year 2023/24,released
E08000021,permanent_exclusion_rate,2025,by_ethnicity,Asian,,5.0,6709.0,0.07453,,0.07453,100,,"DfE, Suspensions and permanent exclusions in England",academic year 2024/25,released
E08000021,permanent_exclusion_rate,2025,by_ethnicity,Black,,5.0,3451.0,0.14489,,0.14489,100,,"DfE, Suspensions and permanent exclusions in England",academic year 2024/25,released
E08000021,permanent_exclusion_rate,2025,by_ethnicity,Mixed,,2.0,2576.0,0.07764,,0.07764,100,,"DfE, Suspensions and permanent exclusions in England",academic year 2024/25,released
E08000021,permanent_exclusion_rate,2025,overall,,,68.0,42377.0,0.16046,,0.16046,100,,"DfE, Suspensions and permanent exclusions in England",academic year 2024/25,released
E08000021,permanent_exclusion_rate,2025,by_ethnicity,Other,,0.0,1868.0,0.0,,0.0,100,,"DfE, Suspensions and permanent exclusions in England",academic year 2024/25,released
E08000021,permanent_exclusion_rate,2025,by_ethnicity,White,,56.0,27302.0,0.20511,,0.20511,100,,"DfE, Suspensions and permanent exclusions in England",academic year 2024/25,released
E08000022,permanent_exclusion_rate,2024,by_ethnicity,Asian,,1.0,1250.0,0.08,,0.08,100,,"DfE, Suspensions and permanent exclusions in England",academic year 2023/24,released
E08000022,permanent_exclusion_rate,2024,by_ethnicity,Black,,1.0,477.0,0.20964,,0.20964,100,,"DfE, Suspensions and permanent exclusions in England",academic year 2023/24,released
E08000022,permanent_exclusion_rate,2024,by_ethnicity,Mixed,,5.0,1063.0,0.47037,,0.47037,100,,"DfE, Suspensions and permanent exclusions in England",academic year 2023/24,released
E08000022,permanent_exclusion_rate,2024,overall,,,84.0,31459.0,0.26701,,0.26701,100,,"DfE, Suspensions and permanent exclusions in England",academic year 2023/24,released
E08000022,permanent_exclusion_rate,2024,by_ethnicity,Other,,1.0,225.0,0.44444,,0.44444,100,,"DfE, Suspensions and permanent exclusions in England",academic year 2023/24,released
E08000022,permanent_exclusion_rate,2024,by_ethnicity,White,,76.0,28111.0,0.27036,,0.27036,100,,"DfE, Suspensions and permanent exclusions in England",academic year 2023/24,released
E08000022,permanent_exclusion_rate,2025,by_ethnicity,Asian,,3.0,1323.0,0.22676,,0.22676,100,,"DfE, Suspensions and permanent exclusions in England",academic year 2024/25,released
E08000022,permanent_exclusion_rate,2025,by_ethnicity,Black,,1.0,585.0,0.17094,,0.17094,100,,"DfE, Suspensions and permanent exclusions in England",academic year 2024/25,released
E08000022,permanent_exclusion_rate,2025,by_ethnicity,Mixed,,5.0,1064.0,0.46992,,0.46992,100,,"DfE, Suspensions and permanent exclusions in England",academic year 2024/25,released
E08000022,permanent_exclusion_rate,2025,overall,,,105.0,31052.0,0.33814,,0.33814,100,,"DfE, Suspensions and permanent exclusions in England",academic year 2024/25,released
E08000022,permanent_exclusion_rate,2025,by_ethnicity,Other,,1.0,279.0,0.35842,,0.35842,100,,"DfE, Suspensions and permanent exclusions in England",academic year 2024/25,released
E08000022,permanent_exclusion_rate,2025,by_ethnicity,White,,92.0,27614.0,0.33316,,0.33316,100,,"DfE, Suspensions and permanent exclusions in England",academic year 2024/25,released
E08000023,permanent_exclusion_rate,2024,by_ethnicity,Asian,,1.0,964.0,0.10373,,0.10373,100,,"DfE, Suspensions and permanent exclusions in England",academic year 2023/24,released
E08000023,permanent_exclusion_rate,2024,by_ethnicity,Black,,1.0,393.0,0.25445,,0.25445,100,,"DfE, Suspensions and permanent exclusions in England",academic year 2023/24,released
E08000023,permanent_exclusion_rate,2024,by_ethnicity,Mixed,,1.0,773.0,0.12937,,0.12937,100,,"DfE, Suspensions and permanent exclusions in England",academic year 2023/24,released
E08000023,permanent_exclusion_rate,2024,overall,,,46.0,22906.0,0.20082,,0.20082,100,,"DfE, Suspensions and permanent exclusions in England",academic year 2023/24,released
E08000023,permanent_exclusion_rate,2024,by_ethnicity,Other,,0.0,247.0,0.0,,0.0,100,,"DfE, Suspensions and permanent exclusions in England",academic year 2023/24,released
E08000023,permanent_exclusion_rate,2024,by_ethnicity,White,,43.0,20327.0,0.21154,,0.21154,100,,"DfE, Suspensions and permanent exclusions in England",academic year 2023/24,released
E08000023,permanent_exclusion_rate,2025,by_ethnicity,Asian,,0.0,1012.0,0.0,,0.0,100,,"DfE, Suspensions and permanent exclusions in England",academic year 2024/25,released
E08000023,permanent_exclusion_rate,2025,by_ethnicity,Black,,0.0,441.0,0.0,,0.0,100,,"DfE, Suspensions and permanent exclusions in England",academic year 2024/25,released
E08000023,permanent_exclusion_rate,2025,by_ethnicity,Mixed,,2.0,770.0,0.25974,,0.25974,100,,"DfE, Suspensions and permanent exclusions in England",academic year 2024/25,released
E08000023,permanent_exclusion_rate,2025,overall,,,69.0,22635.0,0.30484,,0.30484,100,,"DfE, Suspensions and permanent exclusions in England",academic year 2024/25,released
E08000023,permanent_exclusion_rate,2025,by_ethnicity,Other,,1.0,266.0,0.37594,,0.37594,100,,"DfE, Suspensions and permanent exclusions in England",academic year 2024/25,released
E08000023,permanent_exclusion_rate,2025,by_ethnicity,White,,66.0,19905.0,0.33157,,0.33157,100,,"DfE, Suspensions and permanent exclusions in England",academic year 2024/25,released
E08000024,permanent_exclusion_rate,2024,by_ethnicity,Asian,,1.0,1979.0,0.05053,,0.05053,100,,"DfE, Suspensions and permanent exclusions in England",academic year 2023/24,released
E08000024,permanent_exclusion_rate,2024,by_ethnicity,Black,,0.0,2064.0,0.0,,0.0,100,,"DfE, Suspensions and permanent exclusions in England",academic year 2023/24,released
E08000024,permanent_exclusion_rate,2024,by_ethnicity,Mixed,,2.0,984.0,0.20325,,0.20325,100,,"DfE, Suspensions and permanent exclusions in England",academic year 2023/24,released
E08000024,permanent_exclusion_rate,2024,overall,,,104.0,41057.0,0.25331,,0.25331,100,,"DfE, Suspensions and permanent exclusions in England",academic year 2023/24,released
E08000024,permanent_exclusion_rate,2024,by_ethnicity,Other,,0.0,253.0,0.0,,0.0,100,,"DfE, Suspensions and permanent exclusions in England",academic year 2023/24,released
E08000024,permanent_exclusion_rate,2024,by_ethnicity,White,,99.0,35468.0,0.27912,,0.27912,100,,"DfE, Suspensions and permanent exclusions in England",academic year 2023/24,released
E08000024,permanent_exclusion_rate,2025,by_ethnicity,Asian,,2.0,2085.0,0.09592,,0.09592,100,,"DfE, Suspensions and permanent exclusions in England",academic year 2024/25,released
E08000024,permanent_exclusion_rate,2025,by_ethnicity,Black,,1.0,2348.0,0.04259,,0.04259,100,,"DfE, Suspensions and permanent exclusions in England",academic year 2024/25,released
E08000024,permanent_exclusion_rate,2025,by_ethnicity,Mixed,,5.0,1020.0,0.4902,,0.4902,100,,"DfE, Suspensions and permanent exclusions in England",academic year 2024/25,released
E08000024,permanent_exclusion_rate,2025,overall,,,128.0,40774.0,0.31393,,0.31393,100,,"DfE, Suspensions and permanent exclusions in England",academic year 2024/25,released
E08000024,permanent_exclusion_rate,2025,by_ethnicity,Other,,1.0,299.0,0.33445,,0.33445,100,,"DfE, Suspensions and permanent exclusions in England",academic year 2024/25,released
E08000024,permanent_exclusion_rate,2025,by_ethnicity,White,,114.0,34775.0,0.32782,,0.32782,100,,"DfE, Suspensions and permanent exclusions in England",academic year 2024/25,released
E08000025,permanent_exclusion_rate,2024,by_ethnicity,Asian,,52.0,78068.0,0.06661,,0.06661,100,,"DfE, Suspensions and permanent exclusions in England",academic year 2023/24,released
E08000025,permanent_exclusion_rate,2024,by_ethnicity,Black,,38.0,27785.0,0.13676,,0.13676,100,,"DfE, Suspensions and permanent exclusions in England",academic year 2023/24,released
E08000025,permanent_exclusion_rate,2024,by_ethnicity,Mixed,,63.0,20490.0,0.30747,,0.30747,100,,"DfE, Suspensions and permanent exclusions in England",academic year 2023/24,released
E08000025,permanent_exclusion_rate,2024,overall,,,301.0,204624.0,0.1471,,0.1471,100,,"DfE, Suspensions and permanent exclusions in England",academic year 2023/24,released
E08000025,permanent_exclusion_rate,2024,by_ethnicity,Other,,10.0,12508.0,0.07995,,0.07995,100,,"DfE, Suspensions and permanent exclusions in England",academic year 2023/24,released
E08000025,permanent_exclusion_rate,2024,by_ethnicity,White,,129.0,60842.0,0.21202,,0.21202,100,,"DfE, Suspensions and permanent exclusions in England",academic year 2023/24,released
E08000025,permanent_exclusion_rate,2025,by_ethnicity,Asian,,71.0,77852.0,0.0912,,0.0912,100,,"DfE, Suspensions and permanent exclusions in England",academic year 2024/25,released
E08000025,permanent_exclusion_rate,2025,by_ethnicity,Black,,50.0,28514.0,0.17535,,0.17535,100,,"DfE, Suspensions and permanent exclusions in England",academic year 2024/25,released
E08000025,permanent_exclusion_rate,2025,by_ethnicity,Mixed,,47.0,20667.0,0.22742,,0.22742,100,,"DfE, Suspensions and permanent exclusions in England",academic year 2024/25,released
E08000025,permanent_exclusion_rate,2025,overall,,,295.0,202736.0,0.14551,,0.14551,100,,"DfE, Suspensions and permanent exclusions in England",academic year 2024/25,released
E08000025,permanent_exclusion_rate,2025,by_ethnicity,Other,,12.0,12814.0,0.09365,,0.09365,100,,"DfE, Suspensions and permanent exclusions in England",academic year 2024/25,released
E08000025,permanent_exclusion_rate,2025,by_ethnicity,White,,104.0,58386.0,0.17812,,0.17812,100,,"DfE, Suspensions and permanent exclusions in England",academic year 2024/25,released
E08000026,permanent_exclusion_rate,2024,by_ethnicity,Asian,,4.0,14489.0,0.02761,,0.02761,100,,"DfE, Suspensions and permanent exclusions in England",academic year 2023/24,released
E08000026,permanent_exclusion_rate,2024,by_ethnicity,Black,,14.0,9308.0,0.15041,,0.15041,100,,"DfE, Suspensions and permanent exclusions in England",academic year 2023/24,released
E08000026,permanent_exclusion_rate,2024,by_ethnicity,Mixed,,11.0,4503.0,0.24428,,0.24428,100,,"DfE, Suspensions and permanent exclusions in England",academic year 2023/24,released
E08000026,permanent_exclusion_rate,2024,overall,,,91.0,61298.0,0.14846,,0.14846,100,,"DfE, Suspensions and permanent exclusions in England",academic year 2023/24,released
E08000026,permanent_exclusion_rate,2024,by_ethnicity,Other,,2.0,1492.0,0.13405,,0.13405,100,,"DfE, Suspensions and permanent exclusions in England",academic year 2023/24,released
E08000026,permanent_exclusion_rate,2024,by_ethnicity,White,,59.0,30658.0,0.19245,,0.19245,100,,"DfE, Suspensions and permanent exclusions in England",academic year 2023/24,released
E08000026,permanent_exclusion_rate,2025,by_ethnicity,Asian,,4.0,14843.0,0.02695,,0.02695,100,,"DfE, Suspensions and permanent exclusions in England",academic year 2024/25,released
E08000026,permanent_exclusion_rate,2025,by_ethnicity,Black,,11.0,9882.0,0.11131,,0.11131,100,,"DfE, Suspensions and permanent exclusions in England",academic year 2024/25,released
E08000026,permanent_exclusion_rate,2025,by_ethnicity,Mixed,,4.0,4608.0,0.08681,,0.08681,100,,"DfE, Suspensions and permanent exclusions in England",academic year 2024/25,released
E08000026,permanent_exclusion_rate,2025,overall,,,79.0,61381.0,0.1287,,0.1287,100,,"DfE, Suspensions and permanent exclusions in England",academic year 2024/25,released
E08000026,permanent_exclusion_rate,2025,by_ethnicity,Other,,0.0,1579.0,0.0,,0.0,100,,"DfE, Suspensions and permanent exclusions in England",academic year 2024/25,released
E08000026,permanent_exclusion_rate,2025,by_ethnicity,White,,56.0,29642.0,0.18892,,0.18892,100,,"DfE, Suspensions and permanent exclusions in England",academic year 2024/25,released
E08000027,permanent_exclusion_rate,2024,by_ethnicity,Asian,,6.0,5464.0,0.10981,,0.10981,100,,"DfE, Suspensions and permanent exclusions in England",academic year 2023/24,released
E08000027,permanent_exclusion_rate,2024,by_ethnicity,Black,,3.0,1971.0,0.15221,,0.15221,100,,"DfE, Suspensions and permanent exclusions in England",academic year 2023/24,released
E08000027,permanent_exclusion_rate,2024,by_ethnicity,Mixed,,16.0,4014.0,0.3986,,0.3986,100,,"DfE, Suspensions and permanent exclusions in England",academic year 2023/24,released
E08000027,permanent_exclusion_rate,2024,overall,,,97.0,48164.0,0.2014,,0.2014,100,,"DfE, Suspensions and permanent exclusions in England",academic year 2023/24,released
E08000027,permanent_exclusion_rate,2024,by_ethnicity,Other,,0.0,1005.0,0.0,,0.0,100,,"DfE, Suspensions and permanent exclusions in England",academic year 2023/24,released
E08000027,permanent_exclusion_rate,2024,by_ethnicity,White,,72.0,34831.0,0.20671,,0.20671,100,,"DfE, Suspensions and permanent exclusions in England",academic year 2023/24,released
E08000027,permanent_exclusion_rate,2025,by_ethnicity,Asian,,4.0,5648.0,0.07082,,0.07082,100,,"DfE, Suspensions and permanent exclusions in England",academic year 2024/25,released
E08000027,permanent_exclusion_rate,2025,by_ethnicity,Black,,5.0,2194.0,0.22789,,0.22789,100,,"DfE, Suspensions and permanent exclusions in England",academic year 2024/25,released
E08000027,permanent_exclusion_rate,2025,by_ethnicity,Mixed,,23.0,4091.0,0.56221,,0.56221,100,,"DfE, Suspensions and permanent exclusions in England",academic year 2024/25,released
E08000027,permanent_exclusion_rate,2025,overall,,,119.0,48194.0,0.24692,,0.24692,100,,"DfE, Suspensions and permanent exclusions in England",academic year 2024/25,released
E08000027,permanent_exclusion_rate,2025,by_ethnicity,Other,,1.0,1061.0,0.09425,,0.09425,100,,"DfE, Suspensions and permanent exclusions in England",academic year 2024/25,released
E08000027,permanent_exclusion_rate,2025,by_ethnicity,White,,84.0,34348.0,0.24456,,0.24456,100,,"DfE, Suspensions and permanent exclusions in England",academic year 2024/25,released
E08000028,permanent_exclusion_rate,2024,by_ethnicity,Asian,,12.0,20781.0,0.05775,,0.05775,100,,"DfE, Suspensions and permanent exclusions in England",academic year 2023/24,released
E08000028,permanent_exclusion_rate,2024,by_ethnicity,Black,,8.0,7158.0,0.11176,,0.11176,100,,"DfE, Suspensions and permanent exclusions in England",academic year 2023/24,released
E08000028,permanent_exclusion_rate,2024,by_ethnicity,Mixed,,8.0,6391.0,0.12518,,0.12518,100,,"DfE, Suspensions and permanent exclusions in England",academic year 2023/24,released
E08000028,permanent_exclusion_rate,2024,overall,,,71.0,63360.0,0.11206,,0.11206,100,,"DfE, Suspensions and permanent exclusions in England",academic year 2023/24,released
E08000028,permanent_exclusion_rate,2024,by_ethnicity,Other,,1.0,1837.0,0.05444,,0.05444,100,,"DfE, Suspensions and permanent exclusions in England",academic year 2023/24,released
E08000028,permanent_exclusion_rate,2024,by_ethnicity,White,,41.0,26235.0,0.15628,,0.15628,100,,"DfE, Suspensions and permanent exclusions in England",academic year 2023/24,released
E08000028,permanent_exclusion_rate,2025,by_ethnicity,Asian,,14.0,21146.0,0.06621,,0.06621,100,,"DfE, Suspensions and permanent exclusions in England",academic year 2024/25,released
E08000028,permanent_exclusion_rate,2025,by_ethnicity,Black,,6.0,7459.0,0.08044,,0.08044,100,,"DfE, Suspensions and permanent exclusions in England",academic year 2024/25,released
E08000028,permanent_exclusion_rate,2025,by_ethnicity,Mixed,,14.0,6424.0,0.21793,,0.21793,100,,"DfE, Suspensions and permanent exclusions in England",academic year 2024/25,released
E08000028,permanent_exclusion_rate,2025,overall,,,60.0,63212.0,0.09492,,0.09492,100,,"DfE, Suspensions and permanent exclusions in England",academic year 2024/25,released
E08000028,permanent_exclusion_rate,2025,by_ethnicity,Other,,0.0,2041.0,0.0,,0.0,100,,"DfE, Suspensions and permanent exclusions in England",academic year 2024/25,released
E08000028,permanent_exclusion_rate,2025,by_ethnicity,White,,25.0,25189.0,0.09925,,0.09925,100,,"DfE, Suspensions and permanent exclusions in England",academic year 2024/25,released
E08000029,permanent_exclusion_rate,2024,by_ethnicity,Asian,,4.0,7177.0,0.05573,,0.05573,100,,"DfE, Suspensions and permanent exclusions in England",academic year 2023/24,released
E08000029,permanent_exclusion_rate,2024,by_ethnicity,Black,,1.0,1026.0,0.09747,,0.09747,100,,"DfE, Suspensions and permanent exclusions in England",academic year 2023/24,released
E08000029,permanent_exclusion_rate,2024,by_ethnicity,Mixed,,10.0,3669.0,0.27255,,0.27255,100,,"DfE, Suspensions and permanent exclusions in England",academic year 2023/24,released
E08000029,permanent_exclusion_rate,2024,overall,,,77.0,40083.0,0.1921,,0.1921,100,,"DfE, Suspensions and permanent exclusions in England",academic year 2023/24,released
E08000029,permanent_exclusion_rate,2024,by_ethnicity,Other,,0.0,469.0,0.0,,0.0,100,,"DfE, Suspensions and permanent exclusions in England",academic year 2023/24,released
E08000029,permanent_exclusion_rate,2024,by_ethnicity,White,,59.0,27230.0,0.21667,,0.21667,100,,"DfE, Suspensions and permanent exclusions in England",academic year 2023/24,released
E08000029,permanent_exclusion_rate,2025,by_ethnicity,Asian,,0.0,7330.0,0.0,,0.0,100,,"DfE, Suspensions and permanent exclusions in England",academic year 2024/25,released
E08000029,permanent_exclusion_rate,2025,by_ethnicity,Black,,2.0,1092.0,0.18315,,0.18315,100,,"DfE, Suspensions and permanent exclusions in England",academic year 2024/25,released
E08000029,permanent_exclusion_rate,2025,by_ethnicity,Mixed,,7.0,3667.0,0.19089,,0.19089,100,,"DfE, Suspensions and permanent exclusions in England",academic year 2024/25,released
E08000029,permanent_exclusion_rate,2025,overall,,,58.0,39630.0,0.14635,,0.14635,100,,"DfE, Suspensions and permanent exclusions in England",academic year 2024/25,released
E08000029,permanent_exclusion_rate,2025,by_ethnicity,Other,,0.0,506.0,0.0,,0.0,100,,"DfE, Suspensions and permanent exclusions in England",academic year 2024/25,released
E08000029,permanent_exclusion_rate,2025,by_ethnicity,White,,44.0,26535.0,0.16582,,0.16582,100,,"DfE, Suspensions and permanent exclusions in England",academic year 2024/25,released
E08000030,permanent_exclusion_rate,2024,by_ethnicity,Asian,,4.0,13619.0,0.02937,,0.02937,100,,"DfE, Suspensions and permanent exclusions in England",academic year 2023/24,released
E08000030,permanent_exclusion_rate,2024,by_ethnicity,Black,,4.0,4411.0,0.09068,,0.09068,100,,"DfE, Suspensions and permanent exclusions in England",academic year 2023/24,released
E08000030,permanent_exclusion_rate,2024,by_ethnicity,Mixed,,8.0,4034.0,0.19831,,0.19831,100,,"DfE, Suspensions and permanent exclusions in England",academic year 2023/24,released
E08000030,permanent_exclusion_rate,2024,overall,,,55.0,53272.0,0.10324,,0.10324,100,,"DfE, Suspensions and permanent exclusions in England",academic year 2023/24,released
E08000030,permanent_exclusion_rate,2024,by_ethnicity,Other,,0.0,858.0,0.0,,0.0,100,,"DfE, Suspensions and permanent exclusions in England",academic year 2023/24,released
E08000030,permanent_exclusion_rate,2024,by_ethnicity,White,,39.0,29902.0,0.13043,,0.13043,100,,"DfE, Suspensions and permanent exclusions in England",academic year 2023/24,released
E08000030,permanent_exclusion_rate,2025,by_ethnicity,Asian,,2.0,13905.0,0.01438,,0.01438,100,,"DfE, Suspensions and permanent exclusions in England",academic year 2024/25,released
E08000030,permanent_exclusion_rate,2025,by_ethnicity,Black,,5.0,4788.0,0.10443,,0.10443,100,,"DfE, Suspensions and permanent exclusions in England",academic year 2024/25,released
E08000030,permanent_exclusion_rate,2025,by_ethnicity,Mixed,,9.0,4127.0,0.21808,,0.21808,100,,"DfE, Suspensions and permanent exclusions in England",academic year 2024/25,released
E08000030,permanent_exclusion_rate,2025,overall,,,34.0,53095.0,0.06404,,0.06404,100,,"DfE, Suspensions and permanent exclusions in England",academic year 2024/25,released
E08000030,permanent_exclusion_rate,2025,by_ethnicity,Other,,1.0,890.0,0.11236,,0.11236,100,,"DfE, Suspensions and permanent exclusions in England",academic year 2024/25,released
E08000030,permanent_exclusion_rate,2025,by_ethnicity,White,,17.0,28915.0,0.05879,,0.05879,100,,"DfE, Suspensions and permanent exclusions in England",academic year 2024/25,released
E08000031,permanent_exclusion_rate,2024,by_ethnicity,Asian,,8.0,13517.0,0.05918,,0.05918,100,,"DfE, Suspensions and permanent exclusions in England",academic year 2023/24,released
E08000031,permanent_exclusion_rate,2024,by_ethnicity,Black,,17.0,7063.0,0.24069,,0.24069,100,,"DfE, Suspensions and permanent exclusions in England",academic year 2023/24,released
E08000031,permanent_exclusion_rate,2024,by_ethnicity,Mixed,,26.0,6067.0,0.42855,,0.42855,100,,"DfE, Suspensions and permanent exclusions in England",academic year 2023/24,released
E08000031,permanent_exclusion_rate,2024,overall,,,101.0,49634.0,0.20349,,0.20349,100,,"DfE, Suspensions and permanent exclusions in England",academic year 2023/24,released
E08000031,permanent_exclusion_rate,2024,by_ethnicity,Other,,1.0,867.0,0.11534,,0.11534,100,,"DfE, Suspensions and permanent exclusions in England",academic year 2023/24,released
E08000031,permanent_exclusion_rate,2024,by_ethnicity,White,,46.0,21494.0,0.21401,,0.21401,100,,"DfE, Suspensions and permanent exclusions in England",academic year 2023/24,released
E08000031,permanent_exclusion_rate,2025,by_ethnicity,Asian,,5.0,13934.0,0.03588,,0.03588,100,,"DfE, Suspensions and permanent exclusions in England",academic year 2024/25,released
E08000031,permanent_exclusion_rate,2025,by_ethnicity,Black,,16.0,7656.0,0.20899,,0.20899,100,,"DfE, Suspensions and permanent exclusions in England",academic year 2024/25,released
E08000031,permanent_exclusion_rate,2025,by_ethnicity,Mixed,,18.0,6162.0,0.29211,,0.29211,100,,"DfE, Suspensions and permanent exclusions in England",academic year 2024/25,released
E08000031,permanent_exclusion_rate,2025,overall,,,81.0,49993.0,0.16202,,0.16202,100,,"DfE, Suspensions and permanent exclusions in England",academic year 2024/25,released
E08000031,permanent_exclusion_rate,2025,by_ethnicity,Other,,2.0,912.0,0.2193,,0.2193,100,,"DfE, Suspensions and permanent exclusions in England",academic year 2024/25,released
E08000031,permanent_exclusion_rate,2025,by_ethnicity,White,,36.0,20750.0,0.17349,,0.17349,100,,"DfE, Suspensions and permanent exclusions in England",academic year 2024/25,released
E08000032,permanent_exclusion_rate,2024,by_ethnicity,Asian,,43.0,42315.0,0.10162,,0.10162,100,,"DfE, Suspensions and permanent exclusions in England",academic year 2023/24,released
E08000032,permanent_exclusion_rate,2024,by_ethnicity,Black,,2.0,3385.0,0.05908,,0.05908,100,,"DfE, Suspensions and permanent exclusions in England",academic year 2023/24,released
E08000032,permanent_exclusion_rate,2024,by_ethnicity,Mixed,,19.0,6671.0,0.28481,,0.28481,100,,"DfE, Suspensions and permanent exclusions in England",academic year 2023/24,released
E08000032,permanent_exclusion_rate,2024,overall,,,164.0,99791.0,0.16434,,0.16434,100,,"DfE, Suspensions and permanent exclusions in England",academic year 2023/24,released
E08000032,permanent_exclusion_rate,2024,by_ethnicity,Other,,2.0,2011.0,0.09945,,0.09945,100,,"DfE, Suspensions and permanent exclusions in England",academic year 2023/24,released
E08000032,permanent_exclusion_rate,2024,by_ethnicity,White,,94.0,43975.0,0.21376,,0.21376,100,,"DfE, Suspensions and permanent exclusions in England",academic year 2023/24,released
E08000032,permanent_exclusion_rate,2025,by_ethnicity,Asian,,32.0,42309.0,0.07563,,0.07563,100,,"DfE, Suspensions and permanent exclusions in England",academic year 2024/25,released
E08000032,permanent_exclusion_rate,2025,by_ethnicity,Black,,3.0,3554.0,0.08441,,0.08441,100,,"DfE, Suspensions and permanent exclusions in England",academic year 2024/25,released
E08000032,permanent_exclusion_rate,2025,by_ethnicity,Mixed,,14.0,6567.0,0.21319,,0.21319,100,,"DfE, Suspensions and permanent exclusions in England",academic year 2024/25,released
E08000032,permanent_exclusion_rate,2025,overall,,,139.0,98362.0,0.14131,,0.14131,100,,"DfE, Suspensions and permanent exclusions in England",academic year 2024/25,released
E08000032,permanent_exclusion_rate,2025,by_ethnicity,Other,,3.0,2080.0,0.14423,,0.14423,100,,"DfE, Suspensions and permanent exclusions in England",academic year 2024/25,released
E08000032,permanent_exclusion_rate,2025,by_ethnicity,White,,83.0,42448.0,0.19553,,0.19553,100,,"DfE, Suspensions and permanent exclusions in England",academic year 2024/25,released
E08000033,permanent_exclusion_rate,2024,by_ethnicity,Asian,,15.0,6789.0,0.22095,,0.22095,100,,"DfE, Suspensions and permanent exclusions in England",academic year 2023/24,released
E08000033,permanent_exclusion_rate,2024,by_ethnicity,Black,,0.0,545.0,0.0,,0.0,100,,"DfE, Suspensions and permanent exclusions in England",academic year 2023/24,released
E08000033,permanent_exclusion_rate,2024,by_ethnicity,Mixed,,4.0,1719.0,0.23269,,0.23269,100,,"DfE, Suspensions and permanent exclusions in England",academic year 2023/24,released
E08000033,permanent_exclusion_rate,2024,overall,,,80.0,35876.0,0.22299,,0.22299,100,,"DfE, Suspensions and permanent exclusions in England",academic year 2023/24,released
E08000033,permanent_exclusion_rate,2024,by_ethnicity,Other,,1.0,311.0,0.32154,,0.32154,100,,"DfE, Suspensions and permanent exclusions in England",academic year 2023/24,released
E08000033,permanent_exclusion_rate,2024,by_ethnicity,White,,60.0,26229.0,0.22875,,0.22875,100,,"DfE, Suspensions and permanent exclusions in England",academic year 2023/24,released
E08000033,permanent_exclusion_rate,2025,by_ethnicity,Asian,,17.0,6809.0,0.24967,,0.24967,100,,"DfE, Suspensions and permanent exclusions in England",academic year 2024/25,released
E08000033,permanent_exclusion_rate,2025,by_ethnicity,Black,,0.0,603.0,0.0,,0.0,100,,"DfE, Suspensions and permanent exclusions in England",academic year 2024/25,released
E08000033,permanent_exclusion_rate,2025,by_ethnicity,Mixed,,5.0,1741.0,0.28719,,0.28719,100,,"DfE, Suspensions and permanent exclusions in England",academic year 2024/25,released
E08000033,permanent_exclusion_rate,2025,overall,,,60.0,35258.0,0.17017,,0.17017,100,,"DfE, Suspensions and permanent exclusions in England",academic year 2024/25,released
E08000033,permanent_exclusion_rate,2025,by_ethnicity,Other,,2.0,325.0,0.61538,,0.61538,100,,"DfE, Suspensions and permanent exclusions in England",academic year 2024/25,released
E08000033,permanent_exclusion_rate,2025,by_ethnicity,White,,35.0,25474.0,0.13739,,0.13739,100,,"DfE, Suspensions and permanent exclusions in England",academic year 2024/25,released
E08000034,permanent_exclusion_rate,2024,by_ethnicity,Asian,,10.0,19038.0,0.05253,,0.05253,100,,"DfE, Suspensions and permanent exclusions in England",academic year 2023/24,released
E08000034,permanent_exclusion_rate,2024,by_ethnicity,Black,,3.0,2315.0,0.12959,,0.12959,100,,"DfE, Suspensions and permanent exclusions in England",academic year 2023/24,released
E08000034,permanent_exclusion_rate,2024,by_ethnicity,Mixed,,18.0,5118.0,0.3517,,0.3517,100,,"DfE, Suspensions and permanent exclusions in England",academic year 2023/24,released
E08000034,permanent_exclusion_rate,2024,overall,,,85.0,66858.0,0.12714,,0.12714,100,,"DfE, Suspensions and permanent exclusions in England",academic year 2023/24,released
E08000034,permanent_exclusion_rate,2024,by_ethnicity,Other,,1.0,1041.0,0.09606,,0.09606,100,,"DfE, Suspensions and permanent exclusions in England",academic year 2023/24,released
E08000034,permanent_exclusion_rate,2024,by_ethnicity,White,,52.0,38293.0,0.1358,,0.1358,100,,"DfE, Suspensions and permanent exclusions in England",academic year 2023/24,released
E08000034,permanent_exclusion_rate,2025,by_ethnicity,Asian,,10.0,19099.0,0.05236,,0.05236,100,,"DfE, Suspensions and permanent exclusions in England",academic year 2024/25,released
E08000034,permanent_exclusion_rate,2025,by_ethnicity,Black,,5.0,2415.0,0.20704,,0.20704,100,,"DfE, Suspensions and permanent exclusions in England",academic year 2024/25,released
E08000034,permanent_exclusion_rate,2025,by_ethnicity,Mixed,,7.0,5307.0,0.1319,,0.1319,100,,"DfE, Suspensions and permanent exclusions in England",academic year 2024/25,released
E08000034,permanent_exclusion_rate,2025,overall,,,73.0,66128.0,0.11039,,0.11039,100,,"DfE, Suspensions and permanent exclusions in England",academic year 2024/25,released
E08000034,permanent_exclusion_rate,2025,by_ethnicity,Other,,0.0,1091.0,0.0,,0.0,100,,"DfE, Suspensions and permanent exclusions in England",academic year 2024/25,released
E08000034,permanent_exclusion_rate,2025,by_ethnicity,White,,48.0,37191.0,0.12906,,0.12906,100,,"DfE, Suspensions and permanent exclusions in England",academic year 2024/25,released
E08000035,permanent_exclusion_rate,2024,by_ethnicity,Asian,,2.0,17968.0,0.01113,,0.01113,100,,"DfE, Suspensions and permanent exclusions in England",academic year 2023/24,released
E08000035,permanent_exclusion_rate,2024,by_ethnicity,Black,,4.0,12107.0,0.03304,,0.03304,100,,"DfE, Suspensions and permanent exclusions in England",academic year 2023/24,released
E08000035,permanent_exclusion_rate,2024,by_ethnicity,Mixed,,3.0,9871.0,0.03039,,0.03039,100,,"DfE, Suspensions and permanent exclusions in England",academic year 2023/24,released
E08000035,permanent_exclusion_rate,2024,overall,,,28.0,132013.0,0.02121,,0.02121,100,,"DfE, Suspensions and permanent exclusions in England",academic year 2023/24,released
E08000035,permanent_exclusion_rate,2024,by_ethnicity,Other,,0.0,3219.0,0.0,,0.0,100,,"DfE, Suspensions and permanent exclusions in England",academic year 2023/24,released
E08000035,permanent_exclusion_rate,2024,by_ethnicity,White,,15.0,85958.0,0.01745,,0.01745,100,,"DfE, Suspensions and permanent exclusions in England",academic year 2023/24,released
E08000035,permanent_exclusion_rate,2025,by_ethnicity,Asian,,1.0,18298.0,0.00547,,0.00547,100,,"DfE, Suspensions and permanent exclusions in England",academic year 2024/25,released
E08000035,permanent_exclusion_rate,2025,by_ethnicity,Black,,1.0,13030.0,0.00767,,0.00767,100,,"DfE, Suspensions and permanent exclusions in England",academic year 2024/25,released
E08000035,permanent_exclusion_rate,2025,by_ethnicity,Mixed,,3.0,9906.0,0.03028,,0.03028,100,,"DfE, Suspensions and permanent exclusions in England",academic year 2024/25,released
E08000035,permanent_exclusion_rate,2025,overall,,,18.0,132211.0,0.01361,,0.01361,100,,"DfE, Suspensions and permanent exclusions in England",academic year 2024/25,released
E08000035,permanent_exclusion_rate,2025,by_ethnicity,Other,,0.0,3571.0,0.0,,0.0,100,,"DfE, Suspensions and permanent exclusions in England",academic year 2024/25,released
E08000035,permanent_exclusion_rate,2025,by_ethnicity,White,,12.0,84450.0,0.01421,,0.01421,100,,"DfE, Suspensions and permanent exclusions in England",academic year 2024/25,released
E08000036,permanent_exclusion_rate,2024,by_ethnicity,Asian,,1.0,2809.0,0.0356,,0.0356,100,,"DfE, Suspensions and permanent exclusions in England",academic year 2023/24,released
E08000036,permanent_exclusion_rate,2024,by_ethnicity,Black,,2.0,1561.0,0.12812,,0.12812,100,,"DfE, Suspensions and permanent exclusions in England",academic year 2023/24,released
E08000036,permanent_exclusion_rate,2024,by_ethnicity,Mixed,,2.0,2229.0,0.08973,,0.08973,100,,"DfE, Suspensions and permanent exclusions in England",academic year 2023/24,released
E08000036,permanent_exclusion_rate,2024,overall,,,79.0,54864.0,0.14399,,0.14399,100,,"DfE, Suspensions and permanent exclusions in England",academic year 2023/24,released
E08000036,permanent_exclusion_rate,2024,by_ethnicity,Other,,0.0,650.0,0.0,,0.0,100,,"DfE, Suspensions and permanent exclusions in England",academic year 2023/24,released
E08000036,permanent_exclusion_rate,2024,by_ethnicity,White,,74.0,46760.0,0.15825,,0.15825,100,,"DfE, Suspensions and permanent exclusions in England",academic year 2023/24,released
E08000036,permanent_exclusion_rate,2025,by_ethnicity,Asian,,0.0,3010.0,0.0,,0.0,100,,"DfE, Suspensions and permanent exclusions in England",academic year 2024/25,released
E08000036,permanent_exclusion_rate,2025,by_ethnicity,Black,,2.0,1957.0,0.1022,,0.1022,100,,"DfE, Suspensions and permanent exclusions in England",academic year 2024/25,released
E08000036,permanent_exclusion_rate,2025,by_ethnicity,Mixed,,4.0,2307.0,0.17339,,0.17339,100,,"DfE, Suspensions and permanent exclusions in England",academic year 2024/25,released
E08000036,permanent_exclusion_rate,2025,overall,,,79.0,54709.0,0.1444,,0.1444,100,,"DfE, Suspensions and permanent exclusions in England",academic year 2024/25,released
E08000036,permanent_exclusion_rate,2025,by_ethnicity,Other,,0.0,702.0,0.0,,0.0,100,,"DfE, Suspensions and permanent exclusions in England",academic year 2024/25,released
E08000036,permanent_exclusion_rate,2025,by_ethnicity,White,,70.0,45958.0,0.15231,,0.15231,100,,"DfE, Suspensions and permanent exclusions in England",academic year 2024/25,released
E08000037,permanent_exclusion_rate,2024,by_ethnicity,Asian,,0.0,1264.0,0.0,,0.0,100,,"DfE, Suspensions and permanent exclusions in England",academic year 2023/24,released
E08000037,permanent_exclusion_rate,2024,by_ethnicity,Black,,0.0,1141.0,0.0,,0.0,100,,"DfE, Suspensions and permanent exclusions in England",academic year 2023/24,released
E08000037,permanent_exclusion_rate,2024,by_ethnicity,Mixed,,2.0,899.0,0.22247,,0.22247,100,,"DfE, Suspensions and permanent exclusions in England",academic year 2023/24,released
E08000037,permanent_exclusion_rate,2024,overall,,,71.0,28908.0,0.24561,,0.24561,100,,"DfE, Suspensions and permanent exclusions in England",academic year 2023/24,released
E08000037,permanent_exclusion_rate,2024,by_ethnicity,Other,,1.0,910.0,0.10989,,0.10989,100,,"DfE, Suspensions and permanent exclusions in England",academic year 2023/24,released
E08000037,permanent_exclusion_rate,2024,by_ethnicity,White,,68.0,24378.0,0.27894,,0.27894,100,,"DfE, Suspensions and permanent exclusions in England",academic year 2023/24,released
E08000037,permanent_exclusion_rate,2025,by_ethnicity,Asian,,1.0,1355.0,0.0738,,0.0738,100,,"DfE, Suspensions and permanent exclusions in England",academic year 2024/25,released
E08000037,permanent_exclusion_rate,2025,by_ethnicity,Black,,1.0,1310.0,0.07634,,0.07634,100,,"DfE, Suspensions and permanent exclusions in England",academic year 2024/25,released
E08000037,permanent_exclusion_rate,2025,by_ethnicity,Mixed,,4.0,969.0,0.4128,,0.4128,100,,"DfE, Suspensions and permanent exclusions in England",academic year 2024/25,released
E08000037,permanent_exclusion_rate,2025,overall,,,62.0,28595.0,0.21682,,0.21682,100,,"DfE, Suspensions and permanent exclusions in England",academic year 2024/25,released
E08000037,permanent_exclusion_rate,2025,by_ethnicity,Other,,1.0,996.0,0.1004,,0.1004,100,,"DfE, Suspensions and permanent exclusions in England",academic year 2024/25,released
E08000037,permanent_exclusion_rate,2025,by_ethnicity,White,,54.0,23613.0,0.22869,,0.22869,100,,"DfE, Suspensions and permanent exclusions in England",academic year 2024/25,released
E09000001,permanent_exclusion_rate,2024,by_ethnicity,Asian,,0.0,104.0,0.0,,0.0,100,,"DfE, Suspensions and permanent exclusions in England",academic year 2023/24,released
E09000001,permanent_exclusion_rate,2024,by_ethnicity,Black,,0.0,15.0,0.0,,0.0,100,,"DfE, Suspensions and permanent exclusions in England",academic year 2023/24,released
E09000001,permanent_exclusion_rate,2024,by_ethnicity,Mixed,,0.0,43.0,0.0,,0.0,100,,"DfE, Suspensions and permanent exclusions in England",academic year 2023/24,released
E09000001,permanent_exclusion_rate,2024,overall,,,0.0,244.0,0.0,,0.0,100,,"DfE, Suspensions and permanent exclusions in England",academic year 2023/24,released
E09000001,permanent_exclusion_rate,2024,by_ethnicity,Other,,0.0,17.0,0.0,,0.0,100,,"DfE, Suspensions and permanent exclusions in England",academic year 2023/24,released
E09000001,permanent_exclusion_rate,2024,by_ethnicity,White,,0.0,65.0,0.0,,0.0,100,,"DfE, Suspensions and permanent exclusions in England",academic year 2023/24,released
E09000001,permanent_exclusion_rate,2025,by_ethnicity,Asian,,0.0,103.0,0.0,,0.0,100,,"DfE, Suspensions and permanent exclusions in England",academic year 2024/25,released
E09000001,permanent_exclusion_rate,2025,by_ethnicity,Black,,0.0,12.0,0.0,,0.0,100,,"DfE, Suspensions and permanent exclusions in England",academic year 2024/25,released
E09000001,permanent_exclusion_rate,2025,by_ethnicity,Mixed,,0.0,49.0,0.0,,0.0,100,,"DfE, Suspensions and permanent exclusions in England",academic year 2024/25,released
E09000001,permanent_exclusion_rate,2025,overall,,,0.0,249.0,0.0,,0.0,100,,"DfE, Suspensions and permanent exclusions in England",academic year 2024/25,released
E09000001,permanent_exclusion_rate,2025,by_ethnicity,Other,,0.0,15.0,0.0,,0.0,100,,"DfE, Suspensions and permanent exclusions in England",academic year 2024/25,released
E09000001,permanent_exclusion_rate,2025,by_ethnicity,White,,0.0,70.0,0.0,,0.0,100,,"DfE, Suspensions and permanent exclusions in England",academic year 2024/25,released
E09000002,permanent_exclusion_rate,2024,by_ethnicity,Asian,,7.0,14576.0,0.04802,,0.04802,100,,"DfE, Suspensions and permanent exclusions in England",academic year 2023/24,released
E09000002,permanent_exclusion_rate,2024,by_ethnicity,Black,,11.0,10812.0,0.10174,,0.10174,100,,"DfE, Suspensions and permanent exclusions in England",academic year 2023/24,released
E09000002,permanent_exclusion_rate,2024,by_ethnicity,Mixed,,4.0,4248.0,0.09416,,0.09416,100,,"DfE, Suspensions and permanent exclusions in England",academic year 2023/24,released
E09000002,permanent_exclusion_rate,2024,overall,,,34.0,45773.0,0.07428,,0.07428,100,,"DfE, Suspensions and permanent exclusions in England",academic year 2023/24,released
E09000002,permanent_exclusion_rate,2024,by_ethnicity,Other,,0.0,973.0,0.0,,0.0,100,,"DfE, Suspensions and permanent exclusions in England",academic year 2023/24,released
E09000002,permanent_exclusion_rate,2024,by_ethnicity,White,,12.0,14246.0,0.08423,,0.08423,100,,"DfE, Suspensions and permanent exclusions in England",academic year 2023/24,released
E09000002,permanent_exclusion_rate,2025,by_ethnicity,Asian,,4.0,15571.0,0.02569,,0.02569,100,,"DfE, Suspensions and permanent exclusions in England",academic year 2024/25,released
E09000002,permanent_exclusion_rate,2025,by_ethnicity,Black,,8.0,10751.0,0.07441,,0.07441,100,,"DfE, Suspensions and permanent exclusions in England",academic year 2024/25,released
E09000002,permanent_exclusion_rate,2025,by_ethnicity,Mixed,,4.0,4283.0,0.09339,,0.09339,100,,"DfE, Suspensions and permanent exclusions in England",academic year 2024/25,released
E09000002,permanent_exclusion_rate,2025,overall,,,35.0,46044.0,0.07601,,0.07601,100,,"DfE, Suspensions and permanent exclusions in England",academic year 2024/25,released
E09000002,permanent_exclusion_rate,2025,by_ethnicity,Other,,1.0,972.0,0.10288,,0.10288,100,,"DfE, Suspensions and permanent exclusions in England",academic year 2024/25,released
E09000002,permanent_exclusion_rate,2025,by_ethnicity,White,,17.0,13657.0,0.12448,,0.12448,100,,"DfE, Suspensions and permanent exclusions in England",academic year 2024/25,released
E09000003,permanent_exclusion_rate,2024,by_ethnicity,Asian,,0.0,9591.0,0.0,,0.0,100,,"DfE, Suspensions and permanent exclusions in England",academic year 2023/24,released
E09000003,permanent_exclusion_rate,2024,by_ethnicity,Black,,3.0,6213.0,0.04829,,0.04829,100,,"DfE, Suspensions and permanent exclusions in England",academic year 2023/24,released
E09000003,permanent_exclusion_rate,2024,by_ethnicity,Mixed,,3.0,7173.0,0.04182,,0.04182,100,,"DfE, Suspensions and permanent exclusions in England",academic year 2023/24,released
E09000003,permanent_exclusion_rate,2024,overall,,,22.0,61786.0,0.03561,,0.03561,100,,"DfE, Suspensions and permanent exclusions in England",academic year 2023/24,released
E09000003,permanent_exclusion_rate,2024,by_ethnicity,Other,,10.0,7258.0,0.13778,,0.13778,100,,"DfE, Suspensions and permanent exclusions in England",academic year 2023/24,released
E09000003,permanent_exclusion_rate,2024,by_ethnicity,White,,6.0,29794.0,0.02014,,0.02014,100,,"DfE, Suspensions and permanent exclusions in England",academic year 2023/24,released
E09000003,permanent_exclusion_rate,2025,by_ethnicity,Asian,,2.0,9644.0,0.02074,,0.02074,100,,"DfE, Suspensions and permanent exclusions in England",academic year 2024/25,released
E09000003,permanent_exclusion_rate,2025,by_ethnicity,Black,,3.0,6136.0,0.04889,,0.04889,100,,"DfE, Suspensions and permanent exclusions in England",academic year 2024/25,released
E09000003,permanent_exclusion_rate,2025,by_ethnicity,Mixed,,5.0,7309.0,0.06841,,0.06841,100,,"DfE, Suspensions and permanent exclusions in England",academic year 2024/25,released
E09000003,permanent_exclusion_rate,2025,overall,,,27.0,61380.0,0.04399,,0.04399,100,,"DfE, Suspensions and permanent exclusions in England",academic year 2024/25,released
E09000003,permanent_exclusion_rate,2025,by_ethnicity,Other,,6.0,7416.0,0.08091,,0.08091,100,,"DfE, Suspensions and permanent exclusions in England",academic year 2024/25,released
E09000003,permanent_exclusion_rate,2025,by_ethnicity,White,,8.0,29190.0,0.02741,,0.02741,100,,"DfE, Suspensions and permanent exclusions in England",academic year 2024/25,released
E09000004,permanent_exclusion_rate,2024,by_ethnicity,Asian,,1.0,5894.0,0.01697,,0.01697,100,,"DfE, Suspensions and permanent exclusions in England",academic year 2023/24,released
E09000004,permanent_exclusion_rate,2024,by_ethnicity,Black,,8.0,7580.0,0.10554,,0.10554,100,,"DfE, Suspensions and permanent exclusions in England",academic year 2023/24,released
E09000004,permanent_exclusion_rate,2024,by_ethnicity,Mixed,,8.0,4357.0,0.18361,,0.18361,100,,"DfE, Suspensions and permanent exclusions in England",academic year 2023/24,released
E09000004,permanent_exclusion_rate,2024,overall,,,50.0,43318.0,0.11543,,0.11543,100,,"DfE, Suspensions and permanent exclusions in England",academic year 2023/24,released
E09000004,permanent_exclusion_rate,2024,by_ethnicity,Other,,1.0,677.0,0.14771,,0.14771,100,,"DfE, Suspensions and permanent exclusions in England",academic year 2023/24,released
E09000004,permanent_exclusion_rate,2024,by_ethnicity,White,,32.0,24073.0,0.13293,,0.13293,100,,"DfE, Suspensions and permanent exclusions in England",academic year 2023/24,released
E09000004,permanent_exclusion_rate,2025,by_ethnicity,Asian,,0.0,6265.0,0.0,,0.0,100,,"DfE, Suspensions and permanent exclusions in England",academic year 2024/25,released
E09000004,permanent_exclusion_rate,2025,by_ethnicity,Black,,7.0,7715.0,0.09073,,0.09073,100,,"DfE, Suspensions and permanent exclusions in England",academic year 2024/25,released
E09000004,permanent_exclusion_rate,2025,by_ethnicity,Mixed,,2.0,4452.0,0.04492,,0.04492,100,,"DfE, Suspensions and permanent exclusions in England",academic year 2024/25,released
E09000004,permanent_exclusion_rate,2025,overall,,,30.0,42935.0,0.06987,,0.06987,100,,"DfE, Suspensions and permanent exclusions in England",academic year 2024/25,released
E09000004,permanent_exclusion_rate,2025,by_ethnicity,Other,,1.0,712.0,0.14045,,0.14045,100,,"DfE, Suspensions and permanent exclusions in England",academic year 2024/25,released
E09000004,permanent_exclusion_rate,2025,by_ethnicity,White,,19.0,23131.0,0.08214,,0.08214,100,,"DfE, Suspensions and permanent exclusions in England",academic year 2024/25,released
E09000005,permanent_exclusion_rate,2024,by_ethnicity,Asian,,4.0,15621.0,0.02561,,0.02561,100,,"DfE, Suspensions and permanent exclusions in England",academic year 2023/24,released
E09000005,permanent_exclusion_rate,2024,by_ethnicity,Black,,4.0,8505.0,0.04703,,0.04703,100,,"DfE, Suspensions and permanent exclusions in England",academic year 2023/24,released
E09000005,permanent_exclusion_rate,2024,by_ethnicity,Mixed,,7.0,3932.0,0.17803,,0.17803,100,,"DfE, Suspensions and permanent exclusions in England",academic year 2023/24,released
E09000005,permanent_exclusion_rate,2024,overall,,,30.0,48293.0,0.06212,,0.06212,100,,"DfE, Suspensions and permanent exclusions in England",academic year 2023/24,released
E09000005,permanent_exclusion_rate,2024,by_ethnicity,Other,,6.0,6827.0,0.08789,,0.08789,100,,"DfE, Suspensions and permanent exclusions in England",academic year 2023/24,released
E09000005,permanent_exclusion_rate,2024,by_ethnicity,White,,7.0,12424.0,0.05634,,0.05634,100,,"DfE, Suspensions and permanent exclusions in England",academic year 2023/24,released
E09000005,permanent_exclusion_rate,2025,by_ethnicity,Asian,,2.0,15614.0,0.01281,,0.01281,100,,"DfE, Suspensions and permanent exclusions in England",academic year 2024/25,released
E09000005,permanent_exclusion_rate,2025,by_ethnicity,Black,,8.0,8236.0,0.09713,,0.09713,100,,"DfE, Suspensions and permanent exclusions in England",academic year 2024/25,released
E09000005,permanent_exclusion_rate,2025,by_ethnicity,Mixed,,1.0,4076.0,0.02453,,0.02453,100,,"DfE, Suspensions and permanent exclusions in England",academic year 2024/25,released
E09000005,permanent_exclusion_rate,2025,overall,,,20.0,48390.0,0.04133,,0.04133,100,,"DfE, Suspensions and permanent exclusions in England",academic year 2024/25,released
E09000005,permanent_exclusion_rate,2025,by_ethnicity,Other,,5.0,7245.0,0.06901,,0.06901,100,,"DfE, Suspensions and permanent exclusions in England",academic year 2024/25,released
E09000005,permanent_exclusion_rate,2025,by_ethnicity,White,,4.0,12331.0,0.03244,,0.03244,100,,"DfE, Suspensions and permanent exclusions in England",academic year 2024/25,released
E09000006,permanent_exclusion_rate,2024,by_ethnicity,Asian,,0.0,5572.0,0.0,,0.0,100,,"DfE, Suspensions and permanent exclusions in England",academic year 2023/24,released
E09000006,permanent_exclusion_rate,2024,by_ethnicity,Black,,5.0,5855.0,0.0854,,0.0854,100,,"DfE, Suspensions and permanent exclusions in England",academic year 2023/24,released
E09000006,permanent_exclusion_rate,2024,by_ethnicity,Mixed,,11.0,6860.0,0.16035,,0.16035,100,,"DfE, Suspensions and permanent exclusions in England",academic year 2023/24,released
E09000006,permanent_exclusion_rate,2024,overall,,,45.0,53170.0,0.08463,,0.08463,100,,"DfE, Suspensions and permanent exclusions in England",academic year 2023/24,released
E09000006,permanent_exclusion_rate,2024,by_ethnicity,Other,,0.0,908.0,0.0,,0.0,100,,"DfE, Suspensions and permanent exclusions in England",academic year 2023/24,released
E09000006,permanent_exclusion_rate,2024,by_ethnicity,White,,26.0,32717.0,0.07947,,0.07947,100,,"DfE, Suspensions and permanent exclusions in England",academic year 2023/24,released
E09000006,permanent_exclusion_rate,2025,by_ethnicity,Asian,,1.0,5807.0,0.01722,,0.01722,100,,"DfE, Suspensions and permanent exclusions in England",academic year 2024/25,released
E09000006,permanent_exclusion_rate,2025,by_ethnicity,Black,,4.0,6006.0,0.0666,,0.0666,100,,"DfE, Suspensions and permanent exclusions in England",academic year 2024/25,released
E09000006,permanent_exclusion_rate,2025,by_ethnicity,Mixed,,5.0,7056.0,0.07086,,0.07086,100,,"DfE, Suspensions and permanent exclusions in England",academic year 2024/25,released
E09000006,permanent_exclusion_rate,2025,overall,,,20.0,53033.0,0.03771,,0.03771,100,,"DfE, Suspensions and permanent exclusions in England",academic year 2024/25,released
E09000006,permanent_exclusion_rate,2025,by_ethnicity,Other,,0.0,996.0,0.0,,0.0,100,,"DfE, Suspensions and permanent exclusions in England",academic year 2024/25,released
E09000006,permanent_exclusion_rate,2025,by_ethnicity,White,,10.0,32032.0,0.03122,,0.03122,100,,"DfE, Suspensions and permanent exclusions in England",academic year 2024/25,released
E09000007,permanent_exclusion_rate,2024,by_ethnicity,Asian,,2.0,3975.0,0.05031,,0.05031,100,,"DfE, Suspensions and permanent exclusions in England",academic year 2023/24,released
E09000007,permanent_exclusion_rate,2024,by_ethnicity,Black,,7.0,3506.0,0.19966,,0.19966,100,,"DfE, Suspensions and permanent exclusions in England",academic year 2023/24,released
E09000007,permanent_exclusion_rate,2024,by_ethnicity,Mixed,,4.0,3074.0,0.13012,,0.13012,100,,"DfE, Suspensions and permanent exclusions in England",academic year 2023/24,released
E09000007,permanent_exclusion_rate,2024,overall,,,25.0,20838.0,0.11997,,0.11997,100,,"DfE, Suspensions and permanent exclusions in England",academic year 2023/24,released
E09000007,permanent_exclusion_rate,2024,by_ethnicity,Other,,4.0,1717.0,0.23296,,0.23296,100,,"DfE, Suspensions and permanent exclusions in England",academic year 2023/24,released
E09000007,permanent_exclusion_rate,2024,by_ethnicity,White,,7.0,7977.0,0.08775,,0.08775,100,,"DfE, Suspensions and permanent exclusions in England",academic year 2023/24,released
E09000007,permanent_exclusion_rate,2025,by_ethnicity,Asian,,2.0,3888.0,0.05144,,0.05144,100,,"DfE, Suspensions and permanent exclusions in England",academic year 2024/25,released
E09000007,permanent_exclusion_rate,2025,by_ethnicity,Black,,8.0,3348.0,0.23895,,0.23895,100,,"DfE, Suspensions and permanent exclusions in England",academic year 2024/25,released
E09000007,permanent_exclusion_rate,2025,by_ethnicity,Mixed,,5.0,3110.0,0.16077,,0.16077,100,,"DfE, Suspensions and permanent exclusions in England",academic year 2024/25,released
E09000007,permanent_exclusion_rate,2025,overall,,,28.0,20307.0,0.13788,,0.13788,100,,"DfE, Suspensions and permanent exclusions in England",academic year 2024/25,released
E09000007,permanent_exclusion_rate,2025,by_ethnicity,Other,,4.0,1714.0,0.23337,,0.23337,100,,"DfE, Suspensions and permanent exclusions in England",academic year 2024/25,released
E09000007,permanent_exclusion_rate,2025,by_ethnicity,White,,8.0,7738.0,0.10339,,0.10339,100,,"DfE, Suspensions and permanent exclusions in England",academic year 2024/25,released
E09000008,permanent_exclusion_rate,2024,by_ethnicity,Asian,,2.0,10436.0,0.01916,,0.01916,100,,"DfE, Suspensions and permanent exclusions in England",academic year 2023/24,released
E09000008,permanent_exclusion_rate,2024,by_ethnicity,Black,,15.0,15924.0,0.0942,,0.0942,100,,"DfE, Suspensions and permanent exclusions in England",academic year 2023/24,released
E09000008,permanent_exclusion_rate,2024,by_ethnicity,Mixed,,3.0,9220.0,0.03254,,0.03254,100,,"DfE, Suspensions and permanent exclusions in England",academic year 2023/24,released
E09000008,permanent_exclusion_rate,2024,overall,,,29.0,57701.0,0.05026,,0.05026,100,,"DfE, Suspensions and permanent exclusions in England",academic year 2023/24,released
E09000008,permanent_exclusion_rate,2024,by_ethnicity,Other,,0.0,1637.0,0.0,,0.0,100,,"DfE, Suspensions and permanent exclusions in England",academic year 2023/24,released
E09000008,permanent_exclusion_rate,2024,by_ethnicity,White,,9.0,18985.0,0.04741,,0.04741,100,,"DfE, Suspensions and permanent exclusions in England",academic year 2023/24,released
E09000008,permanent_exclusion_rate,2025,by_ethnicity,Asian,,1.0,10591.0,0.00944,,0.00944,100,,"DfE, Suspensions and permanent exclusions in England",academic year 2024/25,released
E09000008,permanent_exclusion_rate,2025,by_ethnicity,Black,,15.0,15884.0,0.09443,,0.09443,100,,"DfE, Suspensions and permanent exclusions in England",academic year 2024/25,released
E09000008,permanent_exclusion_rate,2025,by_ethnicity,Mixed,,11.0,9217.0,0.11934,,0.11934,100,,"DfE, Suspensions and permanent exclusions in England",academic year 2024/25,released
E09000008,permanent_exclusion_rate,2025,overall,,,43.0,56949.0,0.07551,,0.07551,100,,"DfE, Suspensions and permanent exclusions in England",academic year 2024/25,released
E09000008,permanent_exclusion_rate,2025,by_ethnicity,Other,,3.0,1704.0,0.17606,,0.17606,100,,"DfE, Suspensions and permanent exclusions in England",academic year 2024/25,released
E09000008,permanent_exclusion_rate,2025,by_ethnicity,White,,10.0,18229.0,0.05486,,0.05486,100,,"DfE, Suspensions and permanent exclusions in England",academic year 2024/25,released
E09000009,permanent_exclusion_rate,2024,by_ethnicity,Asian,,17.0,16673.0,0.10196,,0.10196,100,,"DfE, Suspensions and permanent exclusions in England",academic year 2023/24,released
E09000009,permanent_exclusion_rate,2024,by_ethnicity,Black,,7.0,6966.0,0.10049,,0.10049,100,,"DfE, Suspensions and permanent exclusions in England",academic year 2023/24,released
E09000009,permanent_exclusion_rate,2024,by_ethnicity,Mixed,,8.0,5319.0,0.1504,,0.1504,100,,"DfE, Suspensions and permanent exclusions in England",academic year 2023/24,released
E09000009,permanent_exclusion_rate,2024,overall,,,60.0,54630.0,0.10983,,0.10983,100,,"DfE, Suspensions and permanent exclusions in England",academic year 2023/24,released
E09000009,permanent_exclusion_rate,2024,by_ethnicity,Other,,17.0,9575.0,0.17755,,0.17755,100,,"DfE, Suspensions and permanent exclusions in England",academic year 2023/24,released
E09000009,permanent_exclusion_rate,2024,by_ethnicity,White,,9.0,15230.0,0.05909,,0.05909,100,,"DfE, Suspensions and permanent exclusions in England",academic year 2023/24,released
E09000009,permanent_exclusion_rate,2025,by_ethnicity,Asian,,8.0,16483.0,0.04853,,0.04853,100,,"DfE, Suspensions and permanent exclusions in England",academic year 2024/25,released
E09000009,permanent_exclusion_rate,2025,by_ethnicity,Black,,12.0,6872.0,0.17462,,0.17462,100,,"DfE, Suspensions and permanent exclusions in England",academic year 2024/25,released
E09000009,permanent_exclusion_rate,2025,by_ethnicity,Mixed,,4.0,5318.0,0.07522,,0.07522,100,,"DfE, Suspensions and permanent exclusions in England",academic year 2024/25,released
E09000009,permanent_exclusion_rate,2025,overall,,,45.0,54130.0,0.08313,,0.08313,100,,"DfE, Suspensions and permanent exclusions in England",academic year 2024/25,released
E09000009,permanent_exclusion_rate,2025,by_ethnicity,Other,,11.0,9826.0,0.11195,,0.11195,100,,"DfE, Suspensions and permanent exclusions in England",academic year 2024/25,released
E09000009,permanent_exclusion_rate,2025,by_ethnicity,White,,10.0,14793.0,0.0676,,0.0676,100,,"DfE, Suspensions and permanent exclusions in England",academic year 2024/25,released
E09000010,permanent_exclusion_rate,2024,by_ethnicity,Asian,,0.0,4890.0,0.0,,0.0,100,,"DfE, Suspensions and permanent exclusions in England",academic year 2023/24,released
E09000010,permanent_exclusion_rate,2024,by_ethnicity,Black,,2.0,11771.0,0.01699,,0.01699,100,,"DfE, Suspensions and permanent exclusions in England",academic year 2023/24,released
E09000010,permanent_exclusion_rate,2024,by_ethnicity,Mixed,,0.0,6633.0,0.0,,0.0,100,,"DfE, Suspensions and permanent exclusions in England",academic year 2023/24,released
E09000010,permanent_exclusion_rate,2024,overall,,,6.0,55763.0,0.01076,,0.01076,100,,"DfE, Suspensions and permanent exclusions in England",academic year 2023/24,released
E09000010,permanent_exclusion_rate,2024,by_ethnicity,Other,,0.0,3522.0,0.0,,0.0,100,,"DfE, Suspensions and permanent exclusions in England",academic year 2023/24,released
E09000010,permanent_exclusion_rate,2024,by_ethnicity,White,,3.0,26755.0,0.01121,,0.01121,100,,"DfE, Suspensions and permanent exclusions in England",academic year 2023/24,released
E09000010,permanent_exclusion_rate,2025,by_ethnicity,Asian,,0.0,4961.0,0.0,,0.0,100,,"DfE, Suspensions and permanent exclusions in England",academic year 2024/25,released
E09000010,permanent_exclusion_rate,2025,by_ethnicity,Black,,2.0,11557.0,0.01731,,0.01731,100,,"DfE, Suspensions and permanent exclusions in England",academic year 2024/25,released
E09000010,permanent_exclusion_rate,2025,by_ethnicity,Mixed,,1.0,6707.0,0.01491,,0.01491,100,,"DfE, Suspensions and permanent exclusions in England",academic year 2024/25,released
E09000010,permanent_exclusion_rate,2025,overall,,,10.0,54795.0,0.01825,,0.01825,100,,"DfE, Suspensions and permanent exclusions in England",academic year 2024/25,released
E09000010,permanent_exclusion_rate,2025,by_ethnicity,Other,,1.0,3593.0,0.02783,,0.02783,100,,"DfE, Suspensions and permanent exclusions in England",academic year 2024/25,released
E09000010,permanent_exclusion_rate,2025,by_ethnicity,White,,5.0,26061.0,0.01919,,0.01919,100,,"DfE, Suspensions and permanent exclusions in England",academic year 2024/25,released
E09000011,permanent_exclusion_rate,2024,by_ethnicity,Asian,,0.0,4875.0,0.0,,0.0,100,,"DfE, Suspensions and permanent exclusions in England",academic year 2023/24,released
E09000011,permanent_exclusion_rate,2024,by_ethnicity,Black,,3.0,12976.0,0.02312,,0.02312,100,,"DfE, Suspensions and permanent exclusions in England",academic year 2023/24,released
E09000011,permanent_exclusion_rate,2024,by_ethnicity,Mixed,,7.0,5798.0,0.12073,,0.12073,100,,"DfE, Suspensions and permanent exclusions in England",academic year 2023/24,released
E09000011,permanent_exclusion_rate,2024,overall,,,20.0,44478.0,0.04497,,0.04497,100,,"DfE, Suspensions and permanent exclusions in England",academic year 2023/24,released
E09000011,permanent_exclusion_rate,2024,by_ethnicity,Other,,0.0,1434.0,0.0,,0.0,100,,"DfE, Suspensions and permanent exclusions in England",academic year 2023/24,released
E09000011,permanent_exclusion_rate,2024,by_ethnicity,White,,10.0,18342.0,0.05452,,0.05452,100,,"DfE, Suspensions and permanent exclusions in England",academic year 2023/24,released
E09000011,permanent_exclusion_rate,2025,by_ethnicity,Asian,,0.0,4897.0,0.0,,0.0,100,,"DfE, Suspensions and permanent exclusions in England",academic year 2024/25,released
E09000011,permanent_exclusion_rate,2025,by_ethnicity,Black,,2.0,12645.0,0.01582,,0.01582,100,,"DfE, Suspensions and permanent exclusions in England",academic year 2024/25,released
E09000011,permanent_exclusion_rate,2025,by_ethnicity,Mixed,,5.0,5888.0,0.08492,,0.08492,100,,"DfE, Suspensions and permanent exclusions in England",academic year 2024/25,released
E09000011,permanent_exclusion_rate,2025,overall,,,26.0,43557.0,0.05969,,0.05969,100,,"DfE, Suspensions and permanent exclusions in England",academic year 2024/25,released
E09000011,permanent_exclusion_rate,2025,by_ethnicity,Other,,1.0,1438.0,0.06954,,0.06954,100,,"DfE, Suspensions and permanent exclusions in England",academic year 2024/25,released
E09000011,permanent_exclusion_rate,2025,by_ethnicity,White,,16.0,17707.0,0.09036,,0.09036,100,,"DfE, Suspensions and permanent exclusions in England",academic year 2024/25,released
E09000012,permanent_exclusion_rate,2024,by_ethnicity,Asian,,4.0,3910.0,0.1023,,0.1023,100,,"DfE, Suspensions and permanent exclusions in England",academic year 2023/24,released
E09000012,permanent_exclusion_rate,2024,by_ethnicity,Black,,22.0,10342.0,0.21272,,0.21272,100,,"DfE, Suspensions and permanent exclusions in England",academic year 2023/24,released
E09000012,permanent_exclusion_rate,2024,by_ethnicity,Mixed,,10.0,4281.0,0.23359,,0.23359,100,,"DfE, Suspensions and permanent exclusions in England",academic year 2023/24,released
E09000012,permanent_exclusion_rate,2024,overall,,,52.0,32946.0,0.15783,,0.15783,100,,"DfE, Suspensions and permanent exclusions in England",academic year 2023/24,released
E09000012,permanent_exclusion_rate,2024,by_ethnicity,Other,,4.0,2136.0,0.18727,,0.18727,100,,"DfE, Suspensions and permanent exclusions in England",academic year 2023/24,released
E09000012,permanent_exclusion_rate,2024,by_ethnicity,White,,12.0,11796.0,0.10173,,0.10173,100,,"DfE, Suspensions and permanent exclusions in England",academic year 2023/24,released
E09000012,permanent_exclusion_rate,2025,by_ethnicity,Asian,,1.0,3714.0,0.02693,,0.02693,100,,"DfE, Suspensions and permanent exclusions in England",academic year 2024/25,released
E09000012,permanent_exclusion_rate,2025,by_ethnicity,Black,,22.0,9853.0,0.22328,,0.22328,100,,"DfE, Suspensions and permanent exclusions in England",academic year 2024/25,released
E09000012,permanent_exclusion_rate,2025,by_ethnicity,Mixed,,10.0,4426.0,0.22594,,0.22594,100,,"DfE, Suspensions and permanent exclusions in England",academic year 2024/25,released
E09000012,permanent_exclusion_rate,2025,overall,,,50.0,32217.0,0.1552,,0.1552,100,,"DfE, Suspensions and permanent exclusions in England",academic year 2024/25,released
E09000012,permanent_exclusion_rate,2025,by_ethnicity,Other,,2.0,2117.0,0.09447,,0.09447,100,,"DfE, Suspensions and permanent exclusions in England",academic year 2024/25,released
E09000012,permanent_exclusion_rate,2025,by_ethnicity,White,,13.0,11620.0,0.11188,,0.11188,100,,"DfE, Suspensions and permanent exclusions in England",academic year 2024/25,released
E09000013,permanent_exclusion_rate,2024,by_ethnicity,Asian,,0.0,1715.0,0.0,,0.0,100,,"DfE, Suspensions and permanent exclusions in England",academic year 2023/24,released
E09000013,permanent_exclusion_rate,2024,by_ethnicity,Black,,10.0,3977.0,0.25145,,0.25145,100,,"DfE, Suspensions and permanent exclusions in England",academic year 2023/24,released
E09000013,permanent_exclusion_rate,2024,by_ethnicity,Mixed,,8.0,2901.0,0.27577,,0.27577,100,,"DfE, Suspensions and permanent exclusions in England",academic year 2023/24,released
E09000013,permanent_exclusion_rate,2024,overall,,,30.0,19849.0,0.15114,,0.15114,100,,"DfE, Suspensions and permanent exclusions in England",academic year 2023/24,released
E09000013,permanent_exclusion_rate,2024,by_ethnicity,Other,,4.0,2455.0,0.16293,,0.16293,100,,"DfE, Suspensions and permanent exclusions in England",academic year 2023/24,released
E09000013,permanent_exclusion_rate,2024,by_ethnicity,White,,6.0,7903.0,0.07592,,0.07592,100,,"DfE, Suspensions and permanent exclusions in England",academic year 2023/24,released
E09000013,permanent_exclusion_rate,2025,by_ethnicity,Asian,,0.0,1777.0,0.0,,0.0,100,,"DfE, Suspensions and permanent exclusions in England",academic year 2024/25,released
E09000013,permanent_exclusion_rate,2025,by_ethnicity,Black,,5.0,3912.0,0.12781,,0.12781,100,,"DfE, Suspensions and permanent exclusions in England",academic year 2024/25,released
E09000013,permanent_exclusion_rate,2025,by_ethnicity,Mixed,,7.0,2872.0,0.24373,,0.24373,100,,"DfE, Suspensions and permanent exclusions in England",academic year 2024/25,released
E09000013,permanent_exclusion_rate,2025,overall,,,18.0,19472.0,0.09244,,0.09244,100,,"DfE, Suspensions and permanent exclusions in England",academic year 2024/25,released
E09000013,permanent_exclusion_rate,2025,by_ethnicity,Other,,1.0,2356.0,0.04244,,0.04244,100,,"DfE, Suspensions and permanent exclusions in England",academic year 2024/25,released
E09000013,permanent_exclusion_rate,2025,by_ethnicity,White,,5.0,7742.0,0.06458,,0.06458,100,,"DfE, Suspensions and permanent exclusions in England",academic year 2024/25,released
E09000014,permanent_exclusion_rate,2024,by_ethnicity,Asian,,0.0,2649.0,0.0,,0.0,100,,"DfE, Suspensions and permanent exclusions in England",academic year 2023/24,released
E09000014,permanent_exclusion_rate,2024,by_ethnicity,Black,,1.0,7700.0,0.01299,,0.01299,100,,"DfE, Suspensions and permanent exclusions in England",academic year 2023/24,released
E09000014,permanent_exclusion_rate,2024,by_ethnicity,Mixed,,1.0,5030.0,0.01988,,0.01988,100,,"DfE, Suspensions and permanent exclusions in England",academic year 2023/24,released
E09000014,permanent_exclusion_rate,2024,overall,,,3.0,37531.0,0.00799,,0.00799,100,,"DfE, Suspensions and permanent exclusions in England",academic year 2023/24,released
E09000014,permanent_exclusion_rate,2024,by_ethnicity,Other,,0.0,3176.0,0.0,,0.0,100,,"DfE, Suspensions and permanent exclusions in England",academic year 2023/24,released
E09000014,permanent_exclusion_rate,2024,by_ethnicity,White,,0.0,17316.0,0.0,,0.0,100,,"DfE, Suspensions and permanent exclusions in England",academic year 2023/24,released
E09000014,permanent_exclusion_rate,2025,by_ethnicity,Asian,,0.0,2592.0,0.0,,0.0,100,,"DfE, Suspensions and permanent exclusions in England",academic year 2024/25,released
E09000014,permanent_exclusion_rate,2025,by_ethnicity,Black,,3.0,7556.0,0.0397,,0.0397,100,,"DfE, Suspensions and permanent exclusions in England",academic year 2024/25,released
E09000014,permanent_exclusion_rate,2025,by_ethnicity,Mixed,,0.0,5126.0,0.0,,0.0,100,,"DfE, Suspensions and permanent exclusions in England",academic year 2024/25,released
E09000014,permanent_exclusion_rate,2025,overall,,,6.0,36937.0,0.01624,,0.01624,100,,"DfE, Suspensions and permanent exclusions in England",academic year 2024/25,released
E09000014,permanent_exclusion_rate,2025,by_ethnicity,Other,,1.0,3195.0,0.0313,,0.0313,100,,"DfE, Suspensions and permanent exclusions in England",academic year 2024/25,released
E09000014,permanent_exclusion_rate,2025,by_ethnicity,White,,1.0,16996.0,0.00588,,0.00588,100,,"DfE, Suspensions and permanent exclusions in England",academic year 2024/25,released
E09000015,permanent_exclusion_rate,2024,by_ethnicity,Asian,,7.0,20129.0,0.03478,,0.03478,100,,"DfE, Suspensions and permanent exclusions in England",academic year 2023/24,released
E09000015,permanent_exclusion_rate,2024,by_ethnicity,Black,,7.0,3049.0,0.22958,,0.22958,100,,"DfE, Suspensions and permanent exclusions in England",academic year 2023/24,released
E09000015,permanent_exclusion_rate,2024,by_ethnicity,Mixed,,2.0,3224.0,0.06203,,0.06203,100,,"DfE, Suspensions and permanent exclusions in England",academic year 2023/24,released
E09000015,permanent_exclusion_rate,2024,overall,,,30.0,39049.0,0.07683,,0.07683,100,,"DfE, Suspensions and permanent exclusions in England",academic year 2023/24,released
E09000015,permanent_exclusion_rate,2024,by_ethnicity,Other,,9.0,2139.0,0.42076,,0.42076,100,,"DfE, Suspensions and permanent exclusions in England",academic year 2023/24,released
E09000015,permanent_exclusion_rate,2024,by_ethnicity,White,,4.0,9894.0,0.04043,,0.04043,100,,"DfE, Suspensions and permanent exclusions in England",academic year 2023/24,released
E09000015,permanent_exclusion_rate,2025,by_ethnicity,Asian,,11.0,20152.0,0.05459,,0.05459,100,,"DfE, Suspensions and permanent exclusions in England",academic year 2024/25,released
E09000015,permanent_exclusion_rate,2025,by_ethnicity,Black,,0.0,2976.0,0.0,,0.0,100,,"DfE, Suspensions and permanent exclusions in England",academic year 2024/25,released
E09000015,permanent_exclusion_rate,2025,by_ethnicity,Mixed,,2.0,3243.0,0.06167,,0.06167,100,,"DfE, Suspensions and permanent exclusions in England",academic year 2024/25,released
E09000015,permanent_exclusion_rate,2025,overall,,,22.0,38737.0,0.05679,,0.05679,100,,"DfE, Suspensions and permanent exclusions in England",academic year 2024/25,released
E09000015,permanent_exclusion_rate,2025,by_ethnicity,Other,,2.0,2297.0,0.08707,,0.08707,100,,"DfE, Suspensions and permanent exclusions in England",academic year 2024/25,released
E09000015,permanent_exclusion_rate,2025,by_ethnicity,White,,7.0,9496.0,0.07372,,0.07372,100,,"DfE, Suspensions and permanent exclusions in England",academic year 2024/25,released
E09000016,permanent_exclusion_rate,2024,by_ethnicity,Asian,,1.0,6255.0,0.01599,,0.01599,100,,"DfE, Suspensions and permanent exclusions in England",academic year 2023/24,released
E09000016,permanent_exclusion_rate,2024,by_ethnicity,Black,,5.0,4692.0,0.10656,,0.10656,100,,"DfE, Suspensions and permanent exclusions in England",academic year 2023/24,released
E09000016,permanent_exclusion_rate,2024,by_ethnicity,Mixed,,8.0,3854.0,0.20758,,0.20758,100,,"DfE, Suspensions and permanent exclusions in England",academic year 2023/24,released
E09000016,permanent_exclusion_rate,2024,overall,,,29.0,43013.0,0.06742,,0.06742,100,,"DfE, Suspensions and permanent exclusions in England",academic year 2023/24,released
E09000016,permanent_exclusion_rate,2024,by_ethnicity,Other,,0.0,553.0,0.0,,0.0,100,,"DfE, Suspensions and permanent exclusions in England",academic year 2023/24,released
E09000016,permanent_exclusion_rate,2024,by_ethnicity,White,,14.0,26986.0,0.05188,,0.05188,100,,"DfE, Suspensions and permanent exclusions in England",academic year 2023/24,released
E09000016,permanent_exclusion_rate,2025,by_ethnicity,Asian,,1.0,6899.0,0.01449,,0.01449,100,,"DfE, Suspensions and permanent exclusions in England",academic year 2024/25,released
E09000016,permanent_exclusion_rate,2025,by_ethnicity,Black,,6.0,4889.0,0.12272,,0.12272,100,,"DfE, Suspensions and permanent exclusions in England",academic year 2024/25,released
E09000016,permanent_exclusion_rate,2025,by_ethnicity,Mixed,,7.0,3975.0,0.1761,,0.1761,100,,"DfE, Suspensions and permanent exclusions in England",academic year 2024/25,released
E09000016,permanent_exclusion_rate,2025,overall,,,35.0,43260.0,0.08091,,0.08091,100,,"DfE, Suspensions and permanent exclusions in England",academic year 2024/25,released
E09000016,permanent_exclusion_rate,2025,by_ethnicity,Other,,0.0,603.0,0.0,,0.0,100,,"DfE, Suspensions and permanent exclusions in England",academic year 2024/25,released
E09000016,permanent_exclusion_rate,2025,by_ethnicity,White,,20.0,26228.0,0.07625,,0.07625,100,,"DfE, Suspensions and permanent exclusions in England",academic year 2024/25,released
E09000017,permanent_exclusion_rate,2024,by_ethnicity,Asian,,3.0,17056.0,0.01759,,0.01759,100,,"DfE, Suspensions and permanent exclusions in England",academic year 2023/24,released
E09000017,permanent_exclusion_rate,2024,by_ethnicity,Black,,8.0,5021.0,0.15933,,0.15933,100,,"DfE, Suspensions and permanent exclusions in England",academic year 2023/24,released
E09000017,permanent_exclusion_rate,2024,by_ethnicity,Mixed,,9.0,7348.0,0.12248,,0.12248,100,,"DfE, Suspensions and permanent exclusions in England",academic year 2023/24,released
E09000017,permanent_exclusion_rate,2024,overall,,,36.0,53027.0,0.06789,,0.06789,100,,"DfE, Suspensions and permanent exclusions in England",academic year 2023/24,released
E09000017,permanent_exclusion_rate,2024,by_ethnicity,Other,,2.0,4846.0,0.04127,,0.04127,100,,"DfE, Suspensions and permanent exclusions in England",academic year 2023/24,released
E09000017,permanent_exclusion_rate,2024,by_ethnicity,White,,14.0,17742.0,0.07891,,0.07891,100,,"DfE, Suspensions and permanent exclusions in England",academic year 2023/24,released
E09000017,permanent_exclusion_rate,2025,by_ethnicity,Asian,,2.0,17198.0,0.01163,,0.01163,100,,"DfE, Suspensions and permanent exclusions in England",academic year 2024/25,released
E09000017,permanent_exclusion_rate,2025,by_ethnicity,Black,,5.0,4990.0,0.1002,,0.1002,100,,"DfE, Suspensions and permanent exclusions in England",academic year 2024/25,released
E09000017,permanent_exclusion_rate,2025,by_ethnicity,Mixed,,6.0,7414.0,0.08093,,0.08093,100,,"DfE, Suspensions and permanent exclusions in England",academic year 2024/25,released
E09000017,permanent_exclusion_rate,2025,overall,,,24.0,52582.0,0.04564,,0.04564,100,,"DfE, Suspensions and permanent exclusions in England",academic year 2024/25,released
E09000017,permanent_exclusion_rate,2025,by_ethnicity,Other,,2.0,4969.0,0.04025,,0.04025,100,,"DfE, Suspensions and permanent exclusions in England",academic year 2024/25,released
E09000017,permanent_exclusion_rate,2025,by_ethnicity,White,,8.0,17018.0,0.04701,,0.04701,100,,"DfE, Suspensions and permanent exclusions in England",academic year 2024/25,released
E09000018,permanent_exclusion_rate,2024,by_ethnicity,Asian,,8.0,17244.0,0.04639,,0.04639,100,,"DfE, Suspensions and permanent exclusions in England",academic year 2023/24,released
E09000018,permanent_exclusion_rate,2024,by_ethnicity,Black,,8.0,4461.0,0.17933,,0.17933,100,,"DfE, Suspensions and permanent exclusions in England",academic year 2023/24,released
E09000018,permanent_exclusion_rate,2024,by_ethnicity,Mixed,,12.0,4483.0,0.26768,,0.26768,100,,"DfE, Suspensions and permanent exclusions in England",academic year 2023/24,released
E09000018,permanent_exclusion_rate,2024,overall,,,45.0,45875.0,0.09809,,0.09809,100,,"DfE, Suspensions and permanent exclusions in England",academic year 2023/24,released
E09000018,permanent_exclusion_rate,2024,by_ethnicity,Other,,3.0,5293.0,0.05668,,0.05668,100,,"DfE, Suspensions and permanent exclusions in England",academic year 2023/24,released
E09000018,permanent_exclusion_rate,2024,by_ethnicity,White,,14.0,13236.0,0.10577,,0.10577,100,,"DfE, Suspensions and permanent exclusions in England",academic year 2023/24,released
E09000018,permanent_exclusion_rate,2025,by_ethnicity,Asian,,3.0,17660.0,0.01699,,0.01699,100,,"DfE, Suspensions and permanent exclusions in England",academic year 2024/25,released
E09000018,permanent_exclusion_rate,2025,by_ethnicity,Black,,7.0,4408.0,0.1588,,0.1588,100,,"DfE, Suspensions and permanent exclusions in England",academic year 2024/25,released
E09000018,permanent_exclusion_rate,2025,by_ethnicity,Mixed,,8.0,4620.0,0.17316,,0.17316,100,,"DfE, Suspensions and permanent exclusions in England",academic year 2024/25,released
E09000018,permanent_exclusion_rate,2025,overall,,,47.0,45425.0,0.10347,,0.10347,100,,"DfE, Suspensions and permanent exclusions in England",academic year 2024/25,released
E09000018,permanent_exclusion_rate,2025,by_ethnicity,Other,,5.0,5265.0,0.09497,,0.09497,100,,"DfE, Suspensions and permanent exclusions in England",academic year 2024/25,released
E09000018,permanent_exclusion_rate,2025,by_ethnicity,White,,21.0,12639.0,0.16615,,0.16615,100,,"DfE, Suspensions and permanent exclusions in England",academic year 2024/25,released
E09000019,permanent_exclusion_rate,2024,by_ethnicity,Asian,,0.0,2041.0,0.0,,0.0,100,,"DfE, Suspensions and permanent exclusions in England",academic year 2023/24,released
E09000019,permanent_exclusion_rate,2024,by_ethnicity,Black,,6.0,5286.0,0.11351,,0.11351,100,,"DfE, Suspensions and permanent exclusions in England",academic year 2023/24,released
E09000019,permanent_exclusion_rate,2024,by_ethnicity,Mixed,,3.0,4174.0,0.07187,,0.07187,100,,"DfE, Suspensions and permanent exclusions in England",academic year 2023/24,released
E09000019,permanent_exclusion_rate,2024,overall,,,16.0,23146.0,0.06913,,0.06913,100,,"DfE, Suspensions and permanent exclusions in England",academic year 2023/24,released
E09000019,permanent_exclusion_rate,2024,by_ethnicity,Other,,0.0,1768.0,0.0,,0.0,100,,"DfE, Suspensions and permanent exclusions in England",academic year 2023/24,released
E09000019,permanent_exclusion_rate,2024,by_ethnicity,White,,7.0,9537.0,0.0734,,0.0734,100,,"DfE, Suspensions and permanent exclusions in England",academic year 2023/24,released
E09000019,permanent_exclusion_rate,2025,by_ethnicity,Asian,,0.0,1966.0,0.0,,0.0,100,,"DfE, Suspensions and permanent exclusions in England",academic year 2024/25,released
E09000019,permanent_exclusion_rate,2025,by_ethnicity,Black,,2.0,5194.0,0.03851,,0.03851,100,,"DfE, Suspensions and permanent exclusions in England",academic year 2024/25,released
E09000019,permanent_exclusion_rate,2025,by_ethnicity,Mixed,,3.0,4192.0,0.07156,,0.07156,100,,"DfE, Suspensions and permanent exclusions in England",academic year 2024/25,released
E09000019,permanent_exclusion_rate,2025,overall,,,8.0,22737.0,0.03518,,0.03518,100,,"DfE, Suspensions and permanent exclusions in England",academic year 2024/25,released
E09000019,permanent_exclusion_rate,2025,by_ethnicity,Other,,0.0,1809.0,0.0,,0.0,100,,"DfE, Suspensions and permanent exclusions in England",academic year 2024/25,released
E09000019,permanent_exclusion_rate,2025,by_ethnicity,White,,3.0,9225.0,0.03252,,0.03252,100,,"DfE, Suspensions and permanent exclusions in England",academic year 2024/25,released
E09000020,permanent_exclusion_rate,2024,by_ethnicity,Asian,,0.0,693.0,0.0,,0.0,100,,"DfE, Suspensions and permanent exclusions in England",academic year 2023/24,released
E09000020,permanent_exclusion_rate,2024,by_ethnicity,Black,,4.0,2261.0,0.17691,,0.17691,100,,"DfE, Suspensions and permanent exclusions in England",academic year 2023/24,released
E09000020,permanent_exclusion_rate,2024,by_ethnicity,Mixed,,2.0,2519.0,0.0794,,0.0794,100,,"DfE, Suspensions and permanent exclusions in England",academic year 2023/24,released
E09000020,permanent_exclusion_rate,2024,overall,,,10.0,12948.0,0.07723,,0.07723,100,,"DfE, Suspensions and permanent exclusions in England",academic year 2023/24,released
E09000020,permanent_exclusion_rate,2024,by_ethnicity,Other,,0.0,1987.0,0.0,,0.0,100,,"DfE, Suspensions and permanent exclusions in England",academic year 2023/24,released
E09000020,permanent_exclusion_rate,2024,by_ethnicity,White,,4.0,4905.0,0.08155,,0.08155,100,,"DfE, Suspensions and permanent exclusions in England",academic year 2023/24,released
E09000020,permanent_exclusion_rate,2025,by_ethnicity,Asian,,0.0,717.0,0.0,,0.0,100,,"DfE, Suspensions and permanent exclusions in England",academic year 2024/25,released
E09000020,permanent_exclusion_rate,2025,by_ethnicity,Black,,2.0,2218.0,0.09017,,0.09017,100,,"DfE, Suspensions and permanent exclusions in England",academic year 2024/25,released
E09000020,permanent_exclusion_rate,2025,by_ethnicity,Mixed,,1.0,2440.0,0.04098,,0.04098,100,,"DfE, Suspensions and permanent exclusions in England",academic year 2024/25,released
E09000020,permanent_exclusion_rate,2025,overall,,,5.0,12797.0,0.03907,,0.03907,100,,"DfE, Suspensions and permanent exclusions in England",academic year 2024/25,released
E09000020,permanent_exclusion_rate,2025,by_ethnicity,Other,,1.0,1950.0,0.05128,,0.05128,100,,"DfE, Suspensions and permanent exclusions in England",academic year 2024/25,released
E09000020,permanent_exclusion_rate,2025,by_ethnicity,White,,1.0,4918.0,0.02033,,0.02033,100,,"DfE, Suspensions and permanent exclusions in England",academic year 2024/25,released
E09000021,permanent_exclusion_rate,2024,by_ethnicity,Asian,,2.0,5857.0,0.03415,,0.03415,100,,"DfE, Suspensions and permanent exclusions in England",academic year 2023/24,released
E09000021,permanent_exclusion_rate,2024,by_ethnicity,Black,,0.0,812.0,0.0,,0.0,100,,"DfE, Suspensions and permanent exclusions in England",academic year 2023/24,released
E09000021,permanent_exclusion_rate,2024,by_ethnicity,Mixed,,0.0,3436.0,0.0,,0.0,100,,"DfE, Suspensions and permanent exclusions in England",academic year 2023/24,released
E09000021,permanent_exclusion_rate,2024,overall,,,8.0,26857.0,0.02979,,0.02979,100,,"DfE, Suspensions and permanent exclusions in England",academic year 2023/24,released
E09000021,permanent_exclusion_rate,2024,by_ethnicity,Other,,0.0,1603.0,0.0,,0.0,100,,"DfE, Suspensions and permanent exclusions in England",academic year 2023/24,released
E09000021,permanent_exclusion_rate,2024,by_ethnicity,White,,6.0,14573.0,0.04117,,0.04117,100,,"DfE, Suspensions and permanent exclusions in England",academic year 2023/24,released
E09000021,permanent_exclusion_rate,2025,by_ethnicity,Asian,,0.0,5768.0,0.0,,0.0,100,,"DfE, Suspensions and permanent exclusions in England",academic year 2024/25,released
E09000021,permanent_exclusion_rate,2025,by_ethnicity,Black,,0.0,894.0,0.0,,0.0,100,,"DfE, Suspensions and permanent exclusions in England",academic year 2024/25,released
E09000021,permanent_exclusion_rate,2025,by_ethnicity,Mixed,,1.0,3527.0,0.02835,,0.02835,100,,"DfE, Suspensions and permanent exclusions in England",academic year 2024/25,released
E09000021,permanent_exclusion_rate,2025,overall,,,9.0,26556.0,0.03389,,0.03389,100,,"DfE, Suspensions and permanent exclusions in England",academic year 2024/25,released
E09000021,permanent_exclusion_rate,2025,by_ethnicity,Other,,1.0,1581.0,0.06325,,0.06325,100,,"DfE, Suspensions and permanent exclusions in England",academic year 2024/25,released
E09000021,permanent_exclusion_rate,2025,by_ethnicity,White,,7.0,14318.0,0.04889,,0.04889,100,,"DfE, Suspensions and permanent exclusions in England",academic year 2024/25,released
E09000022,permanent_exclusion_rate,2024,by_ethnicity,Asian,,0.0,2135.0,0.0,,0.0,100,,"DfE, Suspensions and permanent exclusions in England",academic year 2023/24,released
E09000022,permanent_exclusion_rate,2024,by_ethnicity,Black,,5.0,13390.0,0.03734,,0.03734,100,,"DfE, Suspensions and permanent exclusions in England",academic year 2023/24,released
E09000022,permanent_exclusion_rate,2024,by_ethnicity,Mixed,,3.0,5622.0,0.05336,,0.05336,100,,"DfE, Suspensions and permanent exclusions in England",academic year 2023/24,released
E09000022,permanent_exclusion_rate,2024,overall,,,13.0,35289.0,0.03684,,0.03684,100,,"DfE, Suspensions and permanent exclusions in England",academic year 2023/24,released
E09000022,permanent_exclusion_rate,2024,by_ethnicity,Other,,0.0,2183.0,0.0,,0.0,100,,"DfE, Suspensions and permanent exclusions in England",academic year 2023/24,released
E09000022,permanent_exclusion_rate,2024,by_ethnicity,White,,3.0,10823.0,0.02772,,0.02772,100,,"DfE, Suspensions and permanent exclusions in England",academic year 2023/24,released
E09000022,permanent_exclusion_rate,2025,by_ethnicity,Asian,,1.0,2197.0,0.04552,,0.04552,100,,"DfE, Suspensions and permanent exclusions in England",academic year 2024/25,released
E09000022,permanent_exclusion_rate,2025,by_ethnicity,Black,,4.0,12879.0,0.03106,,0.03106,100,,"DfE, Suspensions and permanent exclusions in England",academic year 2024/25,released
E09000022,permanent_exclusion_rate,2025,by_ethnicity,Mixed,,3.0,5683.0,0.05279,,0.05279,100,,"DfE, Suspensions and permanent exclusions in England",academic year 2024/25,released
E09000022,permanent_exclusion_rate,2025,overall,,,11.0,34527.0,0.03186,,0.03186,100,,"DfE, Suspensions and permanent exclusions in England",academic year 2024/25,released
E09000022,permanent_exclusion_rate,2025,by_ethnicity,Other,,1.0,2162.0,0.04625,,0.04625,100,,"DfE, Suspensions and permanent exclusions in England",academic year 2024/25,released
E09000022,permanent_exclusion_rate,2025,by_ethnicity,White,,1.0,10490.0,0.00953,,0.00953,100,,"DfE, Suspensions and permanent exclusions in England",academic year 2024/25,released
E09000023,permanent_exclusion_rate,2024,by_ethnicity,Asian,,0.0,2767.0,0.0,,0.0,100,,"DfE, Suspensions and permanent exclusions in England",academic year 2023/24,released
E09000023,permanent_exclusion_rate,2024,by_ethnicity,Black,,7.0,11617.0,0.06026,,0.06026,100,,"DfE, Suspensions and permanent exclusions in England",academic year 2023/24,released
E09000023,permanent_exclusion_rate,2024,by_ethnicity,Mixed,,3.0,6694.0,0.04482,,0.04482,100,,"DfE, Suspensions and permanent exclusions in England",academic year 2023/24,released
E09000023,permanent_exclusion_rate,2024,overall,,,12.0,37622.0,0.0319,,0.0319,100,,"DfE, Suspensions and permanent exclusions in England",academic year 2023/24,released
E09000023,permanent_exclusion_rate,2024,by_ethnicity,Other,,0.0,1570.0,0.0,,0.0,100,,"DfE, Suspensions and permanent exclusions in England",academic year 2023/24,released
E09000023,permanent_exclusion_rate,2024,by_ethnicity,White,,1.0,13428.0,0.00745,,0.00745,100,,"DfE, Suspensions and permanent exclusions in England",academic year 2023/24,released
E09000023,permanent_exclusion_rate,2025,by_ethnicity,Asian,,0.0,2695.0,0.0,,0.0,100,,"DfE, Suspensions and permanent exclusions in England",academic year 2024/25,released
E09000023,permanent_exclusion_rate,2025,by_ethnicity,Black,,3.0,11488.0,0.02611,,0.02611,100,,"DfE, Suspensions and permanent exclusions in England",academic year 2024/25,released
E09000023,permanent_exclusion_rate,2025,by_ethnicity,Mixed,,6.0,6791.0,0.08835,,0.08835,100,,"DfE, Suspensions and permanent exclusions in England",academic year 2024/25,released
E09000023,permanent_exclusion_rate,2025,overall,,,15.0,37428.0,0.04008,,0.04008,100,,"DfE, Suspensions and permanent exclusions in England",academic year 2024/25,released
E09000023,permanent_exclusion_rate,2025,by_ethnicity,Other,,0.0,1636.0,0.0,,0.0,100,,"DfE, Suspensions and permanent exclusions in England",academic year 2024/25,released
E09000023,permanent_exclusion_rate,2025,by_ethnicity,White,,3.0,13388.0,0.02241,,0.02241,100,,"DfE, Suspensions and permanent exclusions in England",academic year 2024/25,released
E09000024,permanent_exclusion_rate,2024,by_ethnicity,Asian,,1.0,6027.0,0.01659,,0.01659,100,,"DfE, Suspensions and permanent exclusions in England",academic year 2023/24,released
E09000024,permanent_exclusion_rate,2024,by_ethnicity,Black,,3.0,3483.0,0.08613,,0.08613,100,,"DfE, Suspensions and permanent exclusions in England",academic year 2023/24,released
E09000024,permanent_exclusion_rate,2024,by_ethnicity,Mixed,,2.0,3610.0,0.0554,,0.0554,100,,"DfE, Suspensions and permanent exclusions in England",academic year 2023/24,released
E09000024,permanent_exclusion_rate,2024,overall,,,6.0,27827.0,0.02156,,0.02156,100,,"DfE, Suspensions and permanent exclusions in England",academic year 2023/24,released
E09000024,permanent_exclusion_rate,2024,by_ethnicity,Other,,0.0,946.0,0.0,,0.0,100,,"DfE, Suspensions and permanent exclusions in England",academic year 2023/24,released
E09000024,permanent_exclusion_rate,2024,by_ethnicity,White,,0.0,13282.0,0.0,,0.0,100,,"DfE, Suspensions and permanent exclusions in England",academic year 2023/24,released
E09000024,permanent_exclusion_rate,2025,by_ethnicity,Asian,,0.0,6005.0,0.0,,0.0,100,,"DfE, Suspensions and permanent exclusions in England",academic year 2024/25,released
E09000024,permanent_exclusion_rate,2025,by_ethnicity,Black,,0.0,3460.0,0.0,,0.0,100,,"DfE, Suspensions and permanent exclusions in England",academic year 2024/25,released
E09000024,permanent_exclusion_rate,2025,by_ethnicity,Mixed,,1.0,3675.0,0.02721,,0.02721,100,,"DfE, Suspensions and permanent exclusions in England",academic year 2024/25,released
E09000024,permanent_exclusion_rate,2025,overall,,,8.0,27566.0,0.02902,,0.02902,100,,"DfE, Suspensions and permanent exclusions in England",academic year 2024/25,released
E09000024,permanent_exclusion_rate,2025,by_ethnicity,Other,,0.0,976.0,0.0,,0.0,100,,"DfE, Suspensions and permanent exclusions in England",academic year 2024/25,released
E09000024,permanent_exclusion_rate,2025,by_ethnicity,White,,6.0,13049.0,0.04598,,0.04598,100,,"DfE, Suspensions and permanent exclusions in England",academic year 2024/25,released
E09000025,permanent_exclusion_rate,2024,by_ethnicity,Asian,,14.0,31727.0,0.04413,,0.04413,100,,"DfE, Suspensions and permanent exclusions in England",academic year 2023/24,released
E09000025,permanent_exclusion_rate,2024,by_ethnicity,Black,,12.0,11350.0,0.10573,,0.10573,100,,"DfE, Suspensions and permanent exclusions in England",academic year 2023/24,released
E09000025,permanent_exclusion_rate,2024,by_ethnicity,Mixed,,9.0,5018.0,0.17935,,0.17935,100,,"DfE, Suspensions and permanent exclusions in England",academic year 2023/24,released
E09000025,permanent_exclusion_rate,2024,overall,,,54.0,63114.0,0.08556,,0.08556,100,,"DfE, Suspensions and permanent exclusions in England",academic year 2023/24,released
E09000025,permanent_exclusion_rate,2024,by_ethnicity,Other,,1.0,3235.0,0.03091,,0.03091,100,,"DfE, Suspensions and permanent exclusions in England",academic year 2023/24,released
E09000025,permanent_exclusion_rate,2024,by_ethnicity,White,,18.0,10992.0,0.16376,,0.16376,100,,"DfE, Suspensions and permanent exclusions in England",academic year 2023/24,released
E09000025,permanent_exclusion_rate,2025,by_ethnicity,Asian,,11.0,31514.0,0.03491,,0.03491,100,,"DfE, Suspensions and permanent exclusions in England",academic year 2024/25,released
E09000025,permanent_exclusion_rate,2025,by_ethnicity,Black,,8.0,10808.0,0.07402,,0.07402,100,,"DfE, Suspensions and permanent exclusions in England",academic year 2024/25,released
E09000025,permanent_exclusion_rate,2025,by_ethnicity,Mixed,,9.0,5102.0,0.1764,,0.1764,100,,"DfE, Suspensions and permanent exclusions in England",academic year 2024/25,released
E09000025,permanent_exclusion_rate,2025,overall,,,42.0,61848.0,0.06791,,0.06791,100,,"DfE, Suspensions and permanent exclusions in England",academic year 2024/25,released
E09000025,permanent_exclusion_rate,2025,by_ethnicity,Other,,3.0,3143.0,0.09545,,0.09545,100,,"DfE, Suspensions and permanent exclusions in England",academic year 2024/25,released
E09000025,permanent_exclusion_rate,2025,by_ethnicity,White,,10.0,10581.0,0.09451,,0.09451,100,,"DfE, Suspensions and permanent exclusions in England",academic year 2024/25,released
E09000026,permanent_exclusion_rate,2024,by_ethnicity,Asian,,9.0,33627.0,0.02676,,0.02676,100,,"DfE, Suspensions and permanent exclusions in England",academic year 2023/24,released
E09000026,permanent_exclusion_rate,2024,by_ethnicity,Black,,4.0,4936.0,0.08104,,0.08104,100,,"DfE, Suspensions and permanent exclusions in England",academic year 2023/24,released
E09000026,permanent_exclusion_rate,2024,by_ethnicity,Mixed,,8.0,4769.0,0.16775,,0.16775,100,,"DfE, Suspensions and permanent exclusions in England",academic year 2023/24,released
E09000026,permanent_exclusion_rate,2024,overall,,,30.0,58389.0,0.05138,,0.05138,100,,"DfE, Suspensions and permanent exclusions in England",academic year 2023/24,released
E09000026,permanent_exclusion_rate,2024,by_ethnicity,Other,,1.0,1047.0,0.09551,,0.09551,100,,"DfE, Suspensions and permanent exclusions in England",academic year 2023/24,released
E09000026,permanent_exclusion_rate,2024,by_ethnicity,White,,7.0,13022.0,0.05376,,0.05376,100,,"DfE, Suspensions and permanent exclusions in England",academic year 2023/24,released
E09000026,permanent_exclusion_rate,2025,by_ethnicity,Asian,,6.0,33245.0,0.01805,,0.01805,100,,"DfE, Suspensions and permanent exclusions in England",academic year 2024/25,released
E09000026,permanent_exclusion_rate,2025,by_ethnicity,Black,,4.0,4773.0,0.0838,,0.0838,100,,"DfE, Suspensions and permanent exclusions in England",academic year 2024/25,released
E09000026,permanent_exclusion_rate,2025,by_ethnicity,Mixed,,3.0,4780.0,0.06276,,0.06276,100,,"DfE, Suspensions and permanent exclusions in England",academic year 2024/25,released
E09000026,permanent_exclusion_rate,2025,overall,,,24.0,57559.0,0.0417,,0.0417,100,,"DfE, Suspensions and permanent exclusions in England",academic year 2024/25,released
E09000026,permanent_exclusion_rate,2025,by_ethnicity,Other,,2.0,1091.0,0.18332,,0.18332,100,,"DfE, Suspensions and permanent exclusions in England",academic year 2024/25,released
E09000026,permanent_exclusion_rate,2025,by_ethnicity,White,,8.0,12713.0,0.06293,,0.06293,100,,"DfE, Suspensions and permanent exclusions in England",academic year 2024/25,released
E09000027,permanent_exclusion_rate,2024,by_ethnicity,Asian,,0.0,3393.0,0.0,,0.0,100,,"DfE, Suspensions and permanent exclusions in England",academic year 2023/24,released
E09000027,permanent_exclusion_rate,2024,by_ethnicity,Black,,0.0,783.0,0.0,,0.0,100,,"DfE, Suspensions and permanent exclusions in England",academic year 2023/24,released
E09000027,permanent_exclusion_rate,2024,by_ethnicity,Mixed,,1.0,3616.0,0.02765,,0.02765,100,,"DfE, Suspensions and permanent exclusions in England",academic year 2023/24,released
E09000027,permanent_exclusion_rate,2024,overall,,,11.0,28915.0,0.03804,,0.03804,100,,"DfE, Suspensions and permanent exclusions in England",academic year 2023/24,released
E09000027,permanent_exclusion_rate,2024,by_ethnicity,Other,,0.0,999.0,0.0,,0.0,100,,"DfE, Suspensions and permanent exclusions in England",academic year 2023/24,released
E09000027,permanent_exclusion_rate,2024,by_ethnicity,White,,8.0,19311.0,0.04143,,0.04143,100,,"DfE, Suspensions and permanent exclusions in England",academic year 2023/24,released
E09000027,permanent_exclusion_rate,2025,by_ethnicity,Asian,,0.0,3489.0,0.0,,0.0,100,,"DfE, Suspensions and permanent exclusions in England",academic year 2024/25,released
E09000027,permanent_exclusion_rate,2025,by_ethnicity,Black,,1.0,765.0,0.13072,,0.13072,100,,"DfE, Suspensions and permanent exclusions in England",academic year 2024/25,released
E09000027,permanent_exclusion_rate,2025,by_ethnicity,Mixed,,3.0,3726.0,0.08052,,0.08052,100,,"DfE, Suspensions and permanent exclusions in England",academic year 2024/25,released
E09000027,permanent_exclusion_rate,2025,overall,,,8.0,28862.0,0.02772,,0.02772,100,,"DfE, Suspensions and permanent exclusions in England",academic year 2024/25,released
E09000027,permanent_exclusion_rate,2025,by_ethnicity,Other,,0.0,1005.0,0.0,,0.0,100,,"DfE, Suspensions and permanent exclusions in England",academic year 2024/25,released
E09000027,permanent_exclusion_rate,2025,by_ethnicity,White,,4.0,19230.0,0.0208,,0.0208,100,,"DfE, Suspensions and permanent exclusions in England",academic year 2024/25,released
E09000028,permanent_exclusion_rate,2024,by_ethnicity,Asian,,1.0,2920.0,0.03425,,0.03425,100,,"DfE, Suspensions and permanent exclusions in England",academic year 2023/24,released
E09000028,permanent_exclusion_rate,2024,by_ethnicity,Black,,4.0,15769.0,0.02537,,0.02537,100,,"DfE, Suspensions and permanent exclusions in England",academic year 2023/24,released
E09000028,permanent_exclusion_rate,2024,by_ethnicity,Mixed,,2.0,5860.0,0.03413,,0.03413,100,,"DfE, Suspensions and permanent exclusions in England",academic year 2023/24,released
E09000028,permanent_exclusion_rate,2024,overall,,,13.0,41780.0,0.03112,,0.03112,100,,"DfE, Suspensions and permanent exclusions in England",academic year 2023/24,released
E09000028,permanent_exclusion_rate,2024,by_ethnicity,Other,,0.0,3187.0,0.0,,0.0,100,,"DfE, Suspensions and permanent exclusions in England",academic year 2023/24,released
E09000028,permanent_exclusion_rate,2024,by_ethnicity,White,,5.0,12235.0,0.04087,,0.04087,100,,"DfE, Suspensions and permanent exclusions in England",academic year 2023/24,released
E09000028,permanent_exclusion_rate,2025,by_ethnicity,Asian,,1.0,2867.0,0.03488,,0.03488,100,,"DfE, Suspensions and permanent exclusions in England",academic year 2024/25,released
E09000028,permanent_exclusion_rate,2025,by_ethnicity,Black,,9.0,15285.0,0.05888,,0.05888,100,,"DfE, Suspensions and permanent exclusions in England",academic year 2024/25,released
E09000028,permanent_exclusion_rate,2025,by_ethnicity,Mixed,,2.0,5925.0,0.03376,,0.03376,100,,"DfE, Suspensions and permanent exclusions in England",academic year 2024/25,released
E09000028,permanent_exclusion_rate,2025,overall,,,16.0,40938.0,0.03908,,0.03908,100,,"DfE, Suspensions and permanent exclusions in England",academic year 2024/25,released
E09000028,permanent_exclusion_rate,2025,by_ethnicity,Other,,0.0,3132.0,0.0,,0.0,100,,"DfE, Suspensions and permanent exclusions in England",academic year 2024/25,released
E09000028,permanent_exclusion_rate,2025,by_ethnicity,White,,2.0,12173.0,0.01643,,0.01643,100,,"DfE, Suspensions and permanent exclusions in England",academic year 2024/25,released
E09000029,permanent_exclusion_rate,2024,by_ethnicity,Asian,,4.0,12466.0,0.03209,,0.03209,100,,"DfE, Suspensions and permanent exclusions in England",academic year 2023/24,released
E09000029,permanent_exclusion_rate,2024,by_ethnicity,Black,,9.0,3245.0,0.27735,,0.27735,100,,"DfE, Suspensions and permanent exclusions in England",academic year 2023/24,released
E09000029,permanent_exclusion_rate,2024,by_ethnicity,Mixed,,4.0,4421.0,0.09048,,0.09048,100,,"DfE, Suspensions and permanent exclusions in England",academic year 2023/24,released
E09000029,permanent_exclusion_rate,2024,overall,,,48.0,41083.0,0.11684,,0.11684,100,,"DfE, Suspensions and permanent exclusions in England",academic year 2023/24,released
E09000029,permanent_exclusion_rate,2024,by_ethnicity,Other,,1.0,977.0,0.10235,,0.10235,100,,"DfE, Suspensions and permanent exclusions in England",academic year 2023/24,released
E09000029,permanent_exclusion_rate,2024,by_ethnicity,White,,29.0,19285.0,0.15038,,0.15038,100,,"DfE, Suspensions and permanent exclusions in England",academic year 2023/24,released
E09000029,permanent_exclusion_rate,2025,by_ethnicity,Asian,,0.0,12878.0,0.0,,0.0,100,,"DfE, Suspensions and permanent exclusions in England",academic year 2024/25,released
E09000029,permanent_exclusion_rate,2025,by_ethnicity,Black,,5.0,3291.0,0.15193,,0.15193,100,,"DfE, Suspensions and permanent exclusions in England",academic year 2024/25,released
E09000029,permanent_exclusion_rate,2025,by_ethnicity,Mixed,,4.0,4487.0,0.08915,,0.08915,100,,"DfE, Suspensions and permanent exclusions in England",academic year 2024/25,released
E09000029,permanent_exclusion_rate,2025,overall,,,28.0,40942.0,0.06839,,0.06839,100,,"DfE, Suspensions and permanent exclusions in England",academic year 2024/25,released
E09000029,permanent_exclusion_rate,2025,by_ethnicity,Other,,1.0,985.0,0.10152,,0.10152,100,,"DfE, Suspensions and permanent exclusions in England",academic year 2024/25,released
E09000029,permanent_exclusion_rate,2025,by_ethnicity,White,,17.0,18611.0,0.09134,,0.09134,100,,"DfE, Suspensions and permanent exclusions in England",academic year 2024/25,released
E09000030,permanent_exclusion_rate,2024,by_ethnicity,Asian,,4.0,29956.0,0.01335,,0.01335,100,,"DfE, Suspensions and permanent exclusions in England",academic year 2023/24,released
E09000030,permanent_exclusion_rate,2024,by_ethnicity,Black,,3.0,4225.0,0.07101,,0.07101,100,,"DfE, Suspensions and permanent exclusions in England",academic year 2023/24,released
E09000030,permanent_exclusion_rate,2024,by_ethnicity,Mixed,,2.0,3653.0,0.05475,,0.05475,100,,"DfE, Suspensions and permanent exclusions in England",academic year 2023/24,released
E09000030,permanent_exclusion_rate,2024,overall,,,12.0,45261.0,0.02651,,0.02651,100,,"DfE, Suspensions and permanent exclusions in England",academic year 2023/24,released
E09000030,permanent_exclusion_rate,2024,by_ethnicity,Other,,1.0,1357.0,0.07369,,0.07369,100,,"DfE, Suspensions and permanent exclusions in England",academic year 2023/24,released
E09000030,permanent_exclusion_rate,2024,by_ethnicity,White,,2.0,5716.0,0.03499,,0.03499,100,,"DfE, Suspensions and permanent exclusions in England",academic year 2023/24,released
E09000030,permanent_exclusion_rate,2025,by_ethnicity,Asian,,3.0,29554.0,0.01015,,0.01015,100,,"DfE, Suspensions and permanent exclusions in England",academic year 2024/25,released
E09000030,permanent_exclusion_rate,2025,by_ethnicity,Black,,1.0,4014.0,0.02491,,0.02491,100,,"DfE, Suspensions and permanent exclusions in England",academic year 2024/25,released
E09000030,permanent_exclusion_rate,2025,by_ethnicity,Mixed,,2.0,3657.0,0.05469,,0.05469,100,,"DfE, Suspensions and permanent exclusions in England",academic year 2024/25,released
E09000030,permanent_exclusion_rate,2025,overall,,,9.0,44310.0,0.02031,,0.02031,100,,"DfE, Suspensions and permanent exclusions in England",academic year 2024/25,released
E09000030,permanent_exclusion_rate,2025,by_ethnicity,Other,,0.0,1319.0,0.0,,0.0,100,,"DfE, Suspensions and permanent exclusions in England",academic year 2024/25,released
E09000030,permanent_exclusion_rate,2025,by_ethnicity,White,,3.0,5371.0,0.05586,,0.05586,100,,"DfE, Suspensions and permanent exclusions in England",academic year 2024/25,released
E09000031,permanent_exclusion_rate,2024,by_ethnicity,Asian,,13.0,10299.0,0.12623,,0.12623,100,,"DfE, Suspensions and permanent exclusions in England",academic year 2023/24,released
E09000031,permanent_exclusion_rate,2024,by_ethnicity,Black,,17.0,6636.0,0.25618,,0.25618,100,,"DfE, Suspensions and permanent exclusions in England",academic year 2023/24,released
E09000031,permanent_exclusion_rate,2024,by_ethnicity,Mixed,,7.0,5612.0,0.12473,,0.12473,100,,"DfE, Suspensions and permanent exclusions in England",academic year 2023/24,released
E09000031,permanent_exclusion_rate,2024,overall,,,58.0,42142.0,0.13763,,0.13763,100,,"DfE, Suspensions and permanent exclusions in England",academic year 2023/24,released
E09000031,permanent_exclusion_rate,2024,by_ethnicity,Other,,2.0,1644.0,0.12165,,0.12165,100,,"DfE, Suspensions and permanent exclusions in England",academic year 2023/24,released
E09000031,permanent_exclusion_rate,2024,by_ethnicity,White,,18.0,17381.0,0.10356,,0.10356,100,,"DfE, Suspensions and permanent exclusions in England",academic year 2023/24,released
E09000031,permanent_exclusion_rate,2025,by_ethnicity,Asian,,11.0,9935.0,0.11072,,0.11072,100,,"DfE, Suspensions and permanent exclusions in England",academic year 2024/25,released
E09000031,permanent_exclusion_rate,2025,by_ethnicity,Black,,15.0,6366.0,0.23563,,0.23563,100,,"DfE, Suspensions and permanent exclusions in England",academic year 2024/25,released
E09000031,permanent_exclusion_rate,2025,by_ethnicity,Mixed,,3.0,5608.0,0.0535,,0.0535,100,,"DfE, Suspensions and permanent exclusions in England",academic year 2024/25,released
E09000031,permanent_exclusion_rate,2025,overall,,,39.0,41529.0,0.09391,,0.09391,100,,"DfE, Suspensions and permanent exclusions in England",academic year 2024/25,released
E09000031,permanent_exclusion_rate,2025,by_ethnicity,Other,,3.0,1744.0,0.17202,,0.17202,100,,"DfE, Suspensions and permanent exclusions in England",academic year 2024/25,released
E09000031,permanent_exclusion_rate,2025,by_ethnicity,White,,7.0,17124.0,0.04088,,0.04088,100,,"DfE, Suspensions and permanent exclusions in England",academic year 2024/25,released
E09000032,permanent_exclusion_rate,2024,by_ethnicity,Asian,,1.0,5737.0,0.01743,,0.01743,100,,"DfE, Suspensions and permanent exclusions in England",academic year 2023/24,released
E09000032,permanent_exclusion_rate,2024,by_ethnicity,Black,,9.0,6082.0,0.14798,,0.14798,100,,"DfE, Suspensions and permanent exclusions in England",academic year 2023/24,released
E09000032,permanent_exclusion_rate,2024,by_ethnicity,Mixed,,6.0,4892.0,0.12265,,0.12265,100,,"DfE, Suspensions and permanent exclusions in England",academic year 2023/24,released
E09000032,permanent_exclusion_rate,2024,overall,,,22.0,32444.0,0.06781,,0.06781,100,,"DfE, Suspensions and permanent exclusions in England",academic year 2023/24,released
E09000032,permanent_exclusion_rate,2024,by_ethnicity,Other,,1.0,1695.0,0.059,,0.059,100,,"DfE, Suspensions and permanent exclusions in England",academic year 2023/24,released
E09000032,permanent_exclusion_rate,2024,by_ethnicity,White,,5.0,13249.0,0.03774,,0.03774,100,,"DfE, Suspensions and permanent exclusions in England",academic year 2023/24,released
E09000032,permanent_exclusion_rate,2025,by_ethnicity,Asian,,1.0,5522.0,0.01811,,0.01811,100,,"DfE, Suspensions and permanent exclusions in England",academic year 2024/25,released
E09000032,permanent_exclusion_rate,2025,by_ethnicity,Black,,8.0,5855.0,0.13664,,0.13664,100,,"DfE, Suspensions and permanent exclusions in England",academic year 2024/25,released
E09000032,permanent_exclusion_rate,2025,by_ethnicity,Mixed,,1.0,4967.0,0.02013,,0.02013,100,,"DfE, Suspensions and permanent exclusions in England",academic year 2024/25,released
E09000032,permanent_exclusion_rate,2025,overall,,,13.0,31698.0,0.04101,,0.04101,100,,"DfE, Suspensions and permanent exclusions in England",academic year 2024/25,released
E09000032,permanent_exclusion_rate,2025,by_ethnicity,Other,,0.0,1629.0,0.0,,0.0,100,,"DfE, Suspensions and permanent exclusions in England",academic year 2024/25,released
E09000032,permanent_exclusion_rate,2025,by_ethnicity,White,,3.0,12992.0,0.02309,,0.02309,100,,"DfE, Suspensions and permanent exclusions in England",academic year 2024/25,released
E09000033,permanent_exclusion_rate,2024,by_ethnicity,Asian,,2.0,3160.0,0.06329,,0.06329,100,,"DfE, Suspensions and permanent exclusions in England",academic year 2023/24,released
E09000033,permanent_exclusion_rate,2024,by_ethnicity,Black,,3.0,4071.0,0.07369,,0.07369,100,,"DfE, Suspensions and permanent exclusions in England",academic year 2023/24,released
E09000033,permanent_exclusion_rate,2024,by_ethnicity,Mixed,,1.0,2577.0,0.0388,,0.0388,100,,"DfE, Suspensions and permanent exclusions in England",academic year 2023/24,released
E09000033,permanent_exclusion_rate,2024,overall,,,8.0,20826.0,0.03841,,0.03841,100,,"DfE, Suspensions and permanent exclusions in England",academic year 2023/24,released
E09000033,permanent_exclusion_rate,2024,by_ethnicity,Other,,1.0,5270.0,0.01898,,0.01898,100,,"DfE, Suspensions and permanent exclusions in England",academic year 2023/24,released
E09000033,permanent_exclusion_rate,2024,by_ethnicity,White,,1.0,5243.0,0.01907,,0.01907,100,,"DfE, Suspensions and permanent exclusions in England",academic year 2023/24,released
E09000033,permanent_exclusion_rate,2025,by_ethnicity,Asian,,0.0,3117.0,0.0,,0.0,100,,"DfE, Suspensions and permanent exclusions in England",academic year 2024/25,released
E09000033,permanent_exclusion_rate,2025,by_ethnicity,Black,,0.0,4059.0,0.0,,0.0,100,,"DfE, Suspensions and permanent exclusions in England",academic year 2024/25,released
E09000033,permanent_exclusion_rate,2025,by_ethnicity,Mixed,,3.0,2610.0,0.11494,,0.11494,100,,"DfE, Suspensions and permanent exclusions in England",academic year 2024/25,released
E09000033,permanent_exclusion_rate,2025,overall,,,6.0,20537.0,0.02922,,0.02922,100,,"DfE, Suspensions and permanent exclusions in England",academic year 2024/25,released
E09000033,permanent_exclusion_rate,2025,by_ethnicity,Other,,3.0,5145.0,0.05831,,0.05831,100,,"DfE, Suspensions and permanent exclusions in England",academic year 2024/25,released
E09000033,permanent_exclusion_rate,2025,by_ethnicity,White,,0.0,5180.0,0.0,,0.0,100,,"DfE, Suspensions and permanent exclusions in England",academic year 2024/25,released
E10000003,permanent_exclusion_rate,2024,by_ethnicity,Asian,,0.0,6086.0,0.0,,0.0,100,,"DfE, Suspensions and permanent exclusions in England",academic year 2023/24,released
E10000003,permanent_exclusion_rate,2024,by_ethnicity,Black,,1.0,2023.0,0.04943,,0.04943,100,,"DfE, Suspensions and permanent exclusions in England",academic year 2023/24,released
E10000003,permanent_exclusion_rate,2024,by_ethnicity,Mixed,,5.0,6431.0,0.07775,,0.07775,100,,"DfE, Suspensions and permanent exclusions in England",academic year 2023/24,released
E10000003,permanent_exclusion_rate,2024,overall,,,29.0,91396.0,0.03173,,0.03173,100,,"DfE, Suspensions and permanent exclusions in England",academic year 2023/24,released
E10000003,permanent_exclusion_rate,2024,by_ethnicity,Other,,0.0,1216.0,0.0,,0.0,100,,"DfE, Suspensions and permanent exclusions in England",academic year 2023/24,released
E10000003,permanent_exclusion_rate,2024,by_ethnicity,White,,23.0,73606.0,0.03125,,0.03125,100,,"DfE, Suspensions and permanent exclusions in England",academic year 2023/24,released
E10000003,permanent_exclusion_rate,2025,by_ethnicity,Asian,,2.0,6539.0,0.03059,,0.03059,100,,"DfE, Suspensions and permanent exclusions in England",academic year 2024/25,released
E10000003,permanent_exclusion_rate,2025,by_ethnicity,Black,,0.0,2548.0,0.0,,0.0,100,,"DfE, Suspensions and permanent exclusions in England",academic year 2024/25,released
E10000003,permanent_exclusion_rate,2025,by_ethnicity,Mixed,,5.0,6726.0,0.07434,,0.07434,100,,"DfE, Suspensions and permanent exclusions in England",academic year 2024/25,released
E10000003,permanent_exclusion_rate,2025,overall,,,37.0,91505.0,0.04043,,0.04043,100,,"DfE, Suspensions and permanent exclusions in England",academic year 2024/25,released
E10000003,permanent_exclusion_rate,2025,by_ethnicity,Other,,0.0,1345.0,0.0,,0.0,100,,"DfE, Suspensions and permanent exclusions in England",academic year 2024/25,released
E10000003,permanent_exclusion_rate,2025,by_ethnicity,White,,30.0,72408.0,0.04143,,0.04143,100,,"DfE, Suspensions and permanent exclusions in England",academic year 2024/25,released
E10000007,permanent_exclusion_rate,2024,by_ethnicity,Asian,,1.0,2349.0,0.04257,,0.04257,100,,"DfE, Suspensions and permanent exclusions in England",academic year 2023/24,released
E10000007,permanent_exclusion_rate,2024,by_ethnicity,Black,,0.0,1184.0,0.0,,0.0,100,,"DfE, Suspensions and permanent exclusions in England",academic year 2023/24,released
E10000007,permanent_exclusion_rate,2024,by_ethnicity,Mixed,,7.0,3945.0,0.17744,,0.17744,100,,"DfE, Suspensions and permanent exclusions in England",academic year 2023/24,released
E10000007,permanent_exclusion_rate,2024,overall,,,224.0,108133.0,0.20715,,0.20715,100,,"DfE, Suspensions and permanent exclusions in England",academic year 2023/24,released
E10000007,permanent_exclusion_rate,2024,by_ethnicity,Other,,0.0,399.0,0.0,,0.0,100,,"DfE, Suspensions and permanent exclusions in England",academic year 2023/24,released
E10000007,permanent_exclusion_rate,2024,by_ethnicity,White,,210.0,98996.0,0.21213,,0.21213,100,,"DfE, Suspensions and permanent exclusions in England",academic year 2023/24,released
E10000007,permanent_exclusion_rate,2025,by_ethnicity,Asian,,1.0,2621.0,0.03815,,0.03815,100,,"DfE, Suspensions and permanent exclusions in England",academic year 2024/25,released
E10000007,permanent_exclusion_rate,2025,by_ethnicity,Black,,1.0,1511.0,0.06618,,0.06618,100,,"DfE, Suspensions and permanent exclusions in England",academic year 2024/25,released
E10000007,permanent_exclusion_rate,2025,by_ethnicity,Mixed,,7.0,4085.0,0.17136,,0.17136,100,,"DfE, Suspensions and permanent exclusions in England",academic year 2024/25,released
E10000007,permanent_exclusion_rate,2025,overall,,,152.0,107085.0,0.14194,,0.14194,100,,"DfE, Suspensions and permanent exclusions in England",academic year 2024/25,released
E10000007,permanent_exclusion_rate,2025,by_ethnicity,Other,,0.0,453.0,0.0,,0.0,100,,"DfE, Suspensions and permanent exclusions in England",academic year 2024/25,released
E10000007,permanent_exclusion_rate,2025,by_ethnicity,White,,139.0,97239.0,0.14295,,0.14295,100,,"DfE, Suspensions and permanent exclusions in England",academic year 2024/25,released
E10000008,permanent_exclusion_rate,2024,by_ethnicity,Asian,,0.0,1779.0,0.0,,0.0,100,,"DfE, Suspensions and permanent exclusions in England",academic year 2023/24,released
E10000008,permanent_exclusion_rate,2024,by_ethnicity,Black,,1.0,606.0,0.16502,,0.16502,100,,"DfE, Suspensions and permanent exclusions in England",academic year 2023/24,released
E10000008,permanent_exclusion_rate,2024,by_ethnicity,Mixed,,4.0,2902.0,0.13784,,0.13784,100,,"DfE, Suspensions and permanent exclusions in England",academic year 2023/24,released
E10000008,permanent_exclusion_rate,2024,overall,,,146.0,100451.0,0.14534,,0.14534,100,,"DfE, Suspensions and permanent exclusions in England",academic year 2023/24,released
E10000008,permanent_exclusion_rate,2024,by_ethnicity,Other,,1.0,1128.0,0.08865,,0.08865,100,,"DfE, Suspensions and permanent exclusions in England",academic year 2023/24,released
E10000008,permanent_exclusion_rate,2024,by_ethnicity,White,,136.0,92551.0,0.14695,,0.14695,100,,"DfE, Suspensions and permanent exclusions in England",academic year 2023/24,released
E10000008,permanent_exclusion_rate,2025,by_ethnicity,Asian,,0.0,2032.0,0.0,,0.0,100,,"DfE, Suspensions and permanent exclusions in England",academic year 2024/25,released
E10000008,permanent_exclusion_rate,2025,by_ethnicity,Black,,0.0,913.0,0.0,,0.0,100,,"DfE, Suspensions and permanent exclusions in England",academic year 2024/25,released
E10000008,permanent_exclusion_rate,2025,by_ethnicity,Mixed,,5.0,2933.0,0.17047,,0.17047,100,,"DfE, Suspensions and permanent exclusions in England",academic year 2024/25,released
E10000008,permanent_exclusion_rate,2025,overall,,,140.0,99088.0,0.14129,,0.14129,100,,"DfE, Suspensions and permanent exclusions in England",academic year 2024/25,released
E10000008,permanent_exclusion_rate,2025,by_ethnicity,Other,,0.0,1175.0,0.0,,0.0,100,,"DfE, Suspensions and permanent exclusions in England",academic year 2024/25,released
E10000008,permanent_exclusion_rate,2025,by_ethnicity,White,,132.0,90527.0,0.14581,,0.14581,100,,"DfE, Suspensions and permanent exclusions in England",academic year 2024/25,released
E10000011,permanent_exclusion_rate,2024,by_ethnicity,Asian,,0.0,2147.0,0.0,,0.0,100,,"DfE, Suspensions and permanent exclusions in England",academic year 2023/24,released
E10000011,permanent_exclusion_rate,2024,by_ethnicity,Black,,0.0,938.0,0.0,,0.0,100,,"DfE, Suspensions and permanent exclusions in England",academic year 2023/24,released
E10000011,permanent_exclusion_rate,2024,by_ethnicity,Mixed,,11.0,3825.0,0.28758,,0.28758,100,,"DfE, Suspensions and permanent exclusions in England",academic year 2023/24,released
E10000011,permanent_exclusion_rate,2024,overall,,,100.0,68000.0,0.14706,,0.14706,100,,"DfE, Suspensions and permanent exclusions in England",academic year 2023/24,released
E10000011,permanent_exclusion_rate,2024,by_ethnicity,Other,,0.0,425.0,0.0,,0.0,100,,"DfE, Suspensions and permanent exclusions in England",academic year 2023/24,released
E10000011,permanent_exclusion_rate,2024,by_ethnicity,White,,83.0,59326.0,0.1399,,0.1399,100,,"DfE, Suspensions and permanent exclusions in England",academic year 2023/24,released
E10000011,permanent_exclusion_rate,2025,by_ethnicity,Asian,,1.0,2335.0,0.04283,,0.04283,100,,"DfE, Suspensions and permanent exclusions in England",academic year 2024/25,released
E10000011,permanent_exclusion_rate,2025,by_ethnicity,Black,,1.0,1267.0,0.07893,,0.07893,100,,"DfE, Suspensions and permanent exclusions in England",academic year 2024/25,released
E10000011,permanent_exclusion_rate,2025,by_ethnicity,Mixed,,7.0,3936.0,0.17785,,0.17785,100,,"DfE, Suspensions and permanent exclusions in England",academic year 2024/25,released
E10000011,permanent_exclusion_rate,2025,overall,,,67.0,67246.0,0.09963,,0.09963,100,,"DfE, Suspensions and permanent exclusions in England",academic year 2024/25,released
E10000011,permanent_exclusion_rate,2025,by_ethnicity,Other,,1.0,498.0,0.2008,,0.2008,100,,"DfE, Suspensions and permanent exclusions in England",academic year 2024/25,released
E10000011,permanent_exclusion_rate,2025,by_ethnicity,White,,56.0,58137.0,0.09632,,0.09632,100,,"DfE, Suspensions and permanent exclusions in England",academic year 2024/25,released
E10000012,permanent_exclusion_rate,2024,by_ethnicity,Asian,,3.0,11383.0,0.02636,,0.02636,100,,"DfE, Suspensions and permanent exclusions in England",academic year 2023/24,released
E10000012,permanent_exclusion_rate,2024,by_ethnicity,Black,,8.0,10669.0,0.07498,,0.07498,100,,"DfE, Suspensions and permanent exclusions in England",academic year 2023/24,released
E10000012,permanent_exclusion_rate,2024,by_ethnicity,Mixed,,14.0,13479.0,0.10387,,0.10387,100,,"DfE, Suspensions and permanent exclusions in England",academic year 2023/24,released
E10000012,permanent_exclusion_rate,2024,overall,,,191.0,223162.0,0.08559,,0.08559,100,,"DfE, Suspensions and permanent exclusions in England",academic year 2023/24,released
E10000012,permanent_exclusion_rate,2024,by_ethnicity,Other,,1.0,2344.0,0.04266,,0.04266,100,,"DfE, Suspensions and permanent exclusions in England",academic year 2023/24,released
E10000012,permanent_exclusion_rate,2024,by_ethnicity,White,,161.0,181594.0,0.08866,,0.08866,100,,"DfE, Suspensions and permanent exclusions in England",academic year 2023/24,released
E10000012,permanent_exclusion_rate,2025,by_ethnicity,Asian,,2.0,12484.0,0.01602,,0.01602,100,,"DfE, Suspensions and permanent exclusions in England",academic year 2024/25,released
E10000012,permanent_exclusion_rate,2025,by_ethnicity,Black,,6.0,11579.0,0.05182,,0.05182,100,,"DfE, Suspensions and permanent exclusions in England",academic year 2024/25,released
E10000012,permanent_exclusion_rate,2025,by_ethnicity,Mixed,,22.0,13803.0,0.15939,,0.15939,100,,"DfE, Suspensions and permanent exclusions in England",academic year 2024/25,released
E10000012,permanent_exclusion_rate,2025,overall,,,209.0,222902.0,0.09376,,0.09376,100,,"DfE, Suspensions and permanent exclusions in England",academic year 2024/25,released
E10000012,permanent_exclusion_rate,2025,by_ethnicity,Other,,0.0,2468.0,0.0,,0.0,100,,"DfE, Suspensions and permanent exclusions in England",academic year 2024/25,released
E10000012,permanent_exclusion_rate,2025,by_ethnicity,White,,179.0,178943.0,0.10003,,0.10003,100,,"DfE, Suspensions and permanent exclusions in England",academic year 2024/25,released
E10000013,permanent_exclusion_rate,2024,by_ethnicity,Asian,,0.0,5409.0,0.0,,0.0,100,,"DfE, Suspensions and permanent exclusions in England",academic year 2023/24,released
E10000013,permanent_exclusion_rate,2024,by_ethnicity,Black,,5.0,2316.0,0.21589,,0.21589,100,,"DfE, Suspensions and permanent exclusions in England",academic year 2023/24,released
E10000013,permanent_exclusion_rate,2024,by_ethnicity,Mixed,,14.0,5039.0,0.27783,,0.27783,100,,"DfE, Suspensions and permanent exclusions in England",academic year 2023/24,released
E10000013,permanent_exclusion_rate,2024,overall,,,149.0,92813.0,0.16054,,0.16054,100,,"DfE, Suspensions and permanent exclusions in England",academic year 2023/24,released
E10000013,permanent_exclusion_rate,2024,by_ethnicity,Other,,2.0,481.0,0.4158,,0.4158,100,,"DfE, Suspensions and permanent exclusions in England",academic year 2023/24,released
E10000013,permanent_exclusion_rate,2024,by_ethnicity,White,,124.0,77576.0,0.15984,,0.15984,100,,"DfE, Suspensions and permanent exclusions in England",academic year 2023/24,released
E10000013,permanent_exclusion_rate,2025,by_ethnicity,Asian,,1.0,6044.0,0.01655,,0.01655,100,,"DfE, Suspensions and permanent exclusions in England",academic year 2024/25,released
E10000013,permanent_exclusion_rate,2025,by_ethnicity,Black,,8.0,2732.0,0.29283,,0.29283,100,,"DfE, Suspensions and permanent exclusions in England",academic year 2024/25,released
E10000013,permanent_exclusion_rate,2025,by_ethnicity,Mixed,,15.0,5186.0,0.28924,,0.28924,100,,"DfE, Suspensions and permanent exclusions in England",academic year 2024/25,released
E10000013,permanent_exclusion_rate,2025,overall,,,111.0,93013.0,0.11934,,0.11934,100,,"DfE, Suspensions and permanent exclusions in England",academic year 2024/25,released
E10000013,permanent_exclusion_rate,2025,by_ethnicity,Other,,0.0,617.0,0.0,,0.0,100,,"DfE, Suspensions and permanent exclusions in England",academic year 2024/25,released
E10000013,permanent_exclusion_rate,2025,by_ethnicity,White,,85.0,76587.0,0.11098,,0.11098,100,,"DfE, Suspensions and permanent exclusions in England",academic year 2024/25,released
E10000014,permanent_exclusion_rate,2024,by_ethnicity,Asian,,0.0,9089.0,0.0,,0.0,100,,"DfE, Suspensions and permanent exclusions in England",academic year 2023/24,released
E10000014,permanent_exclusion_rate,2024,by_ethnicity,Black,,0.0,3856.0,0.0,,0.0,100,,"DfE, Suspensions and permanent exclusions in England",academic year 2023/24,released
E10000014,permanent_exclusion_rate,2024,by_ethnicity,Mixed,,6.0,9116.0,0.06582,,0.06582,100,,"DfE, Suspensions and permanent exclusions in England",academic year 2023/24,released
E10000014,permanent_exclusion_rate,2024,overall,,,89.0,183459.0,0.04851,,0.04851,100,,"DfE, Suspensions and permanent exclusions in England",academic year 2023/24,released
E10000014,permanent_exclusion_rate,2024,by_ethnicity,Other,,0.0,1314.0,0.0,,0.0,100,,"DfE, Suspensions and permanent exclusions in England",academic year 2023/24,released
E10000014,permanent_exclusion_rate,2024,by_ethnicity,White,,83.0,158646.0,0.05232,,0.05232,100,,"DfE, Suspensions and permanent exclusions in England",academic year 2023/24,released
E10000014,permanent_exclusion_rate,2025,by_ethnicity,Asian,,0.0,9690.0,0.0,,0.0,100,,"DfE, Suspensions and permanent exclusions in England",academic year 2024/25,released
E10000014,permanent_exclusion_rate,2025,by_ethnicity,Black,,0.0,4548.0,0.0,,0.0,100,,"DfE, Suspensions and permanent exclusions in England",academic year 2024/25,released
E10000014,permanent_exclusion_rate,2025,by_ethnicity,Mixed,,5.0,9366.0,0.05338,,0.05338,100,,"DfE, Suspensions and permanent exclusions in England",academic year 2024/25,released
E10000014,permanent_exclusion_rate,2025,overall,,,77.0,182523.0,0.04219,,0.04219,100,,"DfE, Suspensions and permanent exclusions in England",academic year 2024/25,released
E10000014,permanent_exclusion_rate,2025,by_ethnicity,Other,,0.0,1420.0,0.0,,0.0,100,,"DfE, Suspensions and permanent exclusions in England",academic year 2024/25,released
E10000014,permanent_exclusion_rate,2025,by_ethnicity,White,,70.0,156125.0,0.04484,,0.04484,100,,"DfE, Suspensions and permanent exclusions in England",academic year 2024/25,released
E10000015,permanent_exclusion_rate,2024,by_ethnicity,Asian,,5.0,21947.0,0.02278,,0.02278,100,,"DfE, Suspensions and permanent exclusions in England",academic year 2023/24,released
E10000015,permanent_exclusion_rate,2024,by_ethnicity,Black,,9.0,10503.0,0.08569,,0.08569,100,,"DfE, Suspensions and permanent exclusions in England",academic year 2023/24,released
E10000015,permanent_exclusion_rate,2024,by_ethnicity,Mixed,,23.0,17704.0,0.12991,,0.12991,100,,"DfE, Suspensions and permanent exclusions in England",academic year 2023/24,released
E10000015,permanent_exclusion_rate,2024,overall,,,178.0,201212.0,0.08846,,0.08846,100,,"DfE, Suspensions and permanent exclusions in England",academic year 2023/24,released
E10000015,permanent_exclusion_rate,2024,by_ethnicity,Other,,2.0,2951.0,0.06777,,0.06777,100,,"DfE, Suspensions and permanent exclusions in England",academic year 2023/24,released
E10000015,permanent_exclusion_rate,2024,by_ethnicity,White,,136.0,145235.0,0.09364,,0.09364,100,,"DfE, Suspensions and permanent exclusions in England",academic year 2023/24,released
E10000015,permanent_exclusion_rate,2025,by_ethnicity,Asian,,8.0,22722.0,0.03521,,0.03521,100,,"DfE, Suspensions and permanent exclusions in England",academic year 2024/25,released
E10000015,permanent_exclusion_rate,2025,by_ethnicity,Black,,12.0,11113.0,0.10798,,0.10798,100,,"DfE, Suspensions and permanent exclusions in England",academic year 2024/25,released
E10000015,permanent_exclusion_rate,2025,by_ethnicity,Mixed,,14.0,18362.0,0.07624,,0.07624,100,,"DfE, Suspensions and permanent exclusions in England",academic year 2024/25,released
E10000015,permanent_exclusion_rate,2025,overall,,,138.0,200721.0,0.06875,,0.06875,100,,"DfE, Suspensions and permanent exclusions in England",academic year 2024/25,released
E10000015,permanent_exclusion_rate,2025,by_ethnicity,Other,,0.0,3136.0,0.0,,0.0,100,,"DfE, Suspensions and permanent exclusions in England",academic year 2024/25,released
E10000015,permanent_exclusion_rate,2025,by_ethnicity,White,,101.0,142725.0,0.07077,,0.07077,100,,"DfE, Suspensions and permanent exclusions in England",academic year 2024/25,released
E10000016,permanent_exclusion_rate,2024,by_ethnicity,Asian,,1.0,15604.0,0.00641,,0.00641,100,,"DfE, Suspensions and permanent exclusions in England",academic year 2023/24,released
E10000016,permanent_exclusion_rate,2024,by_ethnicity,Black,,2.0,12263.0,0.01631,,0.01631,100,,"DfE, Suspensions and permanent exclusions in England",academic year 2023/24,released
E10000016,permanent_exclusion_rate,2024,by_ethnicity,Mixed,,9.0,17118.0,0.05258,,0.05258,100,,"DfE, Suspensions and permanent exclusions in England",academic year 2023/24,released
E10000016,permanent_exclusion_rate,2024,overall,,,65.0,251645.0,0.02583,,0.02583,100,,"DfE, Suspensions and permanent exclusions in England",academic year 2023/24,released
E10000016,permanent_exclusion_rate,2024,by_ethnicity,Other,,0.0,3391.0,0.0,,0.0,100,,"DfE, Suspensions and permanent exclusions in England",academic year 2023/24,released
E10000016,permanent_exclusion_rate,2024,by_ethnicity,White,,53.0,199706.0,0.02654,,0.02654,100,,"DfE, Suspensions and permanent exclusions in England",academic year 2023/24,released
E10000016,permanent_exclusion_rate,2025,by_ethnicity,Asian,,0.0,16778.0,0.0,,0.0,100,,"DfE, Suspensions and permanent exclusions in England",academic year 2024/25,released
E10000016,permanent_exclusion_rate,2025,by_ethnicity,Black,,4.0,13869.0,0.02884,,0.02884,100,,"DfE, Suspensions and permanent exclusions in England",academic year 2024/25,released
E10000016,permanent_exclusion_rate,2025,by_ethnicity,Mixed,,8.0,17607.0,0.04544,,0.04544,100,,"DfE, Suspensions and permanent exclusions in England",academic year 2024/25,released
E10000016,permanent_exclusion_rate,2025,overall,,,53.0,251660.0,0.02106,,0.02106,100,,"DfE, Suspensions and permanent exclusions in England",academic year 2024/25,released
E10000016,permanent_exclusion_rate,2025,by_ethnicity,Other,,0.0,3551.0,0.0,,0.0,100,,"DfE, Suspensions and permanent exclusions in England",academic year 2024/25,released
E10000016,permanent_exclusion_rate,2025,by_ethnicity,White,,41.0,196444.0,0.02087,,0.02087,100,,"DfE, Suspensions and permanent exclusions in England",academic year 2024/25,released
E10000017,permanent_exclusion_rate,2024,by_ethnicity,Asian,,25.0,23137.0,0.10805,,0.10805,100,,"DfE, Suspensions and permanent exclusions in England",academic year 2023/24,released
E10000017,permanent_exclusion_rate,2024,by_ethnicity,Black,,0.0,2176.0,0.0,,0.0,100,,"DfE, Suspensions and permanent exclusions in England",academic year 2023/24,released
E10000017,permanent_exclusion_rate,2024,by_ethnicity,Mixed,,30.0,6962.0,0.43091,,0.43091,100,,"DfE, Suspensions and permanent exclusions in England",academic year 2023/24,released
E10000017,permanent_exclusion_rate,2024,overall,,,428.0,176252.0,0.24283,,0.24283,100,,"DfE, Suspensions and permanent exclusions in England",academic year 2023/24,released
E10000017,permanent_exclusion_rate,2024,by_ethnicity,Other,,4.0,1662.0,0.24067,,0.24067,100,,"DfE, Suspensions and permanent exclusions in England",academic year 2023/24,released
E10000017,permanent_exclusion_rate,2024,by_ethnicity,White,,360.0,140375.0,0.25646,,0.25646,100,,"DfE, Suspensions and permanent exclusions in England",academic year 2023/24,released
E10000017,permanent_exclusion_rate,2025,by_ethnicity,Asian,,34.0,23941.0,0.14202,,0.14202,100,,"DfE, Suspensions and permanent exclusions in England",academic year 2024/25,released
E10000017,permanent_exclusion_rate,2025,by_ethnicity,Black,,5.0,2953.0,0.16932,,0.16932,100,,"DfE, Suspensions and permanent exclusions in England",academic year 2024/25,released
E10000017,permanent_exclusion_rate,2025,by_ethnicity,Mixed,,22.0,7134.0,0.30838,,0.30838,100,,"DfE, Suspensions and permanent exclusions in England",academic year 2024/25,released
E10000017,permanent_exclusion_rate,2025,overall,,,458.0,175184.0,0.26144,,0.26144,100,,"DfE, Suspensions and permanent exclusions in England",academic year 2024/25,released
E10000017,permanent_exclusion_rate,2025,by_ethnicity,Other,,2.0,1811.0,0.11044,,0.11044,100,,"DfE, Suspensions and permanent exclusions in England",academic year 2024/25,released
E10000017,permanent_exclusion_rate,2025,by_ethnicity,White,,384.0,137681.0,0.27891,,0.27891,100,,"DfE, Suspensions and permanent exclusions in England",academic year 2024/25,released
E10000018,permanent_exclusion_rate,2024,by_ethnicity,Asian,,1.0,10113.0,0.00989,,0.00989,100,,"DfE, Suspensions and permanent exclusions in England",academic year 2023/24,released
E10000018,permanent_exclusion_rate,2024,by_ethnicity,Black,,2.0,2068.0,0.09671,,0.09671,100,,"DfE, Suspensions and permanent exclusions in England",academic year 2023/24,released
E10000018,permanent_exclusion_rate,2024,by_ethnicity,Mixed,,5.0,6063.0,0.08247,,0.08247,100,,"DfE, Suspensions and permanent exclusions in England",academic year 2023/24,released
E10000018,permanent_exclusion_rate,2024,overall,,,72.0,100937.0,0.07133,,0.07133,100,,"DfE, Suspensions and permanent exclusions in England",academic year 2023/24,released
E10000018,permanent_exclusion_rate,2024,by_ethnicity,Other,,1.0,671.0,0.14903,,0.14903,100,,"DfE, Suspensions and permanent exclusions in England",academic year 2023/24,released
E10000018,permanent_exclusion_rate,2024,by_ethnicity,White,,62.0,80933.0,0.07661,,0.07661,100,,"DfE, Suspensions and permanent exclusions in England",academic year 2023/24,released
E10000018,permanent_exclusion_rate,2025,by_ethnicity,Asian,,4.0,10492.0,0.03812,,0.03812,100,,"DfE, Suspensions and permanent exclusions in England",academic year 2024/25,released
E10000018,permanent_exclusion_rate,2025,by_ethnicity,Black,,0.0,2455.0,0.0,,0.0,100,,"DfE, Suspensions and permanent exclusions in England",academic year 2024/25,released
E10000018,permanent_exclusion_rate,2025,by_ethnicity,Mixed,,8.0,6225.0,0.12851,,0.12851,100,,"DfE, Suspensions and permanent exclusions in England",academic year 2024/25,released
E10000018,permanent_exclusion_rate,2025,overall,,,94.0,100693.0,0.09335,,0.09335,100,,"DfE, Suspensions and permanent exclusions in England",academic year 2024/25,released
E10000018,permanent_exclusion_rate,2025,by_ethnicity,Other,,1.0,731.0,0.1368,,0.1368,100,,"DfE, Suspensions and permanent exclusions in England",academic year 2024/25,released
E10000018,permanent_exclusion_rate,2025,by_ethnicity,White,,78.0,79624.0,0.09796,,0.09796,100,,"DfE, Suspensions and permanent exclusions in England",academic year 2024/25,released
E10000019,permanent_exclusion_rate,2024,by_ethnicity,Asian,,3.0,3187.0,0.09413,,0.09413,100,,"DfE, Suspensions and permanent exclusions in England",academic year 2023/24,released
E10000019,permanent_exclusion_rate,2024,by_ethnicity,Black,,1.0,1717.0,0.05824,,0.05824,100,,"DfE, Suspensions and permanent exclusions in England",academic year 2023/24,released
E10000019,permanent_exclusion_rate,2024,by_ethnicity,Mixed,,5.0,4188.0,0.11939,,0.11939,100,,"DfE, Suspensions and permanent exclusions in England",academic year 2023/24,released
E10000019,permanent_exclusion_rate,2024,overall,,,203.0,108334.0,0.18738,,0.18738,100,,"DfE, Suspensions and permanent exclusions in England",academic year 2023/24,released
E10000019,permanent_exclusion_rate,2024,by_ethnicity,Other,,0.0,879.0,0.0,,0.0,100,,"DfE, Suspensions and permanent exclusions in England",academic year 2023/24,released
E10000019,permanent_exclusion_rate,2024,by_ethnicity,White,,186.0,96417.0,0.19291,,0.19291,100,,"DfE, Suspensions and permanent exclusions in England",academic year 2023/24,released
E10000019,permanent_exclusion_rate,2025,by_ethnicity,Asian,,0.0,3608.0,0.0,,0.0,100,,"DfE, Suspensions and permanent exclusions in England",academic year 2024/25,released
E10000019,permanent_exclusion_rate,2025,by_ethnicity,Black,,1.0,2124.0,0.04708,,0.04708,100,,"DfE, Suspensions and permanent exclusions in England",academic year 2024/25,released
E10000019,permanent_exclusion_rate,2025,by_ethnicity,Mixed,,6.0,4274.0,0.14038,,0.14038,100,,"DfE, Suspensions and permanent exclusions in England",academic year 2024/25,released
E10000019,permanent_exclusion_rate,2025,overall,,,196.0,106903.0,0.18334,,0.18334,100,,"DfE, Suspensions and permanent exclusions in England",academic year 2024/25,released
E10000019,permanent_exclusion_rate,2025,by_ethnicity,Other,,0.0,964.0,0.0,,0.0,100,,"DfE, Suspensions and permanent exclusions in England",academic year 2024/25,released
E10000019,permanent_exclusion_rate,2025,by_ethnicity,White,,181.0,93752.0,0.19306,,0.19306,100,,"DfE, Suspensions and permanent exclusions in England",academic year 2024/25,released
E10000020,permanent_exclusion_rate,2024,by_ethnicity,Asian,,0.0,3525.0,0.0,,0.0,100,,"DfE, Suspensions and permanent exclusions in England",academic year 2023/24,released
E10000020,permanent_exclusion_rate,2024,by_ethnicity,Black,,3.0,2484.0,0.12077,,0.12077,100,,"DfE, Suspensions and permanent exclusions in England",academic year 2023/24,released
E10000020,permanent_exclusion_rate,2024,by_ethnicity,Mixed,,6.0,4846.0,0.12381,,0.12381,100,,"DfE, Suspensions and permanent exclusions in England",academic year 2023/24,released
E10000020,permanent_exclusion_rate,2024,overall,,,247.0,118470.0,0.20849,,0.20849,100,,"DfE, Suspensions and permanent exclusions in England",academic year 2023/24,released
E10000020,permanent_exclusion_rate,2024,by_ethnicity,Other,,1.0,1189.0,0.0841,,0.0841,100,,"DfE, Suspensions and permanent exclusions in England",academic year 2023/24,released
E10000020,permanent_exclusion_rate,2024,by_ethnicity,White,,229.0,104210.0,0.21975,,0.21975,100,,"DfE, Suspensions and permanent exclusions in England",academic year 2023/24,released
E10000020,permanent_exclusion_rate,2025,by_ethnicity,Asian,,0.0,3825.0,0.0,,0.0,100,,"DfE, Suspensions and permanent exclusions in England",academic year 2024/25,released
E10000020,permanent_exclusion_rate,2025,by_ethnicity,Black,,3.0,3012.0,0.0996,,0.0996,100,,"DfE, Suspensions and permanent exclusions in England",academic year 2024/25,released
E10000020,permanent_exclusion_rate,2025,by_ethnicity,Mixed,,7.0,4992.0,0.14022,,0.14022,100,,"DfE, Suspensions and permanent exclusions in England",academic year 2024/25,released
E10000020,permanent_exclusion_rate,2025,overall,,,229.0,117490.0,0.19491,,0.19491,100,,"DfE, Suspensions and permanent exclusions in England",academic year 2024/25,released
E10000020,permanent_exclusion_rate,2025,by_ethnicity,Other,,3.0,1276.0,0.23511,,0.23511,100,,"DfE, Suspensions and permanent exclusions in England",academic year 2024/25,released
E10000020,permanent_exclusion_rate,2025,by_ethnicity,White,,208.0,102457.0,0.20301,,0.20301,100,,"DfE, Suspensions and permanent exclusions in England",academic year 2024/25,released
E10000024,permanent_exclusion_rate,2024,by_ethnicity,Asian,,2.0,7099.0,0.02817,,0.02817,100,,"DfE, Suspensions and permanent exclusions in England",academic year 2023/24,released
E10000024,permanent_exclusion_rate,2024,by_ethnicity,Black,,4.0,3190.0,0.12539,,0.12539,100,,"DfE, Suspensions and permanent exclusions in England",academic year 2023/24,released
E10000024,permanent_exclusion_rate,2024,by_ethnicity,Mixed,,12.0,7169.0,0.16739,,0.16739,100,,"DfE, Suspensions and permanent exclusions in England",academic year 2023/24,released
E10000024,permanent_exclusion_rate,2024,overall,,,165.0,128184.0,0.12872,,0.12872,100,,"DfE, Suspensions and permanent exclusions in England",academic year 2023/24,released
E10000024,permanent_exclusion_rate,2024,by_ethnicity,Other,,0.0,1189.0,0.0,,0.0,100,,"DfE, Suspensions and permanent exclusions in England",academic year 2023/24,released
E10000024,permanent_exclusion_rate,2024,by_ethnicity,White,,140.0,106706.0,0.1312,,0.1312,100,,"DfE, Suspensions and permanent exclusions in England",academic year 2023/24,released
E10000024,permanent_exclusion_rate,2025,by_ethnicity,Asian,,1.0,7552.0,0.01324,,0.01324,100,,"DfE, Suspensions and permanent exclusions in England",academic year 2024/25,released
E10000024,permanent_exclusion_rate,2025,by_ethnicity,Black,,1.0,3991.0,0.02506,,0.02506,100,,"DfE, Suspensions and permanent exclusions in England",academic year 2024/25,released
E10000024,permanent_exclusion_rate,2025,by_ethnicity,Mixed,,8.0,7463.0,0.1072,,0.1072,100,,"DfE, Suspensions and permanent exclusions in England",academic year 2024/25,released
E10000024,permanent_exclusion_rate,2025,overall,,,149.0,127247.0,0.1171,,0.1171,100,,"DfE, Suspensions and permanent exclusions in England",academic year 2024/25,released
E10000024,permanent_exclusion_rate,2025,by_ethnicity,Other,,1.0,1219.0,0.08203,,0.08203,100,,"DfE, Suspensions and permanent exclusions in England",academic year 2024/25,released
E10000024,permanent_exclusion_rate,2025,by_ethnicity,White,,132.0,104511.0,0.1263,,0.1263,100,,"DfE, Suspensions and permanent exclusions in England",academic year 2024/25,released
E10000025,permanent_exclusion_rate,2024,by_ethnicity,Asian,,0.0,8166.0,0.0,,0.0,100,,"DfE, Suspensions and permanent exclusions in England",academic year 2023/24,released
E10000025,permanent_exclusion_rate,2024,by_ethnicity,Black,,1.0,3570.0,0.02801,,0.02801,100,,"DfE, Suspensions and permanent exclusions in England",academic year 2023/24,released
E10000025,permanent_exclusion_rate,2024,by_ethnicity,Mixed,,3.0,8023.0,0.03739,,0.03739,100,,"DfE, Suspensions and permanent exclusions in England",academic year 2023/24,released
E10000025,permanent_exclusion_rate,2024,overall,,,29.0,100986.0,0.02872,,0.02872,100,,"DfE, Suspensions and permanent exclusions in England",academic year 2023/24,released
E10000025,permanent_exclusion_rate,2024,by_ethnicity,Other,,0.0,1885.0,0.0,,0.0,100,,"DfE, Suspensions and permanent exclusions in England",academic year 2023/24,released
E10000025,permanent_exclusion_rate,2024,by_ethnicity,White,,23.0,76698.0,0.02999,,0.02999,100,,"DfE, Suspensions and permanent exclusions in England",academic year 2023/24,released
E10000025,permanent_exclusion_rate,2025,by_ethnicity,Asian,,0.0,8656.0,0.0,,0.0,100,,"DfE, Suspensions and permanent exclusions in England",academic year 2024/25,released
E10000025,permanent_exclusion_rate,2025,by_ethnicity,Black,,1.0,4068.0,0.02458,,0.02458,100,,"DfE, Suspensions and permanent exclusions in England",academic year 2024/25,released
E10000025,permanent_exclusion_rate,2025,by_ethnicity,Mixed,,6.0,8076.0,0.07429,,0.07429,100,,"DfE, Suspensions and permanent exclusions in England",academic year 2024/25,released
E10000025,permanent_exclusion_rate,2025,overall,,,27.0,101270.0,0.02666,,0.02666,100,,"DfE, Suspensions and permanent exclusions in England",academic year 2024/25,released
E10000025,permanent_exclusion_rate,2025,by_ethnicity,Other,,1.0,2102.0,0.04757,,0.04757,100,,"DfE, Suspensions and permanent exclusions in England",academic year 2024/25,released
E10000025,permanent_exclusion_rate,2025,by_ethnicity,White,,19.0,75656.0,0.02511,,0.02511,100,,"DfE, Suspensions and permanent exclusions in England",academic year 2024/25,released
E10000028,permanent_exclusion_rate,2024,by_ethnicity,Asian,,11.0,6741.0,0.16318,,0.16318,100,,"DfE, Suspensions and permanent exclusions in England",academic year 2023/24,released
E10000028,permanent_exclusion_rate,2024,by_ethnicity,Black,,4.0,1750.0,0.22857,,0.22857,100,,"DfE, Suspensions and permanent exclusions in England",academic year 2023/24,released
E10000028,permanent_exclusion_rate,2024,by_ethnicity,Mixed,,17.0,5745.0,0.29591,,0.29591,100,,"DfE, Suspensions and permanent exclusions in England",academic year 2023/24,released
E10000028,permanent_exclusion_rate,2024,overall,,,250.0,125237.0,0.19962,,0.19962,100,,"DfE, Suspensions and permanent exclusions in England",academic year 2023/24,released
E10000028,permanent_exclusion_rate,2024,by_ethnicity,Other,,1.0,823.0,0.12151,,0.12151,100,,"DfE, Suspensions and permanent exclusions in England",academic year 2023/24,released
E10000028,permanent_exclusion_rate,2024,by_ethnicity,White,,213.0,108933.0,0.19553,,0.19553,100,,"DfE, Suspensions and permanent exclusions in England",academic year 2023/24,released
E10000028,permanent_exclusion_rate,2025,by_ethnicity,Asian,,11.0,7111.0,0.15469,,0.15469,100,,"DfE, Suspensions and permanent exclusions in England",academic year 2024/25,released
E10000028,permanent_exclusion_rate,2025,by_ethnicity,Black,,7.0,2123.0,0.32972,,0.32972,100,,"DfE, Suspensions and permanent exclusions in England",academic year 2024/25,released
E10000028,permanent_exclusion_rate,2025,by_ethnicity,Mixed,,15.0,6012.0,0.2495,,0.2495,100,,"DfE, Suspensions and permanent exclusions in England",academic year 2024/25,released
E10000028,permanent_exclusion_rate,2025,overall,,,225.0,124890.0,0.18016,,0.18016,100,,"DfE, Suspensions and permanent exclusions in England",academic year 2024/25,released
E10000028,permanent_exclusion_rate,2025,by_ethnicity,Other,,1.0,883.0,0.11325,,0.11325,100,,"DfE, Suspensions and permanent exclusions in England",academic year 2024/25,released
E10000028,permanent_exclusion_rate,2025,by_ethnicity,White,,185.0,107580.0,0.17197,,0.17197,100,,"DfE, Suspensions and permanent exclusions in England",academic year 2024/25,released
E10000029,permanent_exclusion_rate,2024,by_ethnicity,Asian,,1.0,2719.0,0.03678,,0.03678,100,,"DfE, Suspensions and permanent exclusions in England",academic year 2023/24,released
E10000029,permanent_exclusion_rate,2024,by_ethnicity,Black,,0.0,1862.0,0.0,,0.0,100,,"DfE, Suspensions and permanent exclusions in England",academic year 2023/24,released
E10000029,permanent_exclusion_rate,2024,by_ethnicity,Mixed,,12.0,6690.0,0.17937,,0.17937,100,,"DfE, Suspensions and permanent exclusions in England",academic year 2023/24,released
E10000029,permanent_exclusion_rate,2024,overall,,,179.0,104119.0,0.17192,,0.17192,100,,"DfE, Suspensions and permanent exclusions in England",academic year 2023/24,released
E10000029,permanent_exclusion_rate,2024,by_ethnicity,Other,,0.0,1277.0,0.0,,0.0,100,,"DfE, Suspensions and permanent exclusions in England",academic year 2023/24,released
E10000029,permanent_exclusion_rate,2024,by_ethnicity,White,,160.0,89031.0,0.17971,,0.17971,100,,"DfE, Suspensions and permanent exclusions in England",academic year 2023/24,released
E10000029,permanent_exclusion_rate,2025,by_ethnicity,Asian,,1.0,2975.0,0.03361,,0.03361,100,,"DfE, Suspensions and permanent exclusions in England",academic year 2024/25,released
E10000029,permanent_exclusion_rate,2025,by_ethnicity,Black,,0.0,2374.0,0.0,,0.0,100,,"DfE, Suspensions and permanent exclusions in England",academic year 2024/25,released
E10000029,permanent_exclusion_rate,2025,by_ethnicity,Mixed,,10.0,6853.0,0.14592,,0.14592,100,,"DfE, Suspensions and permanent exclusions in England",academic year 2024/25,released
E10000029,permanent_exclusion_rate,2025,overall,,,204.0,103092.0,0.19788,,0.19788,100,,"DfE, Suspensions and permanent exclusions in England",academic year 2024/25,released
E10000029,permanent_exclusion_rate,2025,by_ethnicity,Other,,3.0,1387.0,0.21629,,0.21629,100,,"DfE, Suspensions and permanent exclusions in England",academic year 2024/25,released
E10000029,permanent_exclusion_rate,2025,by_ethnicity,White,,185.0,87431.0,0.2116,,0.2116,100,,"DfE, Suspensions and permanent exclusions in England",academic year 2024/25,released
E10000030,permanent_exclusion_rate,2024,by_ethnicity,Asian,,9.0,15833.0,0.05684,,0.05684,100,,"DfE, Suspensions and permanent exclusions in England",academic year 2023/24,released
E10000030,permanent_exclusion_rate,2024,by_ethnicity,Black,,4.0,4367.0,0.0916,,0.0916,100,,"DfE, Suspensions and permanent exclusions in England",academic year 2023/24,released
E10000030,permanent_exclusion_rate,2024,by_ethnicity,Mixed,,18.0,12844.0,0.14014,,0.14014,100,,"DfE, Suspensions and permanent exclusions in England",academic year 2023/24,released
E10000030,permanent_exclusion_rate,2024,overall,,,191.0,163543.0,0.11679,,0.11679,100,,"DfE, Suspensions and permanent exclusions in England",academic year 2023/24,released
E10000030,permanent_exclusion_rate,2024,by_ethnicity,Other,,4.0,2306.0,0.17346,,0.17346,100,,"DfE, Suspensions and permanent exclusions in England",academic year 2023/24,released
E10000030,permanent_exclusion_rate,2024,by_ethnicity,White,,150.0,125047.0,0.11995,,0.11995,100,,"DfE, Suspensions and permanent exclusions in England",academic year 2023/24,released
E10000030,permanent_exclusion_rate,2025,by_ethnicity,Asian,,4.0,16528.0,0.0242,,0.0242,100,,"DfE, Suspensions and permanent exclusions in England",academic year 2024/25,released
E10000030,permanent_exclusion_rate,2025,by_ethnicity,Black,,2.0,4863.0,0.04113,,0.04113,100,,"DfE, Suspensions and permanent exclusions in England",academic year 2024/25,released
E10000030,permanent_exclusion_rate,2025,by_ethnicity,Mixed,,14.0,13310.0,0.10518,,0.10518,100,,"DfE, Suspensions and permanent exclusions in England",academic year 2024/25,released
E10000030,permanent_exclusion_rate,2025,overall,,,142.0,163061.0,0.08708,,0.08708,100,,"DfE, Suspensions and permanent exclusions in England",academic year 2024/25,released
E10000030,permanent_exclusion_rate,2025,by_ethnicity,Other,,3.0,2467.0,0.12161,,0.12161,100,,"DfE, Suspensions and permanent exclusions in England",academic year 2024/25,released
E10000030,permanent_exclusion_rate,2025,by_ethnicity,White,,114.0,122914.0,0.09275,,0.09275,100,,"DfE, Suspensions and permanent exclusions in England",academic year 2024/25,released
E10000031,permanent_exclusion_rate,2024,by_ethnicity,Asian,,1.0,8555.0,0.01169,,0.01169,100,,"DfE, Suspensions and permanent exclusions in England",academic year 2023/24,released
E10000031,permanent_exclusion_rate,2024,by_ethnicity,Black,,1.0,2104.0,0.04753,,0.04753,100,,"DfE, Suspensions and permanent exclusions in England",academic year 2023/24,released
E10000031,permanent_exclusion_rate,2024,by_ethnicity,Mixed,,7.0,5351.0,0.13082,,0.13082,100,,"DfE, Suspensions and permanent exclusions in England",academic year 2023/24,released
E10000031,permanent_exclusion_rate,2024,overall,,,134.0,89707.0,0.14938,,0.14938,100,,"DfE, Suspensions and permanent exclusions in England",academic year 2023/24,released
E10000031,permanent_exclusion_rate,2024,by_ethnicity,Other,,0.0,975.0,0.0,,0.0,100,,"DfE, Suspensions and permanent exclusions in England",academic year 2023/24,released
E10000031,permanent_exclusion_rate,2024,by_ethnicity,White,,118.0,71188.0,0.16576,,0.16576,100,,"DfE, Suspensions and permanent exclusions in England",academic year 2023/24,released
E10000031,permanent_exclusion_rate,2025,by_ethnicity,Asian,,1.0,9448.0,0.01058,,0.01058,100,,"DfE, Suspensions and permanent exclusions in England",academic year 2024/25,released
E10000031,permanent_exclusion_rate,2025,by_ethnicity,Black,,3.0,2523.0,0.11891,,0.11891,100,,"DfE, Suspensions and permanent exclusions in England",academic year 2024/25,released
E10000031,permanent_exclusion_rate,2025,by_ethnicity,Mixed,,4.0,5506.0,0.07265,,0.07265,100,,"DfE, Suspensions and permanent exclusions in England",academic year 2024/25,released
E10000031,permanent_exclusion_rate,2025,overall,,,121.0,90303.0,0.13399,,0.13399,100,,"DfE, Suspensions and permanent exclusions in England",academic year 2024/25,released
E10000031,permanent_exclusion_rate,2025,by_ethnicity,Other,,0.0,1117.0,0.0,,0.0,100,,"DfE, Suspensions and permanent exclusions in England",academic year 2024/25,released
E10000031,permanent_exclusion_rate,2025,by_ethnicity,White,,109.0,70088.0,0.15552,,0.15552,100,,"DfE, Suspensions and permanent exclusions in England",academic year 2024/25,released
E10000032,permanent_exclusion_rate,2024,by_ethnicity,Asian,,3.0,7769.0,0.03862,,0.03862,100,,"DfE, Suspensions and permanent exclusions in England",academic year 2023/24,released
E10000032,permanent_exclusion_rate,2024,by_ethnicity,Black,,3.0,2597.0,0.11552,,0.11552,100,,"DfE, Suspensions and permanent exclusions in England",academic year 2023/24,released
E10000032,permanent_exclusion_rate,2024,by_ethnicity,Mixed,,9.0,7363.0,0.12223,,0.12223,100,,"DfE, Suspensions and permanent exclusions in England",academic year 2023/24,released
E10000032,permanent_exclusion_rate,2024,overall,,,153.0,118075.0,0.12958,,0.12958,100,,"DfE, Suspensions and permanent exclusions in England",academic year 2023/24,released
E10000032,permanent_exclusion_rate,2024,by_ethnicity,Other,,1.0,1018.0,0.09823,,0.09823,100,,"DfE, Suspensions and permanent exclusions in England",academic year 2023/24,released
E10000032,permanent_exclusion_rate,2024,by_ethnicity,White,,130.0,97663.0,0.13311,,0.13311,100,,"DfE, Suspensions and permanent exclusions in England",academic year 2023/24,released
E10000032,permanent_exclusion_rate,2025,by_ethnicity,Asian,,3.0,8215.0,0.03652,,0.03652,100,,"DfE, Suspensions and permanent exclusions in England",academic year 2024/25,released
E10000032,permanent_exclusion_rate,2025,by_ethnicity,Black,,0.0,3193.0,0.0,,0.0,100,,"DfE, Suspensions and permanent exclusions in England",academic year 2024/25,released
E10000032,permanent_exclusion_rate,2025,by_ethnicity,Mixed,,18.0,7608.0,0.23659,,0.23659,100,,"DfE, Suspensions and permanent exclusions in England",academic year 2024/25,released
E10000032,permanent_exclusion_rate,2025,overall,,,116.0,117569.0,0.09867,,0.09867,100,,"DfE, Suspensions and permanent exclusions in England",academic year 2024/25,released
E10000032,permanent_exclusion_rate,2025,by_ethnicity,Other,,0.0,1126.0,0.0,,0.0,100,,"DfE, Suspensions and permanent exclusions in England",academic year 2024/25,released
E10000032,permanent_exclusion_rate,2025,by_ethnicity,White,,95.0,95525.0,0.09945,,0.09945,100,,"DfE, Suspensions and permanent exclusions in England",academic year 2024/25,released
E10000034,permanent_exclusion_rate,2024,by_ethnicity,Asian,,1.0,4045.0,0.02472,,0.02472,100,,"DfE, Suspensions and permanent exclusions in England",academic year 2023/24,released
E10000034,permanent_exclusion_rate,2024,by_ethnicity,Black,,5.0,1062.0,0.47081,,0.47081,100,,"DfE, Suspensions and permanent exclusions in England",academic year 2023/24,released
E10000034,permanent_exclusion_rate,2024,by_ethnicity,Mixed,,12.0,3769.0,0.31839,,0.31839,100,,"DfE, Suspensions and permanent exclusions in England",academic year 2023/24,released
E10000034,permanent_exclusion_rate,2024,overall,,,114.0,82340.0,0.13845,,0.13845,100,,"DfE, Suspensions and permanent exclusions in England",academic year 2023/24,released
E10000034,permanent_exclusion_rate,2024,by_ethnicity,Other,,1.0,484.0,0.20661,,0.20661,100,,"DfE, Suspensions and permanent exclusions in England",academic year 2023/24,released
E10000034,permanent_exclusion_rate,2024,by_ethnicity,White,,93.0,71079.0,0.13084,,0.13084,100,,"DfE, Suspensions and permanent exclusions in England",academic year 2023/24,released
E10000034,permanent_exclusion_rate,2025,by_ethnicity,Asian,,1.0,4299.0,0.02326,,0.02326,100,,"DfE, Suspensions and permanent exclusions in England",academic year 2024/25,released
E10000034,permanent_exclusion_rate,2025,by_ethnicity,Black,,1.0,1345.0,0.07435,,0.07435,100,,"DfE, Suspensions and permanent exclusions in England",academic year 2024/25,released
E10000034,permanent_exclusion_rate,2025,by_ethnicity,Mixed,,6.0,3954.0,0.15175,,0.15175,100,,"DfE, Suspensions and permanent exclusions in England",academic year 2024/25,released
E10000034,permanent_exclusion_rate,2025,overall,,,107.0,81955.0,0.13056,,0.13056,100,,"DfE, Suspensions and permanent exclusions in England",academic year 2024/25,released
E10000034,permanent_exclusion_rate,2025,by_ethnicity,Other,,0.0,496.0,0.0,,0.0,100,,"DfE, Suspensions and permanent exclusions in England",academic year 2024/25,released
E10000034,permanent_exclusion_rate,2025,by_ethnicity,White,,96.0,70130.0,0.13689,,0.13689,100,,"DfE, Suspensions and permanent exclusions in England",academic year 2024/25,released
W06000001,permanent_exclusion_rate,2024,overall,,,,,0.17725,,1.77249504744,1000,,"StatsWales, Permanent and fixed-term exclusions from schools",academic year 2023/24,released
W06000002,permanent_exclusion_rate,2024,overall,,,,,0.14868,,1.486767766874,1000,,"StatsWales, Permanent and fixed-term exclusions from schools",academic year 2023/24,released
W06000003,permanent_exclusion_rate,2024,overall,,,,,0.07096,,0.709585859889,1000,,"StatsWales, Permanent and fixed-term exclusions from schools",academic year 2023/24,released
W06000004,permanent_exclusion_rate,2024,overall,,,,,0.07481,,0.74812967581,1000,,"StatsWales, Permanent and fixed-term exclusions from schools",academic year 2023/24,released
W06000005,permanent_exclusion_rate,2024,overall,,,,,0.12299,,1.229850221812,1000,,"StatsWales, Permanent and fixed-term exclusions from schools",academic year 2023/24,released
W06000006,permanent_exclusion_rate,2024,overall,,,,,0.14126,,1.412577168567,1000,,"StatsWales, Permanent and fixed-term exclusions from schools",academic year 2023/24,released
W06000008,permanent_exclusion_rate,2024,overall,,,,,0.0,,0.0,1000,,"StatsWales, Permanent and fixed-term exclusions from schools",academic year 2023/24,released
W06000009,permanent_exclusion_rate,2024,overall,,,,,,,,1000,,"StatsWales, Permanent and fixed-term exclusions from schools",academic year 2023/24,source_suppressed
W06000010,permanent_exclusion_rate,2024,overall,,,,,0.01836,,0.183573815031,1000,,"StatsWales, Permanent and fixed-term exclusions from schools",academic year 2023/24,released
W06000011,permanent_exclusion_rate,2024,overall,,,,,0.07961,,0.796090919073,1000,,"StatsWales, Permanent and fixed-term exclusions from schools",academic year 2023/24,released
W06000012,permanent_exclusion_rate,2024,overall,,,,,0.17808,,1.780815324637,1000,,"StatsWales, Permanent and fixed-term exclusions from schools",academic year 2023/24,released
W06000013,permanent_exclusion_rate,2024,overall,,,,,0.13265,,1.326494517155,1000,,"StatsWales, Permanent and fixed-term exclusions from schools",academic year 2023/24,released
W06000014,permanent_exclusion_rate,2024,overall,,,,,0.04759,,0.475881462253,1000,,"StatsWales, Permanent and fixed-term exclusions from schools",academic year 2023/24,released
W06000015,permanent_exclusion_rate,2024,overall,,,,,0.09271,,0.927075862792,1000,,"StatsWales, Permanent and fixed-term exclusions from schools",academic year 2023/24,released
W06000016,permanent_exclusion_rate,2024,overall,,,,,0.12018,,1.201766073621,1000,,"StatsWales, Permanent and fixed-term exclusions from schools",academic year 2023/24,released
W06000018,permanent_exclusion_rate,2024,overall,,,,,0.15399,,1.53987167736,1000,,"StatsWales, Permanent and fixed-term exclusions from schools",academic year 2023/24,released
W06000019,permanent_exclusion_rate,2024,overall,,,,,0.0737,,0.736997262581,1000,,"StatsWales, Permanent and fixed-term exclusions from schools",academic year 2023/24,released
W06000020,permanent_exclusion_rate,2024,overall,,,,,0.11291,,1.129146083274,1000,,"StatsWales, Permanent and fixed-term exclusions from schools",academic year 2023/24,released
W06000021,permanent_exclusion_rate,2024,overall,,,,,0.19177,,1.917712691771,1000,,"StatsWales, Permanent and fixed-term exclusions from schools",academic year 2023/24,released
W06000022,permanent_exclusion_rate,2024,overall,,,,,0.05781,,0.578055565591,1000,,"StatsWales, Permanent and fixed-term exclusions from schools",academic year 2023/24,released
W06000023,permanent_exclusion_rate,2024,overall,,,,,0.07912,,0.79118738969,1000,,"StatsWales, Permanent and fixed-term exclusions from schools",academic year 2023/24,released
W06000024,permanent_exclusion_rate,2024,overall,,,,,0.13079,,1.307901907356,1000,,"StatsWales, Permanent and fixed-term exclusions from schools",academic year 2023/24,released
nat-england,permanent_exclusion_rate,2024,by_ethnicity,Asian,,523.0,1121787.0,0.04662,,0.04662,100,,"DfE, Suspensions and permanent exclusions in England",academic year 2023/24,released
nat-england,permanent_exclusion_rate,2024,by_ethnicity,Black,,547.0,546750.0,0.10005,,0.10005,100,,"DfE, Suspensions and permanent exclusions in England",academic year 2023/24,released
nat-england,permanent_exclusion_rate,2024,by_ethnicity,Mixed,,970.0,589090.0,0.16466,,0.16466,100,,"DfE, Suspensions and permanent exclusions in England",academic year 2023/24,released
nat-england,permanent_exclusion_rate,2024,overall,,,10885.0,8445343.0,0.12889,,0.12889,100,,"DfE, Suspensions and permanent exclusions in England",academic year 2023/24,released
nat-england,permanent_exclusion_rate,2024,by_ethnicity,Other,,181.0,202057.0,0.08958,,0.08958,100,,"DfE, Suspensions and permanent exclusions in England",academic year 2023/24,released
nat-england,permanent_exclusion_rate,2024,by_ethnicity,White,,8423.0,5844848.0,0.14411,,0.14411,100,,"DfE, Suspensions and permanent exclusions in England",academic year 2023/24,released
nat-england,permanent_exclusion_rate,2025,by_ethnicity,Asian,,477.0,1150971.0,0.04144,,0.04144,100,,"DfE, Suspensions and permanent exclusions in England",academic year 2024/25,released
nat-england,permanent_exclusion_rate,2025,by_ethnicity,Black,,496.0,577200.0,0.08593,,0.08593,100,,"DfE, Suspensions and permanent exclusions in England",academic year 2024/25,released
nat-england,permanent_exclusion_rate,2025,by_ethnicity,Mixed,,845.0,600529.0,0.14071,,0.14071,100,,"DfE, Suspensions and permanent exclusions in England",academic year 2024/25,released
nat-england,permanent_exclusion_rate,2025,overall,,,9906.0,8395291.0,0.11799,,0.11799,100,,"DfE, Suspensions and permanent exclusions in England",academic year 2024/25,released
nat-england,permanent_exclusion_rate,2025,by_ethnicity,Other,,170.0,211097.0,0.08053,,0.08053,100,,"DfE, Suspensions and permanent exclusions in England",academic year 2024/25,released
nat-england,permanent_exclusion_rate,2025,by_ethnicity,White,,7633.0,5718353.0,0.13348,,0.13348,100,,"DfE, Suspensions and permanent exclusions in England",academic year 2024/25,released
rgn-east-midlands,permanent_exclusion_rate,2024,by_ethnicity,Asian,,22.0,80168.0,0.02744,,0.02744,100,,"DfE, Suspensions and permanent exclusions in England",academic year 2023/24,released
rgn-east-midlands,permanent_exclusion_rate,2024,by_ethnicity,Black,,35.0,33809.0,0.10352,,0.10352,100,,"DfE, Suspensions and permanent exclusions in England",academic year 2023/24,released
rgn-east-midlands,permanent_exclusion_rate,2024,by_ethnicity,Mixed,,83.0,45106.0,0.18401,,0.18401,100,,"DfE, Suspensions and permanent exclusions in England",academic year 2023/24,released
rgn-east-midlands,permanent_exclusion_rate,2024,overall,,,1072.0,731174.0,0.14661,,0.14661,100,,"DfE, Suspensions and permanent exclusions in England",academic year 2023/24,released
rgn-east-midlands,permanent_exclusion_rate,2024,by_ethnicity,Other,,9.0,9184.0,0.098,,0.098,100,,"DfE, Suspensions and permanent exclusions in England",academic year 2023/24,released
rgn-east-midlands,permanent_exclusion_rate,2024,by_ethnicity,White,,894.0,551301.0,0.16216,,0.16216,100,,"DfE, Suspensions and permanent exclusions in England",academic year 2023/24,released
rgn-east-midlands,permanent_exclusion_rate,2025,by_ethnicity,Asian,,20.0,83040.0,0.02408,,0.02408,100,,"DfE, Suspensions and permanent exclusions in England",academic year 2024/25,released
rgn-east-midlands,permanent_exclusion_rate,2025,by_ethnicity,Black,,28.0,37888.0,0.0739,,0.0739,100,,"DfE, Suspensions and permanent exclusions in England",academic year 2024/25,released
rgn-east-midlands,permanent_exclusion_rate,2025,by_ethnicity,Mixed,,84.0,45982.0,0.18268,,0.18268,100,,"DfE, Suspensions and permanent exclusions in England",academic year 2024/25,released
rgn-east-midlands,permanent_exclusion_rate,2025,overall,,,982.0,726794.0,0.13511,,0.13511,100,,"DfE, Suspensions and permanent exclusions in England",academic year 2024/25,released
rgn-east-midlands,permanent_exclusion_rate,2025,by_ethnicity,Other,,9.0,9751.0,0.0923,,0.0923,100,,"DfE, Suspensions and permanent exclusions in England",academic year 2024/25,released
rgn-east-midlands,permanent_exclusion_rate,2025,by_ethnicity,White,,811.0,538555.0,0.15059,,0.15059,100,,"DfE, Suspensions and permanent exclusions in England",academic year 2024/25,released
rgn-eastern,permanent_exclusion_rate,2024,by_ethnicity,Asian,,32.0,86490.0,0.037,,0.037,100,,"DfE, Suspensions and permanent exclusions in England",academic year 2023/24,released
rgn-eastern,permanent_exclusion_rate,2024,by_ethnicity,Black,,49.0,47066.0,0.10411,,0.10411,100,,"DfE, Suspensions and permanent exclusions in England",academic year 2023/24,released
rgn-eastern,permanent_exclusion_rate,2024,by_ethnicity,Mixed,,106.0,68588.0,0.15455,,0.15455,100,,"DfE, Suspensions and permanent exclusions in England",academic year 2023/24,released
rgn-eastern,permanent_exclusion_rate,2024,overall,,,1119.0,963968.0,0.11608,,0.11608,100,,"DfE, Suspensions and permanent exclusions in England",academic year 2023/24,released
rgn-eastern,permanent_exclusion_rate,2024,by_ethnicity,Other,,10.0,12415.0,0.08055,,0.08055,100,,"DfE, Suspensions and permanent exclusions in England",academic year 2023/24,released
rgn-eastern,permanent_exclusion_rate,2024,by_ethnicity,White,,896.0,732024.0,0.1224,,0.1224,100,,"DfE, Suspensions and permanent exclusions in England",academic year 2023/24,released
rgn-eastern,permanent_exclusion_rate,2025,by_ethnicity,Asian,,39.0,90563.0,0.04306,,0.04306,100,,"DfE, Suspensions and permanent exclusions in England",academic year 2024/25,released
rgn-eastern,permanent_exclusion_rate,2025,by_ethnicity,Black,,41.0,51492.0,0.07962,,0.07962,100,,"DfE, Suspensions and permanent exclusions in England",academic year 2024/25,released
rgn-eastern,permanent_exclusion_rate,2025,by_ethnicity,Mixed,,97.0,70553.0,0.13749,,0.13749,100,,"DfE, Suspensions and permanent exclusions in England",academic year 2024/25,released
rgn-eastern,permanent_exclusion_rate,2025,overall,,,1106.0,961170.0,0.11507,,0.11507,100,,"DfE, Suspensions and permanent exclusions in England",academic year 2024/25,released
rgn-eastern,permanent_exclusion_rate,2025,by_ethnicity,Other,,13.0,13188.0,0.09857,,0.09857,100,,"DfE, Suspensions and permanent exclusions in England",academic year 2024/25,released
rgn-eastern,permanent_exclusion_rate,2025,by_ethnicity,White,,884.0,719158.0,0.12292,,0.12292,100,,"DfE, Suspensions and permanent exclusions in England",academic year 2024/25,released
rgn-london,permanent_exclusion_rate,2024,by_ethnicity,Asian,,107.0,313970.0,0.03408,,0.03408,100,,"DfE, Suspensions and permanent exclusions in England",academic year 2023/24,released
rgn-london,permanent_exclusion_rate,2024,by_ethnicity,Black,,212.0,223311.0,0.09493,,0.09493,100,,"DfE, Suspensions and permanent exclusions in England",academic year 2023/24,released
rgn-london,permanent_exclusion_rate,2024,by_ethnicity,Mixed,,158.0,154251.0,0.10243,,0.10243,100,,"DfE, Suspensions and permanent exclusions in England",academic year 2023/24,released
rgn-london,permanent_exclusion_rate,2024,overall,,,867.0,1294927.0,0.06695,,0.06695,100,,"DfE, Suspensions and permanent exclusions in England",academic year 2023/24,released
rgn-london,permanent_exclusion_rate,2024,by_ethnicity,Other,,68.0,84611.0,0.08037,,0.08037,100,,"DfE, Suspensions and permanent exclusions in England",academic year 2023/24,released
rgn-london,permanent_exclusion_rate,2024,by_ethnicity,White,,299.0,488463.0,0.06121,,0.06121,100,,"DfE, Suspensions and permanent exclusions in England",academic year 2023/24,released
rgn-london,permanent_exclusion_rate,2025,by_ethnicity,Asian,,72.0,315285.0,0.02284,,0.02284,100,,"DfE, Suspensions and permanent exclusions in England",academic year 2024/25,released
rgn-london,permanent_exclusion_rate,2025,by_ethnicity,Black,,179.0,219095.0,0.0817,,0.0817,100,,"DfE, Suspensions and permanent exclusions in England",academic year 2024/25,released
rgn-london,permanent_exclusion_rate,2025,by_ethnicity,Mixed,,128.0,156311.0,0.08189,,0.08189,100,,"DfE, Suspensions and permanent exclusions in England",academic year 2024/25,released
rgn-london,permanent_exclusion_rate,2025,overall,,,727.0,1280233.0,0.05679,,0.05679,100,,"DfE, Suspensions and permanent exclusions in England",academic year 2024/25,released
rgn-london,permanent_exclusion_rate,2025,by_ethnicity,Other,,61.0,85740.0,0.07115,,0.07115,100,,"DfE, Suspensions and permanent exclusions in England",academic year 2024/25,released
rgn-london,permanent_exclusion_rate,2025,by_ethnicity,White,,257.0,476041.0,0.05399,,0.05399,100,,"DfE, Suspensions and permanent exclusions in England",academic year 2024/25,released
rgn-north-east,permanent_exclusion_rate,2024,by_ethnicity,Asian,,20.0,20414.0,0.09797,,0.09797,100,,"DfE, Suspensions and permanent exclusions in England",academic year 2023/24,released
rgn-north-east,permanent_exclusion_rate,2024,by_ethnicity,Black,,5.0,12251.0,0.04081,,0.04081,100,,"DfE, Suspensions and permanent exclusions in England",academic year 2023/24,released
rgn-north-east,permanent_exclusion_rate,2024,by_ethnicity,Mixed,,32.0,12783.0,0.25033,,0.25033,100,,"DfE, Suspensions and permanent exclusions in England",academic year 2023/24,released
rgn-north-east,permanent_exclusion_rate,2024,overall,,,994.0,394854.0,0.25174,,0.25174,100,,"DfE, Suspensions and permanent exclusions in England",academic year 2023/24,released
rgn-north-east,permanent_exclusion_rate,2024,by_ethnicity,Other,,11.0,5931.0,0.18547,,0.18547,100,,"DfE, Suspensions and permanent exclusions in England",academic year 2023/24,released
rgn-north-east,permanent_exclusion_rate,2024,by_ethnicity,White,,915.0,340194.0,0.26896,,0.26896,100,,"DfE, Suspensions and permanent exclusions in England",academic year 2023/24,released
rgn-north-east,permanent_exclusion_rate,2025,by_ethnicity,Asian,,17.0,21402.0,0.07943,,0.07943,100,,"DfE, Suspensions and permanent exclusions in England",academic year 2024/25,released
rgn-north-east,permanent_exclusion_rate,2025,by_ethnicity,Black,,13.0,14148.0,0.09189,,0.09189,100,,"DfE, Suspensions and permanent exclusions in England",academic year 2024/25,released
rgn-north-east,permanent_exclusion_rate,2025,by_ethnicity,Mixed,,30.0,13087.0,0.22924,,0.22924,100,,"DfE, Suspensions and permanent exclusions in England",academic year 2024/25,released
rgn-north-east,permanent_exclusion_rate,2025,overall,,,969.0,391093.0,0.24777,,0.24777,100,,"DfE, Suspensions and permanent exclusions in England",academic year 2024/25,released
rgn-north-east,permanent_exclusion_rate,2025,by_ethnicity,Other,,6.0,6600.0,0.09091,,0.09091,100,,"DfE, Suspensions and permanent exclusions in England",academic year 2024/25,released
rgn-north-east,permanent_exclusion_rate,2025,by_ethnicity,White,,886.0,332735.0,0.26628,,0.26628,100,,"DfE, Suspensions and permanent exclusions in England",academic year 2024/25,released
rgn-north-west,permanent_exclusion_rate,2024,by_ethnicity,Asian,,99.0,148955.0,0.06646,,0.06646,100,,"DfE, Suspensions and permanent exclusions in England",academic year 2023/24,released
rgn-north-west,permanent_exclusion_rate,2024,by_ethnicity,Black,,78.0,50188.0,0.15542,,0.15542,100,,"DfE, Suspensions and permanent exclusions in England",academic year 2023/24,released
rgn-north-west,permanent_exclusion_rate,2024,by_ethnicity,Mixed,,150.0,59132.0,0.25367,,0.25367,100,,"DfE, Suspensions and permanent exclusions in England",academic year 2023/24,released
rgn-north-west,permanent_exclusion_rate,2024,overall,,,2065.0,1144993.0,0.18035,,0.18035,100,,"DfE, Suspensions and permanent exclusions in England",academic year 2023/24,released
rgn-north-west,permanent_exclusion_rate,2024,by_ethnicity,Other,,32.0,25658.0,0.12472,,0.12472,100,,"DfE, Suspensions and permanent exclusions in England",academic year 2023/24,released
rgn-north-west,permanent_exclusion_rate,2024,by_ethnicity,White,,1658.0,846802.0,0.1958,,0.1958,100,,"DfE, Suspensions and permanent exclusions in England",academic year 2023/24,released
rgn-north-west,permanent_exclusion_rate,2025,by_ethnicity,Asian,,93.0,154109.0,0.06035,,0.06035,100,,"DfE, Suspensions and permanent exclusions in England",academic year 2024/25,released
rgn-north-west,permanent_exclusion_rate,2025,by_ethnicity,Black,,59.0,55110.0,0.10706,,0.10706,100,,"DfE, Suspensions and permanent exclusions in England",academic year 2024/25,released
rgn-north-west,permanent_exclusion_rate,2025,by_ethnicity,Mixed,,115.0,60217.0,0.19098,,0.19098,100,,"DfE, Suspensions and permanent exclusions in England",academic year 2024/25,released
rgn-north-west,permanent_exclusion_rate,2025,overall,,,1969.0,1139106.0,0.17285,,0.17285,100,,"DfE, Suspensions and permanent exclusions in England",academic year 2024/25,released
rgn-north-west,permanent_exclusion_rate,2025,by_ethnicity,Other,,28.0,27428.0,0.10209,,0.10209,100,,"DfE, Suspensions and permanent exclusions in England",academic year 2024/25,released
rgn-north-west,permanent_exclusion_rate,2025,by_ethnicity,White,,1616.0,826796.0,0.19545,,0.19545,100,,"DfE, Suspensions and permanent exclusions in England",academic year 2024/25,released
rgn-south-east,permanent_exclusion_rate,2024,by_ethnicity,Asian,,37.0,140278.0,0.02638,,0.02638,100,,"DfE, Suspensions and permanent exclusions in England",academic year 2023/24,released
rgn-south-east,permanent_exclusion_rate,2024,by_ethnicity,Black,,21.0,57287.0,0.03666,,0.03666,100,,"DfE, Suspensions and permanent exclusions in England",academic year 2023/24,released
rgn-south-east,permanent_exclusion_rate,2024,by_ethnicity,Mixed,,95.0,97213.0,0.09772,,0.09772,100,,"DfE, Suspensions and permanent exclusions in England",academic year 2023/24,released
rgn-south-east,permanent_exclusion_rate,2024,overall,,,984.0,1343548.0,0.07324,,0.07324,100,,"DfE, Suspensions and permanent exclusions in England",academic year 2023/24,released
rgn-south-east,permanent_exclusion_rate,2024,by_ethnicity,Other,,7.0,18548.0,0.03774,,0.03774,100,,"DfE, Suspensions and permanent exclusions in England",academic year 2023/24,released
rgn-south-east,permanent_exclusion_rate,2024,by_ethnicity,White,,794.0,1008452.0,0.07873,,0.07873,100,,"DfE, Suspensions and permanent exclusions in England",academic year 2023/24,released
rgn-south-east,permanent_exclusion_rate,2025,by_ethnicity,Asian,,28.0,146766.0,0.01908,,0.01908,100,,"DfE, Suspensions and permanent exclusions in England",academic year 2024/25,released
rgn-south-east,permanent_exclusion_rate,2025,by_ethnicity,Black,,24.0,64034.0,0.03748,,0.03748,100,,"DfE, Suspensions and permanent exclusions in England",academic year 2024/25,released
rgn-south-east,permanent_exclusion_rate,2025,by_ethnicity,Mixed,,94.0,99683.0,0.0943,,0.0943,100,,"DfE, Suspensions and permanent exclusions in England",academic year 2024/25,released
rgn-south-east,permanent_exclusion_rate,2025,overall,,,796.0,1340372.0,0.05939,,0.05939,100,,"DfE, Suspensions and permanent exclusions in England",academic year 2024/25,released
rgn-south-east,permanent_exclusion_rate,2025,by_ethnicity,Other,,13.0,19694.0,0.06601,,0.06601,100,,"DfE, Suspensions and permanent exclusions in England",academic year 2024/25,released
rgn-south-east,permanent_exclusion_rate,2025,by_ethnicity,White,,620.0,989153.0,0.06268,,0.06268,100,,"DfE, Suspensions and permanent exclusions in England",academic year 2024/25,released
rgn-south-west,permanent_exclusion_rate,2024,by_ethnicity,Asian,,8.0,33640.0,0.02378,,0.02378,100,,"DfE, Suspensions and permanent exclusions in England",academic year 2023/24,released
rgn-south-west,permanent_exclusion_rate,2024,by_ethnicity,Black,,27.0,19112.0,0.14127,,0.14127,100,,"DfE, Suspensions and permanent exclusions in England",academic year 2023/24,released
rgn-south-west,permanent_exclusion_rate,2024,by_ethnicity,Mixed,,68.0,36141.0,0.18815,,0.18815,100,,"DfE, Suspensions and permanent exclusions in England",academic year 2023/24,released
rgn-south-west,permanent_exclusion_rate,2024,overall,,,1128.0,769881.0,0.14652,,0.14652,100,,"DfE, Suspensions and permanent exclusions in England",academic year 2023/24,released
rgn-south-west,permanent_exclusion_rate,2024,by_ethnicity,Other,,9.0,7325.0,0.12287,,0.12287,100,,"DfE, Suspensions and permanent exclusions in England",academic year 2023/24,released
rgn-south-west,permanent_exclusion_rate,2024,by_ethnicity,White,,999.0,660666.0,0.15121,,0.15121,100,,"DfE, Suspensions and permanent exclusions in England",academic year 2023/24,released
rgn-south-west,permanent_exclusion_rate,2025,by_ethnicity,Asian,,6.0,36573.0,0.01641,,0.01641,100,,"DfE, Suspensions and permanent exclusions in England",academic year 2024/25,released
rgn-south-west,permanent_exclusion_rate,2025,by_ethnicity,Black,,19.0,22737.0,0.08356,,0.08356,100,,"DfE, Suspensions and permanent exclusions in England",academic year 2024/25,released
rgn-south-west,permanent_exclusion_rate,2025,by_ethnicity,Mixed,,63.0,36908.0,0.17069,,0.17069,100,,"DfE, Suspensions and permanent exclusions in England",academic year 2024/25,released
rgn-south-west,permanent_exclusion_rate,2025,overall,,,945.0,763890.0,0.12371,,0.12371,100,,"DfE, Suspensions and permanent exclusions in England",academic year 2024/25,released
rgn-south-west,permanent_exclusion_rate,2025,by_ethnicity,Other,,2.0,8080.0,0.02475,,0.02475,100,,"DfE, Suspensions and permanent exclusions in England",academic year 2024/25,released
rgn-south-west,permanent_exclusion_rate,2025,by_ethnicity,White,,833.0,646021.0,0.12894,,0.12894,100,,"DfE, Suspensions and permanent exclusions in England",academic year 2024/25,released
rgn-wales,permanent_exclusion_rate,2024,by_ethnicity,Asian,,,,0.03455,,0.34554,1000,,"StatsWales, Permanent and fixed-term exclusions from schools",academic year 2023/24,released
rgn-wales,permanent_exclusion_rate,2024,by_ethnicity,Black,,,,0.0847,,0.84705,1000,,"StatsWales, Permanent and fixed-term exclusions from schools",academic year 2023/24,released
rgn-wales,permanent_exclusion_rate,2024,by_ethnicity,Mixed,,,,0.05294,,0.52944,1000,,"StatsWales, Permanent and fixed-term exclusions from schools",academic year 2023/24,released
rgn-wales,permanent_exclusion_rate,2024,by_ethnicity,Other,,,,0.07903,,0.79031,1000,,"StatsWales, Permanent and fixed-term exclusions from schools",academic year 2023/24,released
rgn-wales,permanent_exclusion_rate,2024,by_ethnicity,White,,,,0.09247,,0.92468,1000,,"StatsWales, Permanent and fixed-term exclusions from schools",academic year 2023/24,released
rgn-west-midlands,permanent_exclusion_rate,2024,by_ethnicity,Asian,,111.0,184512.0,0.06016,,0.06016,100,,"DfE, Suspensions and permanent exclusions in England",academic year 2023/24,released
rgn-west-midlands,permanent_exclusion_rate,2024,by_ethnicity,Black,,97.0,68869.0,0.14085,,0.14085,100,,"DfE, Suspensions and permanent exclusions in England",academic year 2023/24,released
rgn-west-midlands,permanent_exclusion_rate,2024,by_ethnicity,Mixed,,190.0,70506.0,0.26948,,0.26948,100,,"DfE, Suspensions and permanent exclusions in England",academic year 2023/24,released
rgn-west-midlands,permanent_exclusion_rate,2024,overall,,,1483.0,955176.0,0.15526,,0.15526,100,,"DfE, Suspensions and permanent exclusions in England",academic year 2023/24,released
rgn-west-midlands,permanent_exclusion_rate,2024,by_ethnicity,Other,,19.0,22944.0,0.08281,,0.08281,100,,"DfE, Suspensions and permanent exclusions in England",academic year 2023/24,released
rgn-west-midlands,permanent_exclusion_rate,2024,by_ethnicity,White,,1036.0,592839.0,0.17475,,0.17475,100,,"DfE, Suspensions and permanent exclusions in England",academic year 2023/24,released
rgn-west-midlands,permanent_exclusion_rate,2025,by_ethnicity,Asian,,122.0,188159.0,0.06484,,0.06484,100,,"DfE, Suspensions and permanent exclusions in England",academic year 2024/25,released
rgn-west-midlands,permanent_exclusion_rate,2025,by_ethnicity,Black,,109.0,73682.0,0.14793,,0.14793,100,,"DfE, Suspensions and permanent exclusions in England",academic year 2024/25,released
rgn-west-midlands,permanent_exclusion_rate,2025,by_ethnicity,Mixed,,158.0,71843.0,0.21992,,0.21992,100,,"DfE, Suspensions and permanent exclusions in England",academic year 2024/25,released
rgn-west-midlands,permanent_exclusion_rate,2025,overall,,,1332.0,952158.0,0.13989,,0.13989,100,,"DfE, Suspensions and permanent exclusions in England",academic year 2024/25,released
rgn-west-midlands,permanent_exclusion_rate,2025,by_ethnicity,Other,,21.0,24038.0,0.08736,,0.08736,100,,"DfE, Suspensions and permanent exclusions in England",academic year 2024/25,released
rgn-west-midlands,permanent_exclusion_rate,2025,by_ethnicity,White,,880.0,579631.0,0.15182,,0.15182,100,,"DfE, Suspensions and permanent exclusions in England",academic year 2024/25,released
rgn-yorkshire-and-the-humber,permanent_exclusion_rate,2024,by_ethnicity,Asian,,87.0,113360.0,0.07675,,0.07675,100,,"DfE, Suspensions and permanent exclusions in England",academic year 2023/24,released
rgn-yorkshire-and-the-humber,permanent_exclusion_rate,2024,by_ethnicity,Black,,23.0,34857.0,0.06598,,0.06598,100,,"DfE, Suspensions and permanent exclusions in England",academic year 2023/24,released
rgn-yorkshire-and-the-humber,permanent_exclusion_rate,2024,by_ethnicity,Mixed,,88.0,45370.0,0.19396,,0.19396,100,,"DfE, Suspensions and permanent exclusions in England",academic year 2023/24,released
rgn-yorkshire-and-the-humber,permanent_exclusion_rate,2024,overall,,,1173.0,846822.0,0.13852,,0.13852,100,,"DfE, Suspensions and permanent exclusions in England",academic year 2023/24,released
rgn-yorkshire-and-the-humber,permanent_exclusion_rate,2024,by_ethnicity,Other,,16.0,15441.0,0.10362,,0.10362,100,,"DfE, Suspensions and permanent exclusions in England",academic year 2023/24,released
rgn-yorkshire-and-the-humber,permanent_exclusion_rate,2024,by_ethnicity,White,,932.0,624107.0,0.14933,,0.14933,100,,"DfE, Suspensions and permanent exclusions in England",academic year 2023/24,released
rgn-yorkshire-and-the-humber,permanent_exclusion_rate,2025,by_ethnicity,Asian,,80.0,115074.0,0.06952,,0.06952,100,,"DfE, Suspensions and permanent exclusions in England",academic year 2024/25,released
rgn-yorkshire-and-the-humber,permanent_exclusion_rate,2025,by_ethnicity,Black,,24.0,39014.0,0.06152,,0.06152,100,,"DfE, Suspensions and permanent exclusions in England",academic year 2024/25,released
rgn-yorkshire-and-the-humber,permanent_exclusion_rate,2025,by_ethnicity,Mixed,,76.0,45945.0,0.16542,,0.16542,100,,"DfE, Suspensions and permanent exclusions in England",academic year 2024/25,released
rgn-yorkshire-and-the-humber,permanent_exclusion_rate,2025,overall,,,1080.0,840475.0,0.1285,,0.1285,100,,"DfE, Suspensions and permanent exclusions in England",academic year 2024/25,released
rgn-yorkshire-and-the-humber,permanent_exclusion_rate,2025,by_ethnicity,Other,,17.0,16578.0,0.10255,,0.10255,100,,"DfE, Suspensions and permanent exclusions in England",academic year 2024/25,released
rgn-yorkshire-and-the-humber,permanent_exclusion_rate,2025,by_ethnicity,White,,846.0,610263.0,0.13863,,0.13863,100,,"DfE, Suspensions and permanent exclusions in England",academic year 2024/25,released
pf-avon-and-somerset,stop_search_rate,2025,by_ethnicity,Asian,23,,,0.3533,3.53303,,1000,,"Home Office, Police powers and procedures: stop and search open data tables",year ending 31 March 2025,released
pf-avon-and-somerset,stop_search_rate,2025,by_ethnicity,Black,64,,,1.17109,11.71089,,1000,,"Home Office, Police powers and procedures: stop and search open data tables",year ending 31 March 2025,released
pf-avon-and-somerset,stop_search_rate,2025,by_ethnicity,Mixed,52,,,0.62568,6.25677,,1000,,"Home Office, Police powers and procedures: stop and search open data tables",year ending 31 March 2025,released
pf-avon-and-somerset,stop_search_rate,2025,overall,,1163,,,0.75566,7.55656,,1000,,"Home Office, Police powers and procedures: stop and search open data tables",year ending 31 March 2025,released
pf-avon-and-somerset,stop_search_rate,2025,by_ethnicity,Other,7,,,0.41371,4.13712,,1000,,"Home Office, Police powers and procedures: stop and search open data tables",year ending 31 March 2025,released
pf-avon-and-somerset,stop_search_rate,2025,by_ethnicity,White,719,,,0.54499,5.44994,,1000,,"Home Office, Police powers and procedures: stop and search open data tables",year ending 31 March 2025,released
pf-bedfordshire,stop_search_rate,2025,by_ethnicity,Asian,48,,,0.29486,2.94858,,1000,,"Home Office, Police powers and procedures: stop and search open data tables",year ending 31 March 2025,released
pf-bedfordshire,stop_search_rate,2025,by_ethnicity,Black,50,,,0.96507,9.65065,,1000,,"Home Office, Police powers and procedures: stop and search open data tables",year ending 31 March 2025,released
pf-bedfordshire,stop_search_rate,2025,by_ethnicity,Mixed,30,,,0.52119,5.21195,,1000,,"Home Office, Police powers and procedures: stop and search open data tables",year ending 31 March 2025,released
pf-bedfordshire,stop_search_rate,2025,overall,,486,,,0.67046,6.70465,,1000,,"Home Office, Police powers and procedures: stop and search open data tables",year ending 31 March 2025,released
pf-bedfordshire,stop_search_rate,2025,by_ethnicity,Other,7,,,0.42683,4.26829,,1000,,"Home Office, Police powers and procedures: stop and search open data tables",year ending 31 March 2025,released
pf-bedfordshire,stop_search_rate,2025,by_ethnicity,White,249,,,0.57069,5.70695,,1000,,"Home Office, Police powers and procedures: stop and search open data tables",year ending 31 March 2025,released
pf-cambridgeshire,stop_search_rate,2025,by_ethnicity,Asian,,,,,,,1000,,"Home Office, Police powers and procedures: stop and search open data tables",year ending 31 March 2025,suppressed
pf-cambridgeshire,stop_search_rate,2025,by_ethnicity,Black,41,,,1.77874,17.78742,,1000,,"Home Office, Police powers and procedures: stop and search open data tables",year ending 31 March 2025,released
pf-cambridgeshire,stop_search_rate,2025,by_ethnicity,Mixed,23,,,0.4396,4.39602,,1000,,"Home Office, Police powers and procedures: stop and search open data tables",year ending 31 March 2025,released
pf-cambridgeshire,stop_search_rate,2025,overall,,440,,,0.52363,5.23629,,1000,,"Home Office, Police powers and procedures: stop and search open data tables",year ending 31 March 2025,released
pf-cambridgeshire,stop_search_rate,2025,by_ethnicity,Other,,,,,,,1000,,"Home Office, Police powers and procedures: stop and search open data tables",year ending 31 March 2025,suppressed
pf-cambridgeshire,stop_search_rate,2025,by_ethnicity,White,304,,,0.45547,4.55472,,1000,,"Home Office, Police powers and procedures: stop and search open data tables",year ending 31 March 2025,released
pf-cheshire,stop_search_rate,2025,by_ethnicity,Asian,32,,,1.24805,12.4805,,1000,,"Home Office, Police powers and procedures: stop and search open data tables",year ending 31 March 2025,released
pf-cheshire,stop_search_rate,2025,by_ethnicity,Black,70,,,12.41135,124.11348,,1000,,"Home Office, Police powers and procedures: stop and search open data tables",year ending 31 March 2025,released
pf-cheshire,stop_search_rate,2025,by_ethnicity,Mixed,73,,,2.02609,20.26089,,1000,,"Home Office, Police powers and procedures: stop and search open data tables",year ending 31 March 2025,released
pf-cheshire,stop_search_rate,2025,overall,,2663,,,2.63439,26.34391,,1000,,"Home Office, Police powers and procedures: stop and search open data tables",year ending 31 March 2025,released
pf-cheshire,stop_search_rate,2025,by_ethnicity,Other,39,,,4.91184,49.11839,,1000,,"Home Office, Police powers and procedures: stop and search open data tables",year ending 31 March 2025,released
pf-cheshire,stop_search_rate,2025,by_ethnicity,White,2303,,,2.4615,24.61496,,1000,,"Home Office, Police powers and procedures: stop and search open data tables",year ending 31 March 2025,released
pf-cleveland,stop_search_rate,2025,by_ethnicity,Asian,26,,,0.70633,7.0633,,1000,,"Home Office, Police powers and procedures: stop and search open data tables",year ending 31 March 2025,released
pf-cleveland,stop_search_rate,2025,by_ethnicity,Black,13,,,1.59705,15.97052,,1000,,"Home Office, Police powers and procedures: stop and search open data tables",year ending 31 March 2025,released
pf-cleveland,stop_search_rate,2025,by_ethnicity,Mixed,28,,,1.74564,17.45636,,1000,,"Home Office, Police powers and procedures: stop and search open data tables",year ending 31 March 2025,released
pf-cleveland,stop_search_rate,2025,overall,,984,,,1.73658,17.36583,,1000,,"Home Office, Police powers and procedures: stop and search open data tables",year ending 31 March 2025,released
pf-cleveland,stop_search_rate,2025,by_ethnicity,Other,9,,,0.97297,9.72973,,1000,,"Home Office, Police powers and procedures: stop and search open data tables",year ending 31 March 2025,released
pf-cleveland,stop_search_rate,2025,by_ethnicity,White,812,,,1.63581,16.35811,,1000,,"Home Office, Police powers and procedures: stop and search open data tables",year ending 31 March 2025,released
pf-cumbria,stop_search_rate,2025,by_ethnicity,Asian,17,,,3.44828,34.48276,,1000,,"Home Office, Police powers and procedures: stop and search open data tables",year ending 31 March 2025,released
pf-cumbria,stop_search_rate,2025,by_ethnicity,Black,11,,,9.90991,99.0991,,1000,,"Home Office, Police powers and procedures: stop and search open data tables",year ending 31 March 2025,released
pf-cumbria,stop_search_rate,2025,by_ethnicity,Mixed,13,,,1.66667,16.66667,,1000,,"Home Office, Police powers and procedures: stop and search open data tables",year ending 31 March 2025,released
pf-cumbria,stop_search_rate,2025,overall,,1393,,,3.25825,32.58251,,1000,,"Home Office, Police powers and procedures: stop and search open data tables",year ending 31 March 2025,released
pf-cumbria,stop_search_rate,2025,by_ethnicity,Other,8,,,4.67836,46.78363,,1000,,"Home Office, Police powers and procedures: stop and search open data tables",year ending 31 March 2025,released
pf-cumbria,stop_search_rate,2025,by_ethnicity,White,1231,,,2.98801,29.88009,,1000,,"Home Office, Police powers and procedures: stop and search open data tables",year ending 31 March 2025,released
pf-derbyshire,stop_search_rate,2025,by_ethnicity,Asian,32,,,0.49543,4.95433,,1000,,"Home Office, Police powers and procedures: stop and search open data tables",year ending 31 March 2025,released
pf-derbyshire,stop_search_rate,2025,by_ethnicity,Black,27,,,1.65239,16.52387,,1000,,"Home Office, Police powers and procedures: stop and search open data tables",year ending 31 March 2025,released
pf-derbyshire,stop_search_rate,2025,by_ethnicity,Mixed,29,,,0.6699,6.69901,,1000,,"Home Office, Police powers and procedures: stop and search open data tables",year ending 31 March 2025,released
pf-derbyshire,stop_search_rate,2025,overall,,609,,,0.62989,6.29894,,1000,,"Home Office, Police powers and procedures: stop and search open data tables",year ending 31 March 2025,released
pf-derbyshire,stop_search_rate,2025,by_ethnicity,Other,10,,,0.74405,7.44048,,1000,,"Home Office, Police powers and procedures: stop and search open data tables",year ending 31 March 2025,released
pf-derbyshire,stop_search_rate,2025,by_ethnicity,White,489,,,0.58975,5.89746,,1000,,"Home Office, Police powers and procedures: stop and search open data tables",year ending 31 March 2025,released
pf-devon-and-cornwall,stop_search_rate,2025,by_ethnicity,Asian,,,,,,,1000,,"Home Office, Police powers and procedures: stop and search open data tables",year ending 31 March 2025,suppressed
pf-devon-and-cornwall,stop_search_rate,2025,by_ethnicity,Black,19,,,3.64683,36.46833,,1000,,"Home Office, Police powers and procedures: stop and search open data tables",year ending 31 March 2025,released
pf-devon-and-cornwall,stop_search_rate,2025,by_ethnicity,Mixed,31,,,0.63162,6.31622,,1000,,"Home Office, Police powers and procedures: stop and search open data tables",year ending 31 March 2025,released
pf-devon-and-cornwall,stop_search_rate,2025,overall,,1168,,,0.76617,7.66173,,1000,,"Home Office, Police powers and procedures: stop and search open data tables",year ending 31 March 2025,released
pf-devon-and-cornwall,stop_search_rate,2025,by_ethnicity,Other,,,,,,,1000,,"Home Office, Police powers and procedures: stop and search open data tables",year ending 31 March 2025,suppressed
pf-devon-and-cornwall,stop_search_rate,2025,by_ethnicity,White,1015,,,0.70749,7.07495,,1000,,"Home Office, Police powers and procedures: stop and search open data tables",year ending 31 March 2025,released
pf-dorset,stop_search_rate,2025,by_ethnicity,Asian,,,,,,,1000,,"Home Office, Police powers and procedures: stop and search open data tables",year ending 31 March 2025,suppressed
pf-dorset,stop_search_rate,2025,by_ethnicity,Black,11,,,2.407,24.07002,,1000,,"Home Office, Police powers and procedures: stop and search open data tables",year ending 31 March 2025,released
pf-dorset,stop_search_rate,2025,by_ethnicity,Mixed,,,,,,,1000,,"Home Office, Police powers and procedures: stop and search open data tables",year ending 31 March 2025,suppressed
pf-dorset,stop_search_rate,2025,overall,,315,,,0.47669,4.76695,,1000,,"Home Office, Police powers and procedures: stop and search open data tables",year ending 31 March 2025,released
pf-dorset,stop_search_rate,2025,by_ethnicity,Other,0,,,0.0,0.0,,1000,,"Home Office, Police powers and procedures: stop and search open data tables",year ending 31 March 2025,released
pf-dorset,stop_search_rate,2025,by_ethnicity,White,233,,,0.38822,3.88217,,1000,,"Home Office, Police powers and procedures: stop and search open data tables",year ending 31 March 2025,released
pf-durham,stop_search_rate,2025,by_ethnicity,Asian,9,,,0.94538,9.45378,,1000,,"Home Office, Police powers and procedures: stop and search open data tables",year ending 31 March 2025,released
pf-durham,stop_search_rate,2025,by_ethnicity,Black,,,,,,,1000,,"Home Office, Police powers and procedures: stop and search open data tables",year ending 31 March 2025,suppressed
pf-durham,stop_search_rate,2025,by_ethnicity,Mixed,,,,,,,1000,,"Home Office, Police powers and procedures: stop and search open data tables",year ending 31 March 2025,suppressed
pf-durham,stop_search_rate,2025,overall,,471,,,0.83567,8.35669,,1000,,"Home Office, Police powers and procedures: stop and search open data tables",year ending 31 March 2025,released
pf-durham,stop_search_rate,2025,by_ethnicity,Other,0,,,0.0,0.0,,1000,,"Home Office, Police powers and procedures: stop and search open data tables",year ending 31 March 2025,released
pf-durham,stop_search_rate,2025,by_ethnicity,White,430,,,0.80121,8.01207,,1000,,"Home Office, Police powers and procedures: stop and search open data tables",year ending 31 March 2025,released
pf-dyfed-powys,stop_search_rate,2025,by_ethnicity,Asian,0,,,0.0,0.0,,1000,,"Home Office, Police powers and procedures: stop and search open data tables",year ending 31 March 2025,released
pf-dyfed-powys,stop_search_rate,2025,by_ethnicity,Black,,,,,,,1000,,"Home Office, Police powers and procedures: stop and search open data tables",year ending 31 March 2025,suppressed
pf-dyfed-powys,stop_search_rate,2025,by_ethnicity,Mixed,18,,,1.84615,18.46154,,1000,,"Home Office, Police powers and procedures: stop and search open data tables",year ending 31 March 2025,released
pf-dyfed-powys,stop_search_rate,2025,overall,,788,,,1.74063,17.40629,,1000,,"Home Office, Police powers and procedures: stop and search open data tables",year ending 31 March 2025,released
pf-dyfed-powys,stop_search_rate,2025,by_ethnicity,Other,,,,,,,1000,,"Home Office, Police powers and procedures: stop and search open data tables",year ending 31 March 2025,suppressed
pf-dyfed-powys,stop_search_rate,2025,by_ethnicity,White,711,,,1.64477,16.44767,,1000,,"Home Office, Police powers and procedures: stop and search open data tables",year ending 31 March 2025,released
pf-essex,stop_search_rate,2025,by_ethnicity,Asian,43,,,0.49465,4.94651,,1000,,"Home Office, Police powers and procedures: stop and search open data tables",year ending 31 March 2025,released
pf-essex,stop_search_rate,2025,by_ethnicity,Black,168,,,1.76156,17.6156,,1000,,"Home Office, Police powers and procedures: stop and search open data tables",year ending 31 March 2025,released
pf-essex,stop_search_rate,2025,by_ethnicity,Mixed,101,,,1.03356,10.33565,,1000,,"Home Office, Police powers and procedures: stop and search open data tables",year ending 31 March 2025,released
pf-essex,stop_search_rate,2025,overall,,2857,,,1.61023,16.10231,,1000,,"Home Office, Police powers and procedures: stop and search open data tables",year ending 31 March 2025,released
pf-essex,stop_search_rate,2025,by_ethnicity,Other,27,,,1.40333,14.03326,,1000,,"Home Office, Police powers and procedures: stop and search open data tables",year ending 31 March 2025,released
pf-essex,stop_search_rate,2025,by_ethnicity,White,1819,,,1.2332,12.33204,,1000,,"Home Office, Police powers and procedures: stop and search open data tables",year ending 31 March 2025,released
pf-gloucestershire,stop_search_rate,2025,by_ethnicity,Asian,,,,,,,1000,,"Home Office, Police powers and procedures: stop and search open data tables",year ending 31 March 2025,suppressed
pf-gloucestershire,stop_search_rate,2025,by_ethnicity,Black,17,,,1.72239,17.22391,,1000,,"Home Office, Police powers and procedures: stop and search open data tables",year ending 31 March 2025,released
pf-gloucestershire,stop_search_rate,2025,by_ethnicity,Mixed,26,,,0.83979,8.39793,,1000,,"Home Office, Police powers and procedures: stop and search open data tables",year ending 31 March 2025,released
pf-gloucestershire,stop_search_rate,2025,overall,,487,,,0.826,8.25998,,1000,,"Home Office, Police powers and procedures: stop and search open data tables",year ending 31 March 2025,released
pf-gloucestershire,stop_search_rate,2025,by_ethnicity,Other,,,,,,,1000,,"Home Office, Police powers and procedures: stop and search open data tables",year ending 31 March 2025,suppressed
pf-gloucestershire,stop_search_rate,2025,by_ethnicity,White,376,,,0.72475,7.24749,,1000,,"Home Office, Police powers and procedures: stop and search open data tables",year ending 31 March 2025,released
pf-greater-manchester,stop_search_rate,2025,by_ethnicity,Asian,931,,,1.67727,16.77266,,1000,,"Home Office, Police powers and procedures: stop and search open data tables",year ending 31 March 2025,released
pf-greater-manchester,stop_search_rate,2025,by_ethnicity,Black,934,,,4.30117,43.01174,,1000,,"Home Office, Police powers and procedures: stop and search open data tables",year ending 31 March 2025,released
pf-greater-manchester,stop_search_rate,2025,by_ethnicity,Mixed,349,,,2.114,21.13998,,1000,,"Home Office, Police powers and procedures: stop and search open data tables",year ending 31 March 2025,released
pf-greater-manchester,stop_search_rate,2025,overall,,10459,,,3.56255,35.62548,,1000,,"Home Office, Police powers and procedures: stop and search open data tables",year ending 31 March 2025,released
pf-greater-manchester,stop_search_rate,2025,by_ethnicity,Other,103,,,1.11969,11.19687,,1000,,"Home Office, Police powers and procedures: stop and search open data tables",year ending 31 March 2025,released
pf-greater-manchester,stop_search_rate,2025,by_ethnicity,White,6379,,,3.34589,33.45887,,1000,,"Home Office, Police powers and procedures: stop and search open data tables",year ending 31 March 2025,released
pf-gwent,stop_search_rate,2025,by_ethnicity,Asian,,,,,,,1000,,"Home Office, Police powers and procedures: stop and search open data tables",year ending 31 March 2025,suppressed
pf-gwent,stop_search_rate,2025,by_ethnicity,Black,14,,,2.40137,24.01372,,1000,,"Home Office, Police powers and procedures: stop and search open data tables",year ending 31 March 2025,released
pf-gwent,stop_search_rate,2025,by_ethnicity,Mixed,16,,,0.89186,8.91862,,1000,,"Home Office, Police powers and procedures: stop and search open data tables",year ending 31 March 2025,released
pf-gwent,stop_search_rate,2025,overall,,1009,,,1.81078,18.10775,,1000,,"Home Office, Police powers and procedures: stop and search open data tables",year ending 31 March 2025,released
pf-gwent,stop_search_rate,2025,by_ethnicity,Other,,,,,,,1000,,"Home Office, Police powers and procedures: stop and search open data tables",year ending 31 March 2025,suppressed
pf-gwent,stop_search_rate,2025,by_ethnicity,White,619,,,1.22591,12.25913,,1000,,"Home Office, Police powers and procedures: stop and search open data tables",year ending 31 March 2025,released
pf-hampshire,stop_search_rate,2025,by_ethnicity,Asian,105,,,1.13415,11.34154,,1000,,"Home Office, Police powers and procedures: stop and search open data tables",year ending 31 March 2025,released
pf-hampshire,stop_search_rate,2025,by_ethnicity,Black,101,,,3.10961,31.09606,,1000,,"Home Office, Police powers and procedures: stop and search open data tables",year ending 31 March 2025,released
pf-hampshire,stop_search_rate,2025,by_ethnicity,Mixed,111,,,1.34285,13.4285,,1000,,"Home Office, Police powers and procedures: stop and search open data tables",year ending 31 March 2025,released
pf-hampshire,stop_search_rate,2025,overall,,2878,,,1.60561,16.05606,,1000,,"Home Office, Police powers and procedures: stop and search open data tables",year ending 31 March 2025,released
pf-hampshire,stop_search_rate,2025,by_ethnicity,Other,50,,,2.5355,25.35497,,1000,,"Home Office, Police powers and procedures: stop and search open data tables",year ending 31 March 2025,released
pf-hampshire,stop_search_rate,2025,by_ethnicity,White,2156,,,1.37761,13.77609,,1000,,"Home Office, Police powers and procedures: stop and search open data tables",year ending 31 March 2025,released
pf-hertfordshire,stop_search_rate,2025,by_ethnicity,Asian,55,,,0.46669,4.66695,,1000,,"Home Office, Police powers and procedures: stop and search open data tables",year ending 31 March 2025,released
pf-hertfordshire,stop_search_rate,2025,by_ethnicity,Black,100,,,1.67729,16.7729,,1000,,"Home Office, Police powers and procedures: stop and search open data tables",year ending 31 March 2025,released
pf-hertfordshire,stop_search_rate,2025,by_ethnicity,Mixed,70,,,0.73988,7.3988,,1000,,"Home Office, Police powers and procedures: stop and search open data tables",year ending 31 March 2025,released
pf-hertfordshire,stop_search_rate,2025,overall,,1335,,,1.09296,10.92963,,1000,,"Home Office, Police powers and procedures: stop and search open data tables",year ending 31 March 2025,released
pf-hertfordshire,stop_search_rate,2025,by_ethnicity,Other,19,,,0.74951,7.49507,,1000,,"Home Office, Police powers and procedures: stop and search open data tables",year ending 31 March 2025,released
pf-hertfordshire,stop_search_rate,2025,by_ethnicity,White,759,,,0.82141,8.21411,,1000,,"Home Office, Police powers and procedures: stop and search open data tables",year ending 31 March 2025,released
pf-humberside,stop_search_rate,2025,by_ethnicity,Asian,,,,,,,1000,,"Home Office, Police powers and procedures: stop and search open data tables",year ending 31 March 2025,suppressed
pf-humberside,stop_search_rate,2025,by_ethnicity,Black,10,,,1.06724,10.67236,,1000,,"Home Office, Police powers and procedures: stop and search open data tables",year ending 31 March 2025,released
pf-humberside,stop_search_rate,2025,by_ethnicity,Mixed,7,,,0.30224,3.02245,,1000,,"Home Office, Police powers and procedures: stop and search open data tables",year ending 31 March 2025,released
pf-humberside,stop_search_rate,2025,overall,,959,,,1.11002,11.10018,,1000,,"Home Office, Police powers and procedures: stop and search open data tables",year ending 31 March 2025,released
pf-humberside,stop_search_rate,2025,by_ethnicity,Other,,,,,,,1000,,"Home Office, Police powers and procedures: stop and search open data tables",year ending 31 March 2025,suppressed
pf-humberside,stop_search_rate,2025,by_ethnicity,White,616,,,0.77089,7.70887,,1000,,"Home Office, Police powers and procedures: stop and search open data tables",year ending 31 March 2025,released
pf-kent,stop_search_rate,2025,by_ethnicity,Asian,27,,,0.27122,2.7122,,1000,,"Home Office, Police powers and procedures: stop and search open data tables",year ending 31 March 2025,released
pf-kent,stop_search_rate,2025,by_ethnicity,Black,125,,,1.46834,14.68343,,1000,,"Home Office, Police powers and procedures: stop and search open data tables",year ending 31 March 2025,released
pf-kent,stop_search_rate,2025,by_ethnicity,Mixed,114,,,1.18392,11.83924,,1000,,"Home Office, Police powers and procedures: stop and search open data tables",year ending 31 March 2025,released
pf-kent,stop_search_rate,2025,overall,,2871,,,1.57776,15.77759,,1000,,"Home Office, Police powers and procedures: stop and search open data tables",year ending 31 March 2025,released
pf-kent,stop_search_rate,2025,by_ethnicity,Other,52,,,2.06186,20.61856,,1000,,"Home Office, Police powers and procedures: stop and search open data tables",year ending 31 March 2025,released
pf-kent,stop_search_rate,2025,by_ethnicity,White,1930,,,1.27521,12.75207,,1000,,"Home Office, Police powers and procedures: stop and search open data tables",year ending 31 March 2025,released
pf-lancashire,stop_search_rate,2025,by_ethnicity,Asian,158,,,0.65833,6.58333,,1000,,"Home Office, Police powers and procedures: stop and search open data tables",year ending 31 March 2025,released
pf-lancashire,stop_search_rate,2025,by_ethnicity,Black,62,,,5.74606,57.46061,,1000,,"Home Office, Police powers and procedures: stop and search open data tables",year ending 31 March 2025,released
pf-lancashire,stop_search_rate,2025,by_ethnicity,Mixed,61,,,1.18516,11.85156,,1000,,"Home Office, Police powers and procedures: stop and search open data tables",year ending 31 March 2025,released
pf-lancashire,stop_search_rate,2025,overall,,3284,,,2.22928,22.29282,,1000,,"Home Office, Police powers and procedures: stop and search open data tables",year ending 31 March 2025,released
pf-lancashire,stop_search_rate,2025,by_ethnicity,Other,13,,,0.87957,8.79567,,1000,,"Home Office, Police powers and procedures: stop and search open data tables",year ending 31 March 2025,released
pf-lancashire,stop_search_rate,2025,by_ethnicity,White,2579,,,2.23081,22.30814,,1000,,"Home Office, Police powers and procedures: stop and search open data tables",year ending 31 March 2025,released
pf-leicestershire,stop_search_rate,2025,by_ethnicity,Asian,53,,,0.22452,2.24519,,1000,,"Home Office, Police powers and procedures: stop and search open data tables",year ending 31 March 2025,released
pf-leicestershire,stop_search_rate,2025,by_ethnicity,Black,48,,,0.89972,8.99719,,1000,,"Home Office, Police powers and procedures: stop and search open data tables",year ending 31 March 2025,released
pf-leicestershire,stop_search_rate,2025,by_ethnicity,Mixed,44,,,0.70991,7.09906,,1000,,"Home Office, Police powers and procedures: stop and search open data tables",year ending 31 March 2025,released
pf-leicestershire,stop_search_rate,2025,overall,,750,,,0.68608,6.86078,,1000,,"Home Office, Police powers and procedures: stop and search open data tables",year ending 31 March 2025,released
pf-leicestershire,stop_search_rate,2025,by_ethnicity,Other,14,,,0.49822,4.98221,,1000,,"Home Office, Police powers and procedures: stop and search open data tables",year ending 31 March 2025,released
pf-leicestershire,stop_search_rate,2025,by_ethnicity,White,433,,,0.60671,6.06714,,1000,,"Home Office, Police powers and procedures: stop and search open data tables",year ending 31 March 2025,released
pf-lincolnshire,stop_search_rate,2025,by_ethnicity,Asian,7,,,0.50688,5.06879,,1000,,"Home Office, Police powers and procedures: stop and search open data tables",year ending 31 March 2025,released
pf-lincolnshire,stop_search_rate,2025,by_ethnicity,Black,9,,,2.15311,21.5311,,1000,,"Home Office, Police powers and procedures: stop and search open data tables",year ending 31 March 2025,released
pf-lincolnshire,stop_search_rate,2025,by_ethnicity,Mixed,8,,,0.39312,3.9312,,1000,,"Home Office, Police powers and procedures: stop and search open data tables",year ending 31 March 2025,released
pf-lincolnshire,stop_search_rate,2025,overall,,445,,,0.66231,6.62311,,1000,,"Home Office, Police powers and procedures: stop and search open data tables",year ending 31 March 2025,released
pf-lincolnshire,stop_search_rate,2025,by_ethnicity,Other,0,,,0.0,0.0,,1000,,"Home Office, Police powers and procedures: stop and search open data tables",year ending 31 March 2025,released
pf-lincolnshire,stop_search_rate,2025,by_ethnicity,White,370,,,0.58807,5.88067,,1000,,"Home Office, Police powers and procedures: stop and search open data tables",year ending 31 March 2025,released
pf-london,stop_search_rate,2025,by_ethnicity,Asian,1468,,,0.7638,7.63796,,1000,,"Home Office, Police powers and procedures: stop and search open data tables",year ending 31 March 2025,released
pf-london,stop_search_rate,2025,by_ethnicity,Black,6277,,,3.81469,38.14692,,1000,,"Home Office, Police powers and procedures: stop and search open data tables",year ending 31 March 2025,released
pf-london,stop_search_rate,2025,by_ethnicity,Mixed,1412,,,1.65038,16.50381,,1000,,"Home Office, Police powers and procedures: stop and search open data tables",year ending 31 March 2025,released
pf-london,stop_search_rate,2025,overall,,22001,,,2.62758,26.27581,,1000,,"Home Office, Police powers and procedures: stop and search open data tables",year ending 31 March 2025,released
pf-london,stop_search_rate,2025,by_ethnicity,Other,776,,,1.26228,12.62281,,1000,,"Home Office, Police powers and procedures: stop and search open data tables",year ending 31 March 2025,released
pf-london,stop_search_rate,2025,by_ethnicity,White,4718,,,1.41456,14.14557,,1000,,"Home Office, Police powers and procedures: stop and search open data tables",year ending 31 March 2025,released
pf-merseyside,stop_search_rate,2025,by_ethnicity,Asian,78,,,1.60692,16.06922,,1000,,"Home Office, Police powers and procedures: stop and search open data tables",year ending 31 March 2025,released
pf-merseyside,stop_search_rate,2025,by_ethnicity,Black,247,,,8.38995,83.89946,,1000,,"Home Office, Police powers and procedures: stop and search open data tables",year ending 31 March 2025,released
pf-merseyside,stop_search_rate,2025,by_ethnicity,Mixed,243,,,4.62857,46.28571,,1000,,"Home Office, Police powers and procedures: stop and search open data tables",year ending 31 March 2025,released
pf-merseyside,stop_search_rate,2025,overall,,8146,,,6.47757,64.77572,,1000,,"Home Office, Police powers and procedures: stop and search open data tables",year ending 31 March 2025,released
pf-merseyside,stop_search_rate,2025,by_ethnicity,Other,167,,,5.76857,57.68566,,1000,,"Home Office, Police powers and procedures: stop and search open data tables",year ending 31 March 2025,released
pf-merseyside,stop_search_rate,2025,by_ethnicity,White,7095,,,6.46093,64.60925,,1000,,"Home Office, Police powers and procedures: stop and search open data tables",year ending 31 March 2025,released
pf-norfolk,stop_search_rate,2025,by_ethnicity,Asian,,,,,,,1000,,"Home Office, Police powers and procedures: stop and search open data tables",year ending 31 March 2025,suppressed
pf-norfolk,stop_search_rate,2025,by_ethnicity,Black,34,,,3.26923,32.69231,,1000,,"Home Office, Police powers and procedures: stop and search open data tables",year ending 31 March 2025,released
pf-norfolk,stop_search_rate,2025,by_ethnicity,Mixed,16,,,0.55633,5.56328,,1000,,"Home Office, Police powers and procedures: stop and search open data tables",year ending 31 March 2025,released
pf-norfolk,stop_search_rate,2025,overall,,525,,,0.68609,6.86086,,1000,,"Home Office, Police powers and procedures: stop and search open data tables",year ending 31 March 2025,released
pf-norfolk,stop_search_rate,2025,by_ethnicity,Other,,,,,,,1000,,"Home Office, Police powers and procedures: stop and search open data tables",year ending 31 March 2025,suppressed
pf-norfolk,stop_search_rate,2025,by_ethnicity,White,343,,,0.48946,4.89462,,1000,,"Home Office, Police powers and procedures: stop and search open data tables",year ending 31 March 2025,released
pf-north-wales,stop_search_rate,2025,by_ethnicity,Asian,,,,,,,1000,,"Home Office, Police powers and procedures: stop and search open data tables",year ending 31 March 2025,suppressed
pf-north-wales,stop_search_rate,2025,by_ethnicity,Black,8,,,3.68664,36.86636,,1000,,"Home Office, Police powers and procedures: stop and search open data tables",year ending 31 March 2025,released
pf-north-wales,stop_search_rate,2025,by_ethnicity,Mixed,0,,,0.0,0.0,,1000,,"Home Office, Police powers and procedures: stop and search open data tables",year ending 31 March 2025,released
pf-north-wales,stop_search_rate,2025,overall,,950,,,1.50866,15.08655,,1000,,"Home Office, Police powers and procedures: stop and search open data tables",year ending 31 March 2025,released
pf-north-wales,stop_search_rate,2025,by_ethnicity,Other,,,,,,,1000,,"Home Office, Police powers and procedures: stop and search open data tables",year ending 31 March 2025,suppressed
pf-north-wales,stop_search_rate,2025,by_ethnicity,White,606,,,1.01238,10.12379,,1000,,"Home Office, Police powers and procedures: stop and search open data tables",year ending 31 March 2025,released
pf-north-yorkshire,stop_search_rate,2025,by_ethnicity,Asian,,,,,,,1000,,"Home Office, Police powers and procedures: stop and search open data tables",year ending 31 March 2025,suppressed
pf-north-yorkshire,stop_search_rate,2025,by_ethnicity,Black,11,,,2.36559,23.65591,,1000,,"Home Office, Police powers and procedures: stop and search open data tables",year ending 31 March 2025,released
pf-north-yorkshire,stop_search_rate,2025,by_ethnicity,Mixed,14,,,0.65329,6.5329,,1000,,"Home Office, Police powers and procedures: stop and search open data tables",year ending 31 March 2025,released
pf-north-yorkshire,stop_search_rate,2025,overall,,512,,,0.72084,7.20842,,1000,,"Home Office, Police powers and procedures: stop and search open data tables",year ending 31 March 2025,released
pf-north-yorkshire,stop_search_rate,2025,by_ethnicity,Other,,,,,,,1000,,"Home Office, Police powers and procedures: stop and search open data tables",year ending 31 March 2025,suppressed
pf-north-yorkshire,stop_search_rate,2025,by_ethnicity,White,387,,,0.58403,5.84028,,1000,,"Home Office, Police powers and procedures: stop and search open data tables",year ending 31 March 2025,released
pf-northamptonshire,stop_search_rate,2025,by_ethnicity,Asian,12,,,0.3104,3.10398,,1000,,"Home Office, Police powers and procedures: stop and search open data tables",year ending 31 March 2025,released
pf-northamptonshire,stop_search_rate,2025,by_ethnicity,Black,77,,,1.64495,16.44948,,1000,,"Home Office, Police powers and procedures: stop and search open data tables",year ending 31 March 2025,released
pf-northamptonshire,stop_search_rate,2025,by_ethnicity,Mixed,43,,,1.00632,10.06319,,1000,,"Home Office, Police powers and procedures: stop and search open data tables",year ending 31 March 2025,released
pf-northamptonshire,stop_search_rate,2025,overall,,814,,,1.04367,10.4367,,1000,,"Home Office, Police powers and procedures: stop and search open data tables",year ending 31 March 2025,released
pf-northamptonshire,stop_search_rate,2025,by_ethnicity,Other,6,,,0.74813,7.4813,,1000,,"Home Office, Police powers and procedures: stop and search open data tables",year ending 31 March 2025,released
pf-northamptonshire,stop_search_rate,2025,by_ethnicity,White,616,,,0.95694,9.56938,,1000,,"Home Office, Police powers and procedures: stop and search open data tables",year ending 31 March 2025,released
pf-northumbria,stop_search_rate,2025,by_ethnicity,Asian,66,,,0.93737,9.37367,,1000,,"Home Office, Police powers and procedures: stop and search open data tables",year ending 31 March 2025,released
pf-northumbria,stop_search_rate,2025,by_ethnicity,Black,41,,,1.57571,15.75711,,1000,,"Home Office, Police powers and procedures: stop and search open data tables",year ending 31 March 2025,released
pf-northumbria,stop_search_rate,2025,by_ethnicity,Mixed,36,,,0.99365,9.93652,,1000,,"Home Office, Police powers and procedures: stop and search open data tables",year ending 31 March 2025,released
pf-northumbria,stop_search_rate,2025,overall,,1749,,,1.37194,13.71937,,1000,,"Home Office, Police powers and procedures: stop and search open data tables",year ending 31 March 2025,released
pf-northumbria,stop_search_rate,2025,by_ethnicity,Other,0,,,0.0,0.0,,1000,,"Home Office, Police powers and procedures: stop and search open data tables",year ending 31 March 2025,released
pf-northumbria,stop_search_rate,2025,by_ethnicity,White,1575,,,1.40403,14.04031,,1000,,"Home Office, Police powers and procedures: stop and search open data tables",year ending 31 March 2025,released
pf-nottinghamshire,stop_search_rate,2025,by_ethnicity,Asian,22,,,0.28155,2.81546,,1000,,"Home Office, Police powers and procedures: stop and search open data tables",year ending 31 March 2025,released
pf-nottinghamshire,stop_search_rate,2025,by_ethnicity,Black,51,,,1.01331,10.13312,,1000,,"Home Office, Police powers and procedures: stop and search open data tables",year ending 31 March 2025,released
pf-nottinghamshire,stop_search_rate,2025,by_ethnicity,Mixed,57,,,0.79743,7.97426,,1000,,"Home Office, Police powers and procedures: stop and search open data tables",year ending 31 March 2025,released
pf-nottinghamshire,stop_search_rate,2025,overall,,770,,,0.74701,7.47007,,1000,,"Home Office, Police powers and procedures: stop and search open data tables",year ending 31 March 2025,released
pf-nottinghamshire,stop_search_rate,2025,by_ethnicity,Other,6,,,0.31729,3.17292,,1000,,"Home Office, Police powers and procedures: stop and search open data tables",year ending 31 March 2025,released
pf-nottinghamshire,stop_search_rate,2025,by_ethnicity,White,303,,,0.37319,3.73189,,1000,,"Home Office, Police powers and procedures: stop and search open data tables",year ending 31 March 2025,released
pf-south-wales,stop_search_rate,2025,by_ethnicity,Asian,9,,,0.12854,1.28535,,1000,,"Home Office, Police powers and procedures: stop and search open data tables",year ending 31 March 2025,released
pf-south-wales,stop_search_rate,2025,by_ethnicity,Black,25,,,0.96043,9.6043,,1000,,"Home Office, Police powers and procedures: stop and search open data tables",year ending 31 March 2025,released
pf-south-wales,stop_search_rate,2025,by_ethnicity,Mixed,20,,,0.39896,3.98963,,1000,,"Home Office, Police powers and procedures: stop and search open data tables",year ending 31 March 2025,released
pf-south-wales,stop_search_rate,2025,overall,,834,,,0.67996,6.79956,,1000,,"Home Office, Police powers and procedures: stop and search open data tables",year ending 31 March 2025,released
pf-south-wales,stop_search_rate,2025,by_ethnicity,Other,6,,,0.25445,2.54453,,1000,,"Home Office, Police powers and procedures: stop and search open data tables",year ending 31 March 2025,released
pf-south-wales,stop_search_rate,2025,by_ethnicity,White,583,,,0.55167,5.51671,,1000,,"Home Office, Police powers and procedures: stop and search open data tables",year ending 31 March 2025,released
pf-south-yorkshire,stop_search_rate,2025,by_ethnicity,Asian,60,,,0.58634,5.86338,,1000,,"Home Office, Police powers and procedures: stop and search open data tables",year ending 31 March 2025,released
pf-south-yorkshire,stop_search_rate,2025,by_ethnicity,Black,60,,,1.30804,13.08044,,1000,,"Home Office, Police powers and procedures: stop and search open data tables",year ending 31 March 2025,released
pf-south-yorkshire,stop_search_rate,2025,by_ethnicity,Mixed,59,,,0.98399,9.83989,,1000,,"Home Office, Police powers and procedures: stop and search open data tables",year ending 31 March 2025,released
pf-south-yorkshire,stop_search_rate,2025,overall,,1526,,,1.19884,11.98837,,1000,,"Home Office, Police powers and procedures: stop and search open data tables",year ending 31 March 2025,released
pf-south-yorkshire,stop_search_rate,2025,by_ethnicity,Other,23,,,0.64498,6.4498,,1000,,"Home Office, Police powers and procedures: stop and search open data tables",year ending 31 March 2025,released
pf-south-yorkshire,stop_search_rate,2025,by_ethnicity,White,1067,,,1.03685,10.36848,,1000,,"Home Office, Police powers and procedures: stop and search open data tables",year ending 31 March 2025,released
pf-staffordshire,stop_search_rate,2025,by_ethnicity,Asian,59,,,0.77857,7.7857,,1000,,"Home Office, Police powers and procedures: stop and search open data tables",year ending 31 March 2025,released
pf-staffordshire,stop_search_rate,2025,by_ethnicity,Black,33,,,2.01219,20.12195,,1000,,"Home Office, Police powers and procedures: stop and search open data tables",year ending 31 March 2025,released
pf-staffordshire,stop_search_rate,2025,by_ethnicity,Mixed,51,,,1.16465,11.64649,,1000,,"Home Office, Police powers and procedures: stop and search open data tables",year ending 31 March 2025,released
pf-staffordshire,stop_search_rate,2025,overall,,1026,,,0.9931,9.93099,,1000,,"Home Office, Police powers and procedures: stop and search open data tables",year ending 31 March 2025,released
pf-staffordshire,stop_search_rate,2025,by_ethnicity,Other,7,,,0.59222,5.92217,,1000,,"Home Office, Police powers and procedures: stop and search open data tables",year ending 31 March 2025,released
pf-staffordshire,stop_search_rate,2025,by_ethnicity,White,750,,,0.84713,8.47132,,1000,,"Home Office, Police powers and procedures: stop and search open data tables",year ending 31 March 2025,released
pf-suffolk,stop_search_rate,2025,by_ethnicity,Asian,13,,,0.63945,6.39449,,1000,,"Home Office, Police powers and procedures: stop and search open data tables",year ending 31 March 2025,released
pf-suffolk,stop_search_rate,2025,by_ethnicity,Black,34,,,3.33661,33.36605,,1000,,"Home Office, Police powers and procedures: stop and search open data tables",year ending 31 March 2025,released
pf-suffolk,stop_search_rate,2025,by_ethnicity,Mixed,10,,,0.28506,2.85063,,1000,,"Home Office, Police powers and procedures: stop and search open data tables",year ending 31 March 2025,released
pf-suffolk,stop_search_rate,2025,overall,,482,,,0.70798,7.0798,,1000,,"Home Office, Police powers and procedures: stop and search open data tables",year ending 31 March 2025,released
pf-suffolk,stop_search_rate,2025,by_ethnicity,Other,0,,,0.0,0.0,,1000,,"Home Office, Police powers and procedures: stop and search open data tables",year ending 31 March 2025,released
pf-suffolk,stop_search_rate,2025,by_ethnicity,White,313,,,0.51527,5.15269,,1000,,"Home Office, Police powers and procedures: stop and search open data tables",year ending 31 March 2025,released
pf-surrey,stop_search_rate,2025,by_ethnicity,Asian,41,,,0.42597,4.25974,,1000,,"Home Office, Police powers and procedures: stop and search open data tables",year ending 31 March 2025,released
pf-surrey,stop_search_rate,2025,by_ethnicity,Black,89,,,3.4998,34.99803,,1000,,"Home Office, Police powers and procedures: stop and search open data tables",year ending 31 March 2025,released
pf-surrey,stop_search_rate,2025,by_ethnicity,Mixed,85,,,1.00902,10.09022,,1000,,"Home Office, Police powers and procedures: stop and search open data tables",year ending 31 March 2025,released
pf-surrey,stop_search_rate,2025,overall,,1388,,,1.15369,11.53686,,1000,,"Home Office, Police powers and procedures: stop and search open data tables",year ending 31 March 2025,released
pf-surrey,stop_search_rate,2025,by_ethnicity,Other,29,,,1.47733,14.77331,,1000,,"Home Office, Police powers and procedures: stop and search open data tables",year ending 31 March 2025,released
pf-surrey,stop_search_rate,2025,by_ethnicity,White,956,,,0.97796,9.77955,,1000,,"Home Office, Police powers and procedures: stop and search open data tables",year ending 31 March 2025,released
pf-sussex,stop_search_rate,2025,by_ethnicity,Asian,22,,,0.33501,3.35008,,1000,,"Home Office, Police powers and procedures: stop and search open data tables",year ending 31 March 2025,released
pf-sussex,stop_search_rate,2025,by_ethnicity,Black,73,,,2.78626,27.8626,,1000,,"Home Office, Police powers and procedures: stop and search open data tables",year ending 31 March 2025,released
pf-sussex,stop_search_rate,2025,by_ethnicity,Mixed,73,,,0.79991,7.99912,,1000,,"Home Office, Police powers and procedures: stop and search open data tables",year ending 31 March 2025,released
pf-sussex,stop_search_rate,2025,overall,,1546,,,1.01908,10.19076,,1000,,"Home Office, Police powers and procedures: stop and search open data tables",year ending 31 March 2025,released
pf-sussex,stop_search_rate,2025,by_ethnicity,Other,24,,,1.07047,10.70473,,1000,,"Home Office, Police powers and procedures: stop and search open data tables",year ending 31 March 2025,released
pf-sussex,stop_search_rate,2025,by_ethnicity,White,1155,,,0.88066,8.80664,,1000,,"Home Office, Police powers and procedures: stop and search open data tables",year ending 31 March 2025,released
pf-thames-valley,stop_search_rate,2025,by_ethnicity,Asian,164,,,0.41603,4.16032,,1000,,"Home Office, Police powers and procedures: stop and search open data tables",year ending 31 March 2025,released
pf-thames-valley,stop_search_rate,2025,by_ethnicity,Black,192,,,1.41395,14.13948,,1000,,"Home Office, Police powers and procedures: stop and search open data tables",year ending 31 March 2025,released
pf-thames-valley,stop_search_rate,2025,by_ethnicity,Mixed,169,,,0.90709,9.0709,,1000,,"Home Office, Police powers and procedures: stop and search open data tables",year ending 31 March 2025,released
pf-thames-valley,stop_search_rate,2025,overall,,3434,,,1.33469,13.34691,,1000,,"Home Office, Police powers and procedures: stop and search open data tables",year ending 31 March 2025,released
pf-thames-valley,stop_search_rate,2025,by_ethnicity,Other,49,,,0.92856,9.28558,,1000,,"Home Office, Police powers and procedures: stop and search open data tables",year ending 31 March 2025,released
pf-thames-valley,stop_search_rate,2025,by_ethnicity,White,2091,,,1.15921,11.59213,,1000,,"Home Office, Police powers and procedures: stop and search open data tables",year ending 31 March 2025,released
pf-warwickshire,stop_search_rate,2025,by_ethnicity,Asian,,,,,,,1000,,"Home Office, Police powers and procedures: stop and search open data tables",year ending 31 March 2025,suppressed
pf-warwickshire,stop_search_rate,2025,by_ethnicity,Black,14,,,1.57835,15.78354,,1000,,"Home Office, Police powers and procedures: stop and search open data tables",year ending 31 March 2025,released
pf-warwickshire,stop_search_rate,2025,by_ethnicity,Mixed,18,,,0.61517,6.15174,,1000,,"Home Office, Police powers and procedures: stop and search open data tables",year ending 31 March 2025,released
pf-warwickshire,stop_search_rate,2025,overall,,273,,,0.50281,5.02809,,1000,,"Home Office, Police powers and procedures: stop and search open data tables",year ending 31 March 2025,released
pf-warwickshire,stop_search_rate,2025,by_ethnicity,Other,,,,,,,1000,,"Home Office, Police powers and procedures: stop and search open data tables",year ending 31 March 2025,suppressed
pf-warwickshire,stop_search_rate,2025,by_ethnicity,White,206,,,0.44644,4.46438,,1000,,"Home Office, Police powers and procedures: stop and search open data tables",year ending 31 March 2025,released
pf-west-mercia,stop_search_rate,2025,by_ethnicity,Asian,,,,,,,1000,,"Home Office, Police powers and procedures: stop and search open data tables",year ending 31 March 2025,suppressed
pf-west-mercia,stop_search_rate,2025,by_ethnicity,Black,29,,,1.92435,19.24353,,1000,,"Home Office, Police powers and procedures: stop and search open data tables",year ending 31 March 2025,released
pf-west-mercia,stop_search_rate,2025,by_ethnicity,Mixed,21,,,0.44379,4.43787,,1000,,"Home Office, Police powers and procedures: stop and search open data tables",year ending 31 March 2025,released
pf-west-mercia,stop_search_rate,2025,overall,,517,,,0.43856,4.38563,,1000,,"Home Office, Police powers and procedures: stop and search open data tables",year ending 31 March 2025,released
pf-west-mercia,stop_search_rate,2025,by_ethnicity,Other,,,,,,,1000,,"Home Office, Police powers and procedures: stop and search open data tables",year ending 31 March 2025,suppressed
pf-west-mercia,stop_search_rate,2025,by_ethnicity,White,376,,,0.35409,3.54092,,1000,,"Home Office, Police powers and procedures: stop and search open data tables",year ending 31 March 2025,released
pf-west-midlands,stop_search_rate,2025,by_ethnicity,Asian,1016,,,1.11163,11.11634,,1000,,"Home Office, Police powers and procedures: stop and search open data tables",year ending 31 March 2025,released
pf-west-midlands,stop_search_rate,2025,by_ethnicity,Black,960,,,2.83378,28.33781,,1000,,"Home Office, Police powers and procedures: stop and search open data tables",year ending 31 March 2025,released
pf-west-midlands,stop_search_rate,2025,by_ethnicity,Mixed,,,,,,,1000,,"Home Office, Police powers and procedures: stop and search open data tables",year ending 31 March 2025,suppressed
pf-west-midlands,stop_search_rate,2025,overall,,5045,,,1.60628,16.06284,,1000,,"Home Office, Police powers and procedures: stop and search open data tables",year ending 31 March 2025,released
pf-west-midlands,stop_search_rate,2025,by_ethnicity,Other,,,,,,,1000,,"Home Office, Police powers and procedures: stop and search open data tables",year ending 31 March 2025,suppressed
pf-west-midlands,stop_search_rate,2025,by_ethnicity,White,1890,,,1.26368,12.63682,,1000,,"Home Office, Police powers and procedures: stop and search open data tables",year ending 31 March 2025,released
pf-west-yorkshire,stop_search_rate,2025,by_ethnicity,Asian,436,,,0.7762,7.76201,,1000,,"Home Office, Police powers and procedures: stop and search open data tables",year ending 31 March 2025,released
pf-west-yorkshire,stop_search_rate,2025,by_ethnicity,Black,161,,,1.61728,16.17278,,1000,,"Home Office, Police powers and procedures: stop and search open data tables",year ending 31 March 2025,released
pf-west-yorkshire,stop_search_rate,2025,by_ethnicity,Mixed,203,,,1.52357,15.23566,,1000,,"Home Office, Police powers and procedures: stop and search open data tables",year ending 31 March 2025,released
pf-west-yorkshire,stop_search_rate,2025,overall,,2688,,,1.12809,11.28085,,1000,,"Home Office, Police powers and procedures: stop and search open data tables",year ending 31 March 2025,released
pf-west-yorkshire,stop_search_rate,2025,by_ethnicity,Other,51,,,0.99824,9.98238,,1000,,"Home Office, Police powers and procedures: stop and search open data tables",year ending 31 March 2025,released
pf-west-yorkshire,stop_search_rate,2025,by_ethnicity,White,1740,,,1.13192,11.31921,,1000,,"Home Office, Police powers and procedures: stop and search open data tables",year ending 31 March 2025,released
pf-wiltshire,stop_search_rate,2025,by_ethnicity,Asian,,,,,,,1000,,"Home Office, Police powers and procedures: stop and search open data tables",year ending 31 March 2025,suppressed
pf-wiltshire,stop_search_rate,2025,by_ethnicity,Black,14,,,0.94659,9.46586,,1000,,"Home Office, Police powers and procedures: stop and search open data tables",year ending 31 March 2025,released
pf-wiltshire,stop_search_rate,2025,by_ethnicity,Mixed,14,,,0.44572,4.45718,,1000,,"Home Office, Police powers and procedures: stop and search open data tables",year ending 31 March 2025,released
pf-wiltshire,stop_search_rate,2025,overall,,458,,,0.64687,6.46865,,1000,,"Home Office, Police powers and procedures: stop and search open data tables",year ending 31 March 2025,released
pf-wiltshire,stop_search_rate,2025,by_ethnicity,Other,,,,,,,1000,,"Home Office, Police powers and procedures: stop and search open data tables",year ending 31 March 2025,suppressed
pf-wiltshire,stop_search_rate,2025,by_ethnicity,White,291,,,0.47459,4.74591,,1000,,"Home Office, Police powers and procedures: stop and search open data tables",year ending 31 March 2025,released
E06000001,suspension_rate,2024,by_ethnicity,Asian,,6.0,423.0,1.41844,,1.41844,100,,"DfE, Suspensions and permanent exclusions in England",academic year 2023/24,released
E06000001,suspension_rate,2024,by_ethnicity,Black,,9.0,379.0,2.37467,,2.37467,100,,"DfE, Suspensions and permanent exclusions in England",academic year 2023/24,released
E06000001,suspension_rate,2024,by_ethnicity,Mixed,,70.0,274.0,25.54745,,25.54745,100,,"DfE, Suspensions and permanent exclusions in England",academic year 2023/24,released
E06000001,suspension_rate,2024,overall,,,5071.0,15142.0,33.48963,,33.48963,100,,"DfE, Suspensions and permanent exclusions in England",academic year 2023/24,released
E06000001,suspension_rate,2024,by_ethnicity,Other,,1.0,128.0,0.78125,,0.78125,100,,"DfE, Suspensions and permanent exclusions in England",academic year 2023/24,released
E06000001,suspension_rate,2024,by_ethnicity,White,,4955.0,13805.0,35.89279,,35.89279,100,,"DfE, Suspensions and permanent exclusions in England",academic year 2023/24,released
E06000001,suspension_rate,2025,by_ethnicity,Asian,,15.0,454.0,3.30396,,3.30396,100,,"DfE, Suspensions and permanent exclusions in England",academic year 2024/25,released
E06000001,suspension_rate,2025,by_ethnicity,Black,,22.0,485.0,4.53608,,4.53608,100,,"DfE, Suspensions and permanent exclusions in England",academic year 2024/25,released
E06000001,suspension_rate,2025,by_ethnicity,Mixed,,41.0,289.0,14.18685,,14.18685,100,,"DfE, Suspensions and permanent exclusions in England",academic year 2024/25,released
E06000001,suspension_rate,2025,overall,,,4596.0,15023.0,30.59309,,30.59309,100,,"DfE, Suspensions and permanent exclusions in England",academic year 2024/25,released
E06000001,suspension_rate,2025,by_ethnicity,Other,,13.0,169.0,7.69231,,7.69231,100,,"DfE, Suspensions and permanent exclusions in England",academic year 2024/25,released
E06000001,suspension_rate,2025,by_ethnicity,White,,4467.0,13514.0,33.05461,,33.05461,100,,"DfE, Suspensions and permanent exclusions in England",academic year 2024/25,released
E06000002,suspension_rate,2024,by_ethnicity,Asian,,164.0,3015.0,5.43947,,5.43947,100,,"DfE, Suspensions and permanent exclusions in England",academic year 2023/24,released
E06000002,suspension_rate,2024,by_ethnicity,Black,,73.0,1678.0,4.35042,,4.35042,100,,"DfE, Suspensions and permanent exclusions in England",academic year 2023/24,released
E06000002,suspension_rate,2024,by_ethnicity,Mixed,,301.0,1512.0,19.90741,,19.90741,100,,"DfE, Suspensions and permanent exclusions in England",academic year 2023/24,released
E06000002,suspension_rate,2024,overall,,,7722.0,25759.0,29.97787,,29.97787,100,,"DfE, Suspensions and permanent exclusions in England",academic year 2023/24,released
E06000002,suspension_rate,2024,by_ethnicity,Other,,84.0,1042.0,8.06142,,8.06142,100,,"DfE, Suspensions and permanent exclusions in England",academic year 2023/24,released
E06000002,suspension_rate,2024,by_ethnicity,White,,6972.0,18310.0,38.07755,,38.07755,100,,"DfE, Suspensions and permanent exclusions in England",academic year 2023/24,released
E06000002,suspension_rate,2025,by_ethnicity,Asian,,171.0,3084.0,5.54475,,5.54475,100,,"DfE, Suspensions and permanent exclusions in England",academic year 2024/25,released
E06000002,suspension_rate,2025,by_ethnicity,Black,,81.0,1909.0,4.24306,,4.24306,100,,"DfE, Suspensions and permanent exclusions in England",academic year 2024/25,released
E06000002,suspension_rate,2025,by_ethnicity,Mixed,,190.0,1570.0,12.10191,,12.10191,100,,"DfE, Suspensions and permanent exclusions in England",academic year 2024/25,released
E06000002,suspension_rate,2025,overall,,,5759.0,25632.0,22.46801,,22.46801,100,,"DfE, Suspensions and permanent exclusions in England",academic year 2024/25,released
E06000002,suspension_rate,2025,by_ethnicity,Other,,103.0,1092.0,9.43223,,9.43223,100,,"DfE, Suspensions and permanent exclusions in England",academic year 2024/25,released
E06000002,suspension_rate,2025,by_ethnicity,White,,5101.0,17789.0,28.67502,,28.67502,100,,"DfE, Suspensions and permanent exclusions in England",academic year 2024/25,released
E06000003,suspension_rate,2024,by_ethnicity,Asian,,92.0,274.0,33.57664,,33.57664,100,,"DfE, Suspensions and permanent exclusions in England",academic year 2023/24,released
E06000003,suspension_rate,2024,by_ethnicity,Black,,29.0,188.0,15.42553,,15.42553,100,,"DfE, Suspensions and permanent exclusions in England",academic year 2023/24,released
E06000003,suspension_rate,2024,by_ethnicity,Mixed,,214.0,586.0,36.51877,,36.51877,100,,"DfE, Suspensions and permanent exclusions in England",academic year 2023/24,released
E06000003,suspension_rate,2024,overall,,,8021.0,20996.0,38.20251,,38.20251,100,,"DfE, Suspensions and permanent exclusions in England",academic year 2023/24,released
E06000003,suspension_rate,2024,by_ethnicity,Other,,60.0,155.0,38.70968,,38.70968,100,,"DfE, Suspensions and permanent exclusions in England",academic year 2023/24,released
E06000003,suspension_rate,2024,by_ethnicity,White,,7455.0,19600.0,38.03571,,38.03571,100,,"DfE, Suspensions and permanent exclusions in England",academic year 2023/24,released
E06000003,suspension_rate,2025,by_ethnicity,Asian,,26.0,272.0,9.55882,,9.55882,100,,"DfE, Suspensions and permanent exclusions in England",academic year 2024/25,released
E06000003,suspension_rate,2025,by_ethnicity,Black,,42.0,270.0,15.55556,,15.55556,100,,"DfE, Suspensions and permanent exclusions in England",academic year 2024/25,released
E06000003,suspension_rate,2025,by_ethnicity,Mixed,,182.0,555.0,32.79279,,32.79279,100,,"DfE, Suspensions and permanent exclusions in England",academic year 2024/25,released
E06000003,suspension_rate,2025,overall,,,6835.0,20706.0,33.00976,,33.00976,100,,"DfE, Suspensions and permanent exclusions in England",academic year 2024/25,released
E06000003,suspension_rate,2025,by_ethnicity,Other,,24.0,184.0,13.04348,,13.04348,100,,"DfE, Suspensions and permanent exclusions in England",academic year 2024/25,released
E06000003,suspension_rate,2025,by_ethnicity,White,,6415.0,19269.0,33.29182,,33.29182,100,,"DfE, Suspensions and permanent exclusions in England",academic year 2024/25,released
E06000004,suspension_rate,2024,by_ethnicity,Asian,,105.0,1972.0,5.32454,,5.32454,100,,"DfE, Suspensions and permanent exclusions in England",academic year 2023/24,released
E06000004,suspension_rate,2024,by_ethnicity,Black,,40.0,1049.0,3.81316,,3.81316,100,,"DfE, Suspensions and permanent exclusions in England",academic year 2023/24,released
E06000004,suspension_rate,2024,by_ethnicity,Mixed,,337.0,1227.0,27.46536,,27.46536,100,,"DfE, Suspensions and permanent exclusions in England",academic year 2023/24,released
E06000004,suspension_rate,2024,overall,,,7647.0,32182.0,23.76173,,23.76173,100,,"DfE, Suspensions and permanent exclusions in England",academic year 2023/24,released
E06000004,suspension_rate,2024,by_ethnicity,Other,,28.0,334.0,8.38323,,8.38323,100,,"DfE, Suspensions and permanent exclusions in England",academic year 2023/24,released
E06000004,suspension_rate,2024,by_ethnicity,White,,7040.0,27336.0,25.75359,,25.75359,100,,"DfE, Suspensions and permanent exclusions in England",academic year 2023/24,released
E06000004,suspension_rate,2025,by_ethnicity,Asian,,48.0,2041.0,2.35179,,2.35179,100,,"DfE, Suspensions and permanent exclusions in England",academic year 2024/25,released
E06000004,suspension_rate,2025,by_ethnicity,Black,,25.0,1256.0,1.99045,,1.99045,100,,"DfE, Suspensions and permanent exclusions in England",academic year 2024/25,released
E06000004,suspension_rate,2025,by_ethnicity,Mixed,,298.0,1227.0,24.28688,,24.28688,100,,"DfE, Suspensions and permanent exclusions in England",academic year 2024/25,released
E06000004,suspension_rate,2025,overall,,,6936.0,31710.0,21.87323,,21.87323,100,,"DfE, Suspensions and permanent exclusions in England",academic year 2024/25,released
E06000004,suspension_rate,2025,by_ethnicity,Other,,31.0,368.0,8.42391,,8.42391,100,,"DfE, Suspensions and permanent exclusions in England",academic year 2024/25,released
E06000004,suspension_rate,2025,by_ethnicity,White,,6497.0,26544.0,24.47634,,24.47634,100,,"DfE, Suspensions and permanent exclusions in England",academic year 2024/25,released
E06000005,suspension_rate,2024,by_ethnicity,Asian,,20.0,712.0,2.80899,,2.80899,100,,"DfE, Suspensions and permanent exclusions in England",academic year 2023/24,released
E06000005,suspension_rate,2024,by_ethnicity,Black,,16.0,454.0,3.52423,,3.52423,100,,"DfE, Suspensions and permanent exclusions in England",academic year 2023/24,released
E06000005,suspension_rate,2024,by_ethnicity,Mixed,,58.0,490.0,11.83673,,11.83673,100,,"DfE, Suspensions and permanent exclusions in England",academic year 2023/24,released
E06000005,suspension_rate,2024,overall,,,2488.0,16041.0,15.51025,,15.51025,100,,"DfE, Suspensions and permanent exclusions in England",academic year 2023/24,released
E06000005,suspension_rate,2024,by_ethnicity,Other,,15.0,180.0,8.33333,,8.33333,100,,"DfE, Suspensions and permanent exclusions in England",academic year 2023/24,released
E06000005,suspension_rate,2024,by_ethnicity,White,,2374.0,14082.0,16.8584,,16.8584,100,,"DfE, Suspensions and permanent exclusions in England",academic year 2023/24,released
E06000005,suspension_rate,2025,by_ethnicity,Asian,,21.0,770.0,2.72727,,2.72727,100,,"DfE, Suspensions and permanent exclusions in England",academic year 2024/25,released
E06000005,suspension_rate,2025,by_ethnicity,Black,,15.0,546.0,2.74725,,2.74725,100,,"DfE, Suspensions and permanent exclusions in England",academic year 2024/25,released
E06000005,suspension_rate,2025,by_ethnicity,Mixed,,68.0,518.0,13.12741,,13.12741,100,,"DfE, Suspensions and permanent exclusions in England",academic year 2024/25,released
E06000005,suspension_rate,2025,overall,,,2569.0,15884.0,16.17351,,16.17351,100,,"DfE, Suspensions and permanent exclusions in England",academic year 2024/25,released
E06000005,suspension_rate,2025,by_ethnicity,Other,,12.0,207.0,5.7971,,5.7971,100,,"DfE, Suspensions and permanent exclusions in England",academic year 2024/25,released
E06000005,suspension_rate,2025,by_ethnicity,White,,2449.0,13732.0,17.83426,,17.83426,100,,"DfE, Suspensions and permanent exclusions in England",academic year 2024/25,released
E06000006,suspension_rate,2024,by_ethnicity,Asian,,0.0,133.0,0.0,,0.0,100,,"DfE, Suspensions and permanent exclusions in England",academic year 2023/24,released
E06000006,suspension_rate,2024,by_ethnicity,Black,,6.0,93.0,6.45161,,6.45161,100,,"DfE, Suspensions and permanent exclusions in England",academic year 2023/24,released
E06000006,suspension_rate,2024,by_ethnicity,Mixed,,103.0,660.0,15.60606,,15.60606,100,,"DfE, Suspensions and permanent exclusions in England",academic year 2023/24,released
E06000006,suspension_rate,2024,overall,,,2551.0,18524.0,13.77132,,13.77132,100,,"DfE, Suspensions and permanent exclusions in England",academic year 2023/24,released
E06000006,suspension_rate,2024,by_ethnicity,Other,,7.0,171.0,4.09357,,4.09357,100,,"DfE, Suspensions and permanent exclusions in England",academic year 2023/24,released
E06000006,suspension_rate,2024,by_ethnicity,White,,2370.0,17244.0,13.74391,,13.74391,100,,"DfE, Suspensions and permanent exclusions in England",academic year 2023/24,released
E06000006,suspension_rate,2025,by_ethnicity,Asian,,0.0,177.0,0.0,,0.0,100,,"DfE, Suspensions and permanent exclusions in England",academic year 2024/25,released
E06000006,suspension_rate,2025,by_ethnicity,Black,,7.0,140.0,5.0,,5.0,100,,"DfE, Suspensions and permanent exclusions in England",academic year 2024/25,released
E06000006,suspension_rate,2025,by_ethnicity,Mixed,,66.0,683.0,9.66325,,9.66325,100,,"DfE, Suspensions and permanent exclusions in England",academic year 2024/25,released
E06000006,suspension_rate,2025,overall,,,1875.0,18207.0,10.29824,,10.29824,100,,"DfE, Suspensions and permanent exclusions in England",academic year 2024/25,released
E06000006,suspension_rate,2025,by_ethnicity,Other,,11.0,185.0,5.94595,,5.94595,100,,"DfE, Suspensions and permanent exclusions in England",academic year 2024/25,released
E06000006,suspension_rate,2025,by_ethnicity,White,,1756.0,16753.0,10.4817,,10.4817,100,,"DfE, Suspensions and permanent exclusions in England",academic year 2024/25,released
E06000007,suspension_rate,2024,by_ethnicity,Asian,,41.0,2923.0,1.40267,,1.40267,100,,"DfE, Suspensions and permanent exclusions in England",academic year 2023/24,released
E06000007,suspension_rate,2024,by_ethnicity,Black,,59.0,486.0,12.13992,,12.13992,100,,"DfE, Suspensions and permanent exclusions in England",academic year 2023/24,released
E06000007,suspension_rate,2024,by_ethnicity,Mixed,,101.0,1371.0,7.36689,,7.36689,100,,"DfE, Suspensions and permanent exclusions in England",academic year 2023/24,released
E06000007,suspension_rate,2024,overall,,,2198.0,33284.0,6.60377,,6.60377,100,,"DfE, Suspensions and permanent exclusions in England",academic year 2023/24,released
E06000007,suspension_rate,2024,by_ethnicity,Other,,4.0,334.0,1.1976,,1.1976,100,,"DfE, Suspensions and permanent exclusions in England",academic year 2023/24,released
E06000007,suspension_rate,2024,by_ethnicity,White,,1923.0,27738.0,6.93273,,6.93273,100,,"DfE, Suspensions and permanent exclusions in England",academic year 2023/24,released
E06000007,suspension_rate,2025,by_ethnicity,Asian,,14.0,3112.0,0.44987,,0.44987,100,,"DfE, Suspensions and permanent exclusions in England",academic year 2024/25,released
E06000007,suspension_rate,2025,by_ethnicity,Black,,9.0,649.0,1.38675,,1.38675,100,,"DfE, Suspensions and permanent exclusions in England",academic year 2024/25,released
E06000007,suspension_rate,2025,by_ethnicity,Mixed,,112.0,1447.0,7.74015,,7.74015,100,,"DfE, Suspensions and permanent exclusions in England",academic year 2024/25,released
E06000007,suspension_rate,2025,overall,,,1977.0,33007.0,5.98964,,5.98964,100,,"DfE, Suspensions and permanent exclusions in England",academic year 2024/25,released
E06000007,suspension_rate,2025,by_ethnicity,Other,,11.0,369.0,2.98103,,2.98103,100,,"DfE, Suspensions and permanent exclusions in England",academic year 2024/25,released
E06000007,suspension_rate,2025,by_ethnicity,White,,1806.0,27090.0,6.66667,,6.66667,100,,"DfE, Suspensions and permanent exclusions in England",academic year 2024/25,released
E06000008,suspension_rate,2024,by_ethnicity,Asian,,457.0,13170.0,3.47001,,3.47001,100,,"DfE, Suspensions and permanent exclusions in England",academic year 2023/24,released
E06000008,suspension_rate,2024,by_ethnicity,Black,,18.0,480.0,3.75,,3.75,100,,"DfE, Suspensions and permanent exclusions in England",academic year 2023/24,released
E06000008,suspension_rate,2024,by_ethnicity,Mixed,,97.0,1124.0,8.62989,,8.62989,100,,"DfE, Suspensions and permanent exclusions in England",academic year 2023/24,released
E06000008,suspension_rate,2024,overall,,,2706.0,27914.0,9.69406,,9.69406,100,,"DfE, Suspensions and permanent exclusions in England",academic year 2023/24,released
E06000008,suspension_rate,2024,by_ethnicity,Other,,46.0,588.0,7.82313,,7.82313,100,,"DfE, Suspensions and permanent exclusions in England",academic year 2023/24,released
E06000008,suspension_rate,2024,by_ethnicity,White,,1970.0,12231.0,16.10661,,16.10661,100,,"DfE, Suspensions and permanent exclusions in England",academic year 2023/24,released
E06000008,suspension_rate,2025,by_ethnicity,Asian,,578.0,13393.0,4.31569,,4.31569,100,,"DfE, Suspensions and permanent exclusions in England",academic year 2024/25,released
E06000008,suspension_rate,2025,by_ethnicity,Black,,21.0,608.0,3.45395,,3.45395,100,,"DfE, Suspensions and permanent exclusions in England",academic year 2024/25,released
E06000008,suspension_rate,2025,by_ethnicity,Mixed,,75.0,1103.0,6.79964,,6.79964,100,,"DfE, Suspensions and permanent exclusions in England",academic year 2024/25,released
E06000008,suspension_rate,2025,overall,,,3143.0,27923.0,11.25595,,11.25595,100,,"DfE, Suspensions and permanent exclusions in England",academic year 2024/25,released
E06000008,suspension_rate,2025,by_ethnicity,Other,,74.0,638.0,11.59875,,11.59875,100,,"DfE, Suspensions and permanent exclusions in England",academic year 2024/25,released
E06000008,suspension_rate,2025,by_ethnicity,White,,2262.0,11828.0,19.12411,,19.12411,100,,"DfE, Suspensions and permanent exclusions in England",academic year 2024/25,released
E06000009,suspension_rate,2024,by_ethnicity,Asian,,7.0,947.0,0.73918,,0.73918,100,,"DfE, Suspensions and permanent exclusions in England",academic year 2023/24,released
E06000009,suspension_rate,2024,by_ethnicity,Black,,7.0,238.0,2.94118,,2.94118,100,,"DfE, Suspensions and permanent exclusions in England",academic year 2023/24,released
E06000009,suspension_rate,2024,by_ethnicity,Mixed,,77.0,777.0,9.90991,,9.90991,100,,"DfE, Suspensions and permanent exclusions in England",academic year 2023/24,released
E06000009,suspension_rate,2024,overall,,,2836.0,19899.0,14.25197,,14.25197,100,,"DfE, Suspensions and permanent exclusions in England",academic year 2023/24,released
E06000009,suspension_rate,2024,by_ethnicity,Other,,23.0,204.0,11.27451,,11.27451,100,,"DfE, Suspensions and permanent exclusions in England",academic year 2023/24,released
E06000009,suspension_rate,2024,by_ethnicity,White,,2698.0,17628.0,15.3052,,15.3052,100,,"DfE, Suspensions and permanent exclusions in England",academic year 2023/24,released
E06000009,suspension_rate,2025,by_ethnicity,Asian,,24.0,1084.0,2.21402,,2.21402,100,,"DfE, Suspensions and permanent exclusions in England",academic year 2024/25,released
E06000009,suspension_rate,2025,by_ethnicity,Black,,10.0,326.0,3.06748,,3.06748,100,,"DfE, Suspensions and permanent exclusions in England",academic year 2024/25,released
E06000009,suspension_rate,2025,by_ethnicity,Mixed,,93.0,792.0,11.74242,,11.74242,100,,"DfE, Suspensions and permanent exclusions in England",academic year 2024/25,released
E06000009,suspension_rate,2025,overall,,,3437.0,19682.0,17.46266,,17.46266,100,,"DfE, Suspensions and permanent exclusions in England",academic year 2024/25,released
E06000009,suspension_rate,2025,by_ethnicity,Other,,11.0,225.0,4.88889,,4.88889,100,,"DfE, Suspensions and permanent exclusions in England",academic year 2024/25,released
E06000009,suspension_rate,2025,by_ethnicity,White,,2941.0,16990.0,17.31018,,17.31018,100,,"DfE, Suspensions and permanent exclusions in England",academic year 2024/25,released
E06000010,suspension_rate,2024,by_ethnicity,Asian,,38.0,977.0,3.88946,,3.88946,100,,"DfE, Suspensions and permanent exclusions in England",academic year 2023/24,released
E06000010,suspension_rate,2024,by_ethnicity,Black,,85.0,2077.0,4.09244,,4.09244,100,,"DfE, Suspensions and permanent exclusions in England",academic year 2023/24,released
E06000010,suspension_rate,2024,by_ethnicity,Mixed,,232.0,1877.0,12.36015,,12.36015,100,,"DfE, Suspensions and permanent exclusions in England",academic year 2023/24,released
E06000010,suspension_rate,2024,overall,,,6907.0,42835.0,16.12466,,16.12466,100,,"DfE, Suspensions and permanent exclusions in England",academic year 2023/24,released
E06000010,suspension_rate,2024,by_ethnicity,Other,,200.0,1508.0,13.2626,,13.2626,100,,"DfE, Suspensions and permanent exclusions in England",academic year 2023/24,released
E06000010,suspension_rate,2024,by_ethnicity,White,,5945.0,35448.0,16.77104,,16.77104,100,,"DfE, Suspensions and permanent exclusions in England",academic year 2023/24,released
E06000010,suspension_rate,2025,by_ethnicity,Asian,,15.0,1090.0,1.37615,,1.37615,100,,"DfE, Suspensions and permanent exclusions in England",academic year 2024/25,released
E06000010,suspension_rate,2025,by_ethnicity,Black,,101.0,2507.0,4.02872,,4.02872,100,,"DfE, Suspensions and permanent exclusions in England",academic year 2024/25,released
E06000010,suspension_rate,2025,by_ethnicity,Mixed,,218.0,1901.0,11.46765,,11.46765,100,,"DfE, Suspensions and permanent exclusions in England",academic year 2024/25,released
E06000010,suspension_rate,2025,overall,,,5744.0,42467.0,13.5258,,13.5258,100,,"DfE, Suspensions and permanent exclusions in England",academic year 2024/25,released
E06000010,suspension_rate,2025,by_ethnicity,Other,,170.0,1597.0,10.64496,,10.64496,100,,"DfE, Suspensions and permanent exclusions in England",academic year 2024/25,released
E06000010,suspension_rate,2025,by_ethnicity,White,,4949.0,34459.0,14.362,,14.362,100,,"DfE, Suspensions and permanent exclusions in England",academic year 2024/25,released
E06000011,suspension_rate,2024,by_ethnicity,Asian,,6.0,391.0,1.53453,,1.53453,100,,"DfE, Suspensions and permanent exclusions in England",academic year 2023/24,released
E06000011,suspension_rate,2024,by_ethnicity,Black,,5.0,187.0,2.6738,,2.6738,100,,"DfE, Suspensions and permanent exclusions in England",academic year 2023/24,released
E06000011,suspension_rate,2024,by_ethnicity,Mixed,,100.0,1222.0,8.18331,,8.18331,100,,"DfE, Suspensions and permanent exclusions in England",academic year 2023/24,released
E06000011,suspension_rate,2024,overall,,,4679.0,44735.0,10.45937,,10.45937,100,,"DfE, Suspensions and permanent exclusions in England",academic year 2023/24,released
E06000011,suspension_rate,2024,by_ethnicity,Other,,16.0,302.0,5.29801,,5.29801,100,,"DfE, Suspensions and permanent exclusions in England",academic year 2023/24,released
E06000011,suspension_rate,2024,by_ethnicity,White,,4488.0,42168.0,10.64314,,10.64314,100,,"DfE, Suspensions and permanent exclusions in England",academic year 2023/24,released
E06000011,suspension_rate,2025,by_ethnicity,Asian,,2.0,438.0,0.45662,,0.45662,100,,"DfE, Suspensions and permanent exclusions in England",academic year 2024/25,released
E06000011,suspension_rate,2025,by_ethnicity,Black,,21.0,264.0,7.95455,,7.95455,100,,"DfE, Suspensions and permanent exclusions in England",academic year 2024/25,released
E06000011,suspension_rate,2025,by_ethnicity,Mixed,,150.0,1253.0,11.97127,,11.97127,100,,"DfE, Suspensions and permanent exclusions in England",academic year 2024/25,released
E06000011,suspension_rate,2025,overall,,,4678.0,44180.0,10.5885,,10.5885,100,,"DfE, Suspensions and permanent exclusions in England",academic year 2024/25,released
E06000011,suspension_rate,2025,by_ethnicity,Other,,31.0,332.0,9.33735,,9.33735,100,,"DfE, Suspensions and permanent exclusions in England",academic year 2024/25,released
E06000011,suspension_rate,2025,by_ethnicity,White,,4392.0,41476.0,10.58926,,10.58926,100,,"DfE, Suspensions and permanent exclusions in England",academic year 2024/25,released
E06000012,suspension_rate,2024,by_ethnicity,Asian,,12.0,317.0,3.78549,,3.78549,100,,"DfE, Suspensions and permanent exclusions in England",academic year 2023/24,released
E06000012,suspension_rate,2024,by_ethnicity,Black,,11.0,435.0,2.52874,,2.52874,100,,"DfE, Suspensions and permanent exclusions in England",academic year 2023/24,released
E06000012,suspension_rate,2024,by_ethnicity,Mixed,,66.0,710.0,9.29577,,9.29577,100,,"DfE, Suspensions and permanent exclusions in England",academic year 2023/24,released
E06000012,suspension_rate,2024,overall,,,4446.0,23823.0,18.66264,,18.66264,100,,"DfE, Suspensions and permanent exclusions in England",academic year 2023/24,released
E06000012,suspension_rate,2024,by_ethnicity,Other,,9.0,256.0,3.51563,,3.51563,100,,"DfE, Suspensions and permanent exclusions in England",academic year 2023/24,released
E06000012,suspension_rate,2024,by_ethnicity,White,,4230.0,21635.0,19.55165,,19.55165,100,,"DfE, Suspensions and permanent exclusions in England",academic year 2023/24,released
E06000012,suspension_rate,2025,by_ethnicity,Asian,,4.0,369.0,1.08401,,1.08401,100,,"DfE, Suspensions and permanent exclusions in England",academic year 2024/25,released
E06000012,suspension_rate,2025,by_ethnicity,Black,,21.0,569.0,3.69069,,3.69069,100,,"DfE, Suspensions and permanent exclusions in England",academic year 2024/25,released
E06000012,suspension_rate,2025,by_ethnicity,Mixed,,66.0,713.0,9.25666,,9.25666,100,,"DfE, Suspensions and permanent exclusions in England",academic year 2024/25,released
E06000012,suspension_rate,2025,overall,,,4803.0,23281.0,20.63056,,20.63056,100,,"DfE, Suspensions and permanent exclusions in England",academic year 2024/25,released
E06000012,suspension_rate,2025,by_ethnicity,Other,,16.0,310.0,5.16129,,5.16129,100,,"DfE, Suspensions and permanent exclusions in England",academic year 2024/25,released
E06000012,suspension_rate,2025,by_ethnicity,White,,4549.0,20881.0,21.78536,,21.78536,100,,"DfE, Suspensions and permanent exclusions in England",academic year 2024/25,released
E06000013,suspension_rate,2024,by_ethnicity,Asian,,30.0,1109.0,2.70514,,2.70514,100,,"DfE, Suspensions and permanent exclusions in England",academic year 2023/24,released
E06000013,suspension_rate,2024,by_ethnicity,Black,,40.0,307.0,13.02932,,13.02932,100,,"DfE, Suspensions and permanent exclusions in England",academic year 2023/24,released
E06000013,suspension_rate,2024,by_ethnicity,Mixed,,75.0,571.0,13.13485,,13.13485,100,,"DfE, Suspensions and permanent exclusions in England",academic year 2023/24,released
E06000013,suspension_rate,2024,overall,,,3790.0,24434.0,15.51117,,15.51117,100,,"DfE, Suspensions and permanent exclusions in England",academic year 2023/24,released
E06000013,suspension_rate,2024,by_ethnicity,Other,,77.0,443.0,17.38149,,17.38149,100,,"DfE, Suspensions and permanent exclusions in England",academic year 2023/24,released
E06000013,suspension_rate,2024,by_ethnicity,White,,3538.0,21623.0,16.36221,,16.36221,100,,"DfE, Suspensions and permanent exclusions in England",academic year 2023/24,released
E06000013,suspension_rate,2025,by_ethnicity,Asian,,54.0,1149.0,4.69974,,4.69974,100,,"DfE, Suspensions and permanent exclusions in England",academic year 2024/25,released
E06000013,suspension_rate,2025,by_ethnicity,Black,,15.0,363.0,4.13223,,4.13223,100,,"DfE, Suspensions and permanent exclusions in England",academic year 2024/25,released
E06000013,suspension_rate,2025,by_ethnicity,Mixed,,63.0,594.0,10.60606,,10.60606,100,,"DfE, Suspensions and permanent exclusions in England",academic year 2024/25,released
E06000013,suspension_rate,2025,overall,,,3724.0,24057.0,15.4799,,15.4799,100,,"DfE, Suspensions and permanent exclusions in England",academic year 2024/25,released
E06000013,suspension_rate,2025,by_ethnicity,Other,,90.0,505.0,17.82178,,17.82178,100,,"DfE, Suspensions and permanent exclusions in England",academic year 2024/25,released
E06000013,suspension_rate,2025,by_ethnicity,White,,3473.0,21062.0,16.48941,,16.48941,100,,"DfE, Suspensions and permanent exclusions in England",academic year 2024/25,released
E06000014,suspension_rate,2024,by_ethnicity,Asian,,11.0,987.0,1.11449,,1.11449,100,,"DfE, Suspensions and permanent exclusions in England",academic year 2023/24,released
E06000014,suspension_rate,2024,by_ethnicity,Black,,19.0,385.0,4.93506,,4.93506,100,,"DfE, Suspensions and permanent exclusions in England",academic year 2023/24,released
E06000014,suspension_rate,2024,by_ethnicity,Mixed,,66.0,1029.0,6.41399,,6.41399,100,,"DfE, Suspensions and permanent exclusions in England",academic year 2023/24,released
E06000014,suspension_rate,2024,overall,,,3817.0,25400.0,15.02756,,15.02756,100,,"DfE, Suspensions and permanent exclusions in England",academic year 2023/24,released
E06000014,suspension_rate,2024,by_ethnicity,Other,,9.0,303.0,2.9703,,2.9703,100,,"DfE, Suspensions and permanent exclusions in England",academic year 2023/24,released
E06000014,suspension_rate,2024,by_ethnicity,White,,3707.0,22280.0,16.63824,,16.63824,100,,"DfE, Suspensions and permanent exclusions in England",academic year 2023/24,released
E06000014,suspension_rate,2025,by_ethnicity,Asian,,14.0,1085.0,1.29032,,1.29032,100,,"DfE, Suspensions and permanent exclusions in England",academic year 2024/25,released
E06000014,suspension_rate,2025,by_ethnicity,Black,,35.0,442.0,7.91855,,7.91855,100,,"DfE, Suspensions and permanent exclusions in England",academic year 2024/25,released
E06000014,suspension_rate,2025,by_ethnicity,Mixed,,78.0,1046.0,7.45698,,7.45698,100,,"DfE, Suspensions and permanent exclusions in England",academic year 2024/25,released
E06000014,suspension_rate,2025,overall,,,4028.0,25034.0,16.09012,,16.09012,100,,"DfE, Suspensions and permanent exclusions in England",academic year 2024/25,released
E06000014,suspension_rate,2025,by_ethnicity,Other,,10.0,294.0,3.40136,,3.40136,100,,"DfE, Suspensions and permanent exclusions in England",academic year 2024/25,released
E06000014,suspension_rate,2025,by_ethnicity,White,,3876.0,21725.0,17.8412,,17.8412,100,,"DfE, Suspensions and permanent exclusions in England",academic year 2024/25,released
E06000015,suspension_rate,2024,by_ethnicity,Asian,,358.0,9653.0,3.70869,,3.70869,100,,"DfE, Suspensions and permanent exclusions in England",academic year 2023/24,released
E06000015,suspension_rate,2024,by_ethnicity,Black,,169.0,3197.0,5.28621,,5.28621,100,,"DfE, Suspensions and permanent exclusions in England",academic year 2023/24,released
E06000015,suspension_rate,2024,by_ethnicity,Mixed,,511.0,3734.0,13.68506,,13.68506,100,,"DfE, Suspensions and permanent exclusions in England",academic year 2023/24,released
E06000015,suspension_rate,2024,overall,,,5376.0,45496.0,11.81642,,11.81642,100,,"DfE, Suspensions and permanent exclusions in England",academic year 2023/24,released
E06000015,suspension_rate,2024,by_ethnicity,Other,,177.0,1276.0,13.87147,,13.87147,100,,"DfE, Suspensions and permanent exclusions in England",academic year 2023/24,released
E06000015,suspension_rate,2024,by_ethnicity,White,,4020.0,26791.0,15.00504,,15.00504,100,,"DfE, Suspensions and permanent exclusions in England",academic year 2023/24,released
E06000015,suspension_rate,2025,by_ethnicity,Asian,,363.0,9995.0,3.63182,,3.63182,100,,"DfE, Suspensions and permanent exclusions in England",academic year 2024/25,released
E06000015,suspension_rate,2025,by_ethnicity,Black,,161.0,3678.0,4.37738,,4.37738,100,,"DfE, Suspensions and permanent exclusions in England",academic year 2024/25,released
E06000015,suspension_rate,2025,by_ethnicity,Mixed,,456.0,3830.0,11.90601,,11.90601,100,,"DfE, Suspensions and permanent exclusions in England",academic year 2024/25,released
E06000015,suspension_rate,2025,overall,,,4318.0,45789.0,9.43021,,9.43021,100,,"DfE, Suspensions and permanent exclusions in England",academic year 2024/25,released
E06000015,suspension_rate,2025,by_ethnicity,Other,,103.0,1365.0,7.54579,,7.54579,100,,"DfE, Suspensions and permanent exclusions in England",academic year 2024/25,released
E06000015,suspension_rate,2025,by_ethnicity,White,,2999.0,26163.0,11.46275,,11.46275,100,,"DfE, Suspensions and permanent exclusions in England",academic year 2024/25,released
E06000016,suspension_rate,2024,by_ethnicity,Asian,,736.0,29292.0,2.51263,,2.51263,100,,"DfE, Suspensions and permanent exclusions in England",academic year 2023/24,released
E06000016,suspension_rate,2024,by_ethnicity,Black,,427.0,6465.0,6.6048,,6.6048,100,,"DfE, Suspensions and permanent exclusions in England",academic year 2023/24,released
E06000016,suspension_rate,2024,by_ethnicity,Mixed,,610.0,4809.0,12.68455,,12.68455,100,,"DfE, Suspensions and permanent exclusions in England",academic year 2023/24,released
E06000016,suspension_rate,2024,overall,,,4768.0,60988.0,7.81793,,7.81793,100,,"DfE, Suspensions and permanent exclusions in England",academic year 2023/24,released
E06000016,suspension_rate,2024,by_ethnicity,Other,,129.0,1690.0,7.63314,,7.63314,100,,"DfE, Suspensions and permanent exclusions in England",academic year 2023/24,released
E06000016,suspension_rate,2024,by_ethnicity,White,,2821.0,17817.0,15.83319,,15.83319,100,,"DfE, Suspensions and permanent exclusions in England",academic year 2023/24,released
E06000016,suspension_rate,2025,by_ethnicity,Asian,,720.0,29512.0,2.43969,,2.43969,100,,"DfE, Suspensions and permanent exclusions in England",academic year 2024/25,released
E06000016,suspension_rate,2025,by_ethnicity,Black,,390.0,6568.0,5.93788,,5.93788,100,,"DfE, Suspensions and permanent exclusions in England",academic year 2024/25,released
E06000016,suspension_rate,2025,by_ethnicity,Mixed,,740.0,4902.0,15.09588,,15.09588,100,,"DfE, Suspensions and permanent exclusions in England",academic year 2024/25,released
E06000016,suspension_rate,2025,overall,,,5184.0,60586.0,8.55643,,8.55643,100,,"DfE, Suspensions and permanent exclusions in England",academic year 2024/25,released
E06000016,suspension_rate,2025,by_ethnicity,Other,,164.0,1811.0,9.05577,,9.05577,100,,"DfE, Suspensions and permanent exclusions in England",academic year 2024/25,released
E06000016,suspension_rate,2025,by_ethnicity,White,,3108.0,16882.0,18.41014,,18.41014,100,,"DfE, Suspensions and permanent exclusions in England",academic year 2024/25,released
E06000017,suspension_rate,2024,by_ethnicity,Asian,,0.0,91.0,0.0,,0.0,100,,"DfE, Suspensions and permanent exclusions in England",academic year 2023/24,released
E06000017,suspension_rate,2024,by_ethnicity,Black,,5.0,78.0,6.41026,,6.41026,100,,"DfE, Suspensions and permanent exclusions in England",academic year 2023/24,released
E06000017,suspension_rate,2024,by_ethnicity,Mixed,,9.0,231.0,3.8961,,3.8961,100,,"DfE, Suspensions and permanent exclusions in England",academic year 2023/24,released
E06000017,suspension_rate,2024,overall,,,332.0,6039.0,5.4976,,5.4976,100,,"DfE, Suspensions and permanent exclusions in England",academic year 2023/24,released
E06000017,suspension_rate,2024,by_ethnicity,Other,,1.0,31.0,3.22581,,3.22581,100,,"DfE, Suspensions and permanent exclusions in England",academic year 2023/24,released
E06000017,suspension_rate,2024,by_ethnicity,White,,317.0,5508.0,5.75527,,5.75527,100,,"DfE, Suspensions and permanent exclusions in England",academic year 2023/24,released
E06000017,suspension_rate,2025,by_ethnicity,Asian,,5.0,109.0,4.58716,,4.58716,100,,"DfE, Suspensions and permanent exclusions in England",academic year 2024/25,released
E06000017,suspension_rate,2025,by_ethnicity,Black,,14.0,78.0,17.94872,,17.94872,100,,"DfE, Suspensions and permanent exclusions in England",academic year 2024/25,released
E06000017,suspension_rate,2025,by_ethnicity,Mixed,,9.0,234.0,3.84615,,3.84615,100,,"DfE, Suspensions and permanent exclusions in England",academic year 2024/25,released
E06000017,suspension_rate,2025,overall,,,329.0,5881.0,5.59429,,5.59429,100,,"DfE, Suspensions and permanent exclusions in England",academic year 2024/25,released
E06000017,suspension_rate,2025,by_ethnicity,Other,,0.0,35.0,0.0,,0.0,100,,"DfE, Suspensions and permanent exclusions in England",academic year 2024/25,released
E06000017,suspension_rate,2025,by_ethnicity,White,,299.0,5268.0,5.67578,,5.67578,100,,"DfE, Suspensions and permanent exclusions in England",academic year 2024/25,released
E06000018,suspension_rate,2024,by_ethnicity,Asian,,650.0,10517.0,6.18047,,6.18047,100,,"DfE, Suspensions and permanent exclusions in England",academic year 2023/24,released
E06000018,suspension_rate,2024,by_ethnicity,Black,,546.0,6976.0,7.82683,,7.82683,100,,"DfE, Suspensions and permanent exclusions in England",academic year 2023/24,released
E06000018,suspension_rate,2024,by_ethnicity,Mixed,,1963.0,6737.0,29.1376,,29.1376,100,,"DfE, Suspensions and permanent exclusions in England",academic year 2023/24,released
E06000018,suspension_rate,2024,overall,,,9614.0,49136.0,19.5661,,19.5661,100,,"DfE, Suspensions and permanent exclusions in England",academic year 2023/24,released
E06000018,suspension_rate,2024,by_ethnicity,Other,,174.0,1958.0,8.88662,,8.88662,100,,"DfE, Suspensions and permanent exclusions in England",academic year 2023/24,released
E06000018,suspension_rate,2024,by_ethnicity,White,,6017.0,22052.0,27.28551,,27.28551,100,,"DfE, Suspensions and permanent exclusions in England",academic year 2023/24,released
E06000018,suspension_rate,2025,by_ethnicity,Asian,,476.0,10768.0,4.42051,,4.42051,100,,"DfE, Suspensions and permanent exclusions in England",academic year 2024/25,released
E06000018,suspension_rate,2025,by_ethnicity,Black,,528.0,7471.0,7.06733,,7.06733,100,,"DfE, Suspensions and permanent exclusions in England",academic year 2024/25,released
E06000018,suspension_rate,2025,by_ethnicity,Mixed,,1229.0,6641.0,18.50625,,18.50625,100,,"DfE, Suspensions and permanent exclusions in England",academic year 2024/25,released
E06000018,suspension_rate,2025,overall,,,6919.0,48960.0,14.13194,,14.13194,100,,"DfE, Suspensions and permanent exclusions in England",academic year 2024/25,released
E06000018,suspension_rate,2025,by_ethnicity,Other,,150.0,2048.0,7.32422,,7.32422,100,,"DfE, Suspensions and permanent exclusions in England",academic year 2024/25,released
E06000018,suspension_rate,2025,by_ethnicity,White,,4362.0,21088.0,20.68475,,20.68475,100,,"DfE, Suspensions and permanent exclusions in England",academic year 2024/25,released
E06000019,suspension_rate,2024,by_ethnicity,Asian,,2.0,539.0,0.37106,,0.37106,100,,"DfE, Suspensions and permanent exclusions in England",academic year 2023/24,released
E06000019,suspension_rate,2024,by_ethnicity,Black,,3.0,153.0,1.96078,,1.96078,100,,"DfE, Suspensions and permanent exclusions in England",academic year 2023/24,released
E06000019,suspension_rate,2024,by_ethnicity,Mixed,,59.0,803.0,7.34745,,7.34745,100,,"DfE, Suspensions and permanent exclusions in England",academic year 2023/24,released
E06000019,suspension_rate,2024,overall,,,1771.0,23775.0,7.449,,7.449,100,,"DfE, Suspensions and permanent exclusions in England",academic year 2023/24,released
E06000019,suspension_rate,2024,by_ethnicity,Other,,4.0,198.0,2.0202,,2.0202,100,,"DfE, Suspensions and permanent exclusions in England",academic year 2023/24,released
E06000019,suspension_rate,2024,by_ethnicity,White,,1688.0,21971.0,7.68285,,7.68285,100,,"DfE, Suspensions and permanent exclusions in England",academic year 2023/24,released
E06000019,suspension_rate,2025,by_ethnicity,Asian,,4.0,633.0,0.63191,,0.63191,100,,"DfE, Suspensions and permanent exclusions in England",academic year 2024/25,released
E06000019,suspension_rate,2025,by_ethnicity,Black,,3.0,216.0,1.38889,,1.38889,100,,"DfE, Suspensions and permanent exclusions in England",academic year 2024/25,released
E06000019,suspension_rate,2025,by_ethnicity,Mixed,,27.0,820.0,3.29268,,3.29268,100,,"DfE, Suspensions and permanent exclusions in England",academic year 2024/25,released
E06000019,suspension_rate,2025,overall,,,1615.0,23542.0,6.86008,,6.86008,100,,"DfE, Suspensions and permanent exclusions in England",academic year 2024/25,released
E06000019,suspension_rate,2025,by_ethnicity,Other,,10.0,206.0,4.85437,,4.85437,100,,"DfE, Suspensions and permanent exclusions in England",academic year 2024/25,released
E06000019,suspension_rate,2025,by_ethnicity,White,,1567.0,21550.0,7.27146,,7.27146,100,,"DfE, Suspensions and permanent exclusions in England",academic year 2024/25,released
E06000020,suspension_rate,2024,by_ethnicity,Asian,,72.0,3146.0,2.28862,,2.28862,100,,"DfE, Suspensions and permanent exclusions in England",academic year 2023/24,released
E06000020,suspension_rate,2024,by_ethnicity,Black,,57.0,2035.0,2.80098,,2.80098,100,,"DfE, Suspensions and permanent exclusions in England",academic year 2023/24,released
E06000020,suspension_rate,2024,by_ethnicity,Mixed,,167.0,2061.0,8.10286,,8.10286,100,,"DfE, Suspensions and permanent exclusions in England",academic year 2023/24,released
E06000020,suspension_rate,2024,overall,,,3850.0,32249.0,11.93835,,11.93835,100,,"DfE, Suspensions and permanent exclusions in England",academic year 2023/24,released
E06000020,suspension_rate,2024,by_ethnicity,Other,,10.0,212.0,4.71698,,4.71698,100,,"DfE, Suspensions and permanent exclusions in England",academic year 2023/24,released
E06000020,suspension_rate,2024,by_ethnicity,White,,3412.0,23936.0,14.25468,,14.25468,100,,"DfE, Suspensions and permanent exclusions in England",academic year 2023/24,released
E06000020,suspension_rate,2025,by_ethnicity,Asian,,64.0,3297.0,1.94116,,1.94116,100,,"DfE, Suspensions and permanent exclusions in England",academic year 2024/25,released
E06000020,suspension_rate,2025,by_ethnicity,Black,,69.0,2315.0,2.98056,,2.98056,100,,"DfE, Suspensions and permanent exclusions in England",academic year 2024/25,released
E06000020,suspension_rate,2025,by_ethnicity,Mixed,,234.0,2132.0,10.97561,,10.97561,100,,"DfE, Suspensions and permanent exclusions in England",academic year 2024/25,released
E06000020,suspension_rate,2025,overall,,,4368.0,32390.0,13.48564,,13.48564,100,,"DfE, Suspensions and permanent exclusions in England",academic year 2024/25,released
E06000020,suspension_rate,2025,by_ethnicity,Other,,11.0,257.0,4.28016,,4.28016,100,,"DfE, Suspensions and permanent exclusions in England",academic year 2024/25,released
E06000020,suspension_rate,2025,by_ethnicity,White,,3918.0,23555.0,16.63341,,16.63341,100,,"DfE, Suspensions and permanent exclusions in England",academic year 2024/25,released
E06000021,suspension_rate,2024,by_ethnicity,Asian,,900.0,7601.0,11.84055,,11.84055,100,,"DfE, Suspensions and permanent exclusions in England",academic year 2023/24,released
E06000021,suspension_rate,2024,by_ethnicity,Black,,217.0,2694.0,8.05494,,8.05494,100,,"DfE, Suspensions and permanent exclusions in England",academic year 2023/24,released
E06000021,suspension_rate,2024,by_ethnicity,Mixed,,518.0,2409.0,21.5027,,21.5027,100,,"DfE, Suspensions and permanent exclusions in England",academic year 2023/24,released
E06000021,suspension_rate,2024,overall,,,9403.0,41780.0,22.50598,,22.50598,100,,"DfE, Suspensions and permanent exclusions in England",academic year 2023/24,released
E06000021,suspension_rate,2024,by_ethnicity,Other,,242.0,1089.0,22.22222,,22.22222,100,,"DfE, Suspensions and permanent exclusions in England",academic year 2023/24,released
E06000021,suspension_rate,2024,by_ethnicity,White,,7503.0,27806.0,26.98338,,26.98338,100,,"DfE, Suspensions and permanent exclusions in England",academic year 2023/24,released
E06000021,suspension_rate,2025,by_ethnicity,Asian,,771.0,7805.0,9.87828,,9.87828,100,,"DfE, Suspensions and permanent exclusions in England",academic year 2024/25,released
E06000021,suspension_rate,2025,by_ethnicity,Black,,212.0,3151.0,6.72802,,6.72802,100,,"DfE, Suspensions and permanent exclusions in England",academic year 2024/25,released
E06000021,suspension_rate,2025,by_ethnicity,Mixed,,439.0,2429.0,18.07328,,18.07328,100,,"DfE, Suspensions and permanent exclusions in England",academic year 2024/25,released
E06000021,suspension_rate,2025,overall,,,8091.0,41442.0,19.52367,,19.52367,100,,"DfE, Suspensions and permanent exclusions in England",academic year 2024/25,released
E06000021,suspension_rate,2025,by_ethnicity,Other,,249.0,1132.0,21.99647,,21.99647,100,,"DfE, Suspensions and permanent exclusions in England",academic year 2024/25,released
E06000021,suspension_rate,2025,by_ethnicity,White,,6389.0,26720.0,23.91093,,23.91093,100,,"DfE, Suspensions and permanent exclusions in England",academic year 2024/25,released
E06000022,suspension_rate,2024,by_ethnicity,Asian,,23.0,834.0,2.75779,,2.75779,100,,"DfE, Suspensions and permanent exclusions in England",academic year 2023/24,released
E06000022,suspension_rate,2024,by_ethnicity,Black,,35.0,273.0,12.82051,,12.82051,100,,"DfE, Suspensions and permanent exclusions in England",academic year 2023/24,released
E06000022,suspension_rate,2024,by_ethnicity,Mixed,,259.0,1626.0,15.92866,,15.92866,100,,"DfE, Suspensions and permanent exclusions in England",academic year 2023/24,released
E06000022,suspension_rate,2024,overall,,,3570.0,27404.0,13.0273,,13.0273,100,,"DfE, Suspensions and permanent exclusions in England",academic year 2023/24,released
E06000022,suspension_rate,2024,by_ethnicity,Other,,17.0,272.0,6.25,,6.25,100,,"DfE, Suspensions and permanent exclusions in England",academic year 2023/24,released
E06000022,suspension_rate,2024,by_ethnicity,White,,3079.0,23818.0,12.9272,,12.9272,100,,"DfE, Suspensions and permanent exclusions in England",academic year 2023/24,released
E06000022,suspension_rate,2025,by_ethnicity,Asian,,17.0,914.0,1.85996,,1.85996,100,,"DfE, Suspensions and permanent exclusions in England",academic year 2024/25,released
E06000022,suspension_rate,2025,by_ethnicity,Black,,57.0,345.0,16.52174,,16.52174,100,,"DfE, Suspensions and permanent exclusions in England",academic year 2024/25,released
E06000022,suspension_rate,2025,by_ethnicity,Mixed,,257.0,1678.0,15.31585,,15.31585,100,,"DfE, Suspensions and permanent exclusions in England",academic year 2024/25,released
E06000022,suspension_rate,2025,overall,,,3312.0,27246.0,12.15591,,12.15591,100,,"DfE, Suspensions and permanent exclusions in England",academic year 2024/25,released
E06000022,suspension_rate,2025,by_ethnicity,Other,,26.0,283.0,9.18728,,9.18728,100,,"DfE, Suspensions and permanent exclusions in England",academic year 2024/25,released
E06000022,suspension_rate,2025,by_ethnicity,White,,2861.0,23449.0,12.20095,,12.20095,100,,"DfE, Suspensions and permanent exclusions in England",academic year 2024/25,released
E06000023,suspension_rate,2024,by_ethnicity,Asian,,280.0,6020.0,4.65116,,4.65116,100,,"DfE, Suspensions and permanent exclusions in England",academic year 2023/24,released
E06000023,suspension_rate,2024,by_ethnicity,Black,,909.0,6664.0,13.64046,,13.64046,100,,"DfE, Suspensions and permanent exclusions in England",academic year 2023/24,released
E06000023,suspension_rate,2024,by_ethnicity,Mixed,,1049.0,6101.0,17.1939,,17.1939,100,,"DfE, Suspensions and permanent exclusions in England",academic year 2023/24,released
E06000023,suspension_rate,2024,overall,,,9328.0,62396.0,14.94968,,14.94968,100,,"DfE, Suspensions and permanent exclusions in England",academic year 2023/24,released
E06000023,suspension_rate,2024,by_ethnicity,Other,,110.0,1188.0,9.25926,,9.25926,100,,"DfE, Suspensions and permanent exclusions in England",academic year 2023/24,released
E06000023,suspension_rate,2024,by_ethnicity,White,,6617.0,41124.0,16.09036,,16.09036,100,,"DfE, Suspensions and permanent exclusions in England",academic year 2023/24,released
E06000023,suspension_rate,2025,by_ethnicity,Asian,,397.0,6141.0,6.46475,,6.46475,100,,"DfE, Suspensions and permanent exclusions in England",academic year 2024/25,released
E06000023,suspension_rate,2025,by_ethnicity,Black,,1333.0,6924.0,19.25188,,19.25188,100,,"DfE, Suspensions and permanent exclusions in England",academic year 2024/25,released
E06000023,suspension_rate,2025,by_ethnicity,Mixed,,1245.0,6163.0,20.2012,,20.2012,100,,"DfE, Suspensions and permanent exclusions in England",academic year 2024/25,released
E06000023,suspension_rate,2025,overall,,,10897.0,61824.0,17.62584,,17.62584,100,,"DfE, Suspensions and permanent exclusions in England",academic year 2024/25,released
E06000023,suspension_rate,2025,by_ethnicity,Other,,182.0,1266.0,14.37599,,14.37599,100,,"DfE, Suspensions and permanent exclusions in England",academic year 2024/25,released
E06000023,suspension_rate,2025,by_ethnicity,White,,7339.0,40110.0,18.29718,,18.29718,100,,"DfE, Suspensions and permanent exclusions in England",academic year 2024/25,released
E06000024,suspension_rate,2024,by_ethnicity,Asian,,24.0,950.0,2.52632,,2.52632,100,,"DfE, Suspensions and permanent exclusions in England",academic year 2023/24,released
E06000024,suspension_rate,2024,by_ethnicity,Black,,30.0,334.0,8.98204,,8.98204,100,,"DfE, Suspensions and permanent exclusions in England",academic year 2023/24,released
E06000024,suspension_rate,2024,by_ethnicity,Mixed,,264.0,1282.0,20.59282,,20.59282,100,,"DfE, Suspensions and permanent exclusions in England",academic year 2023/24,released
E06000024,suspension_rate,2024,overall,,,4138.0,31542.0,13.11902,,13.11902,100,,"DfE, Suspensions and permanent exclusions in England",academic year 2023/24,released
E06000024,suspension_rate,2024,by_ethnicity,Other,,6.0,135.0,4.44444,,4.44444,100,,"DfE, Suspensions and permanent exclusions in England",academic year 2023/24,released
E06000024,suspension_rate,2024,by_ethnicity,White,,3771.0,28547.0,13.20979,,13.20979,100,,"DfE, Suspensions and permanent exclusions in England",academic year 2023/24,released
E06000024,suspension_rate,2025,by_ethnicity,Asian,,26.0,1084.0,2.39852,,2.39852,100,,"DfE, Suspensions and permanent exclusions in England",academic year 2024/25,released
E06000024,suspension_rate,2025,by_ethnicity,Black,,31.0,475.0,6.52632,,6.52632,100,,"DfE, Suspensions and permanent exclusions in England",academic year 2024/25,released
E06000024,suspension_rate,2025,by_ethnicity,Mixed,,320.0,1311.0,24.40885,,24.40885,100,,"DfE, Suspensions and permanent exclusions in England",academic year 2024/25,released
E06000024,suspension_rate,2025,overall,,,4194.0,31484.0,13.32105,,13.32105,100,,"DfE, Suspensions and permanent exclusions in England",academic year 2024/25,released
E06000024,suspension_rate,2025,by_ethnicity,Other,,7.0,157.0,4.4586,,4.4586,100,,"DfE, Suspensions and permanent exclusions in England",academic year 2024/25,released
E06000024,suspension_rate,2025,by_ethnicity,White,,3766.0,28128.0,13.38879,,13.38879,100,,"DfE, Suspensions and permanent exclusions in England",academic year 2024/25,released
E06000025,suspension_rate,2024,by_ethnicity,Asian,,75.0,2836.0,2.64457,,2.64457,100,,"DfE, Suspensions and permanent exclusions in England",academic year 2023/24,released
E06000025,suspension_rate,2024,by_ethnicity,Black,,143.0,1374.0,10.40757,,10.40757,100,,"DfE, Suspensions and permanent exclusions in England",academic year 2023/24,released
E06000025,suspension_rate,2024,by_ethnicity,Mixed,,600.0,2614.0,22.95333,,22.95333,100,,"DfE, Suspensions and permanent exclusions in England",academic year 2023/24,released
E06000025,suspension_rate,2024,overall,,,6641.0,41635.0,15.95052,,15.95052,100,,"DfE, Suspensions and permanent exclusions in England",academic year 2023/24,released
E06000025,suspension_rate,2024,by_ethnicity,Other,,97.0,426.0,22.76995,,22.76995,100,,"DfE, Suspensions and permanent exclusions in England",academic year 2023/24,released
E06000025,suspension_rate,2024,by_ethnicity,White,,5528.0,33839.0,16.33618,,16.33618,100,,"DfE, Suspensions and permanent exclusions in England",academic year 2023/24,released
E06000025,suspension_rate,2025,by_ethnicity,Asian,,82.0,2988.0,2.74431,,2.74431,100,,"DfE, Suspensions and permanent exclusions in England",academic year 2024/25,released
E06000025,suspension_rate,2025,by_ethnicity,Black,,133.0,1617.0,8.22511,,8.22511,100,,"DfE, Suspensions and permanent exclusions in England",academic year 2024/25,released
E06000025,suspension_rate,2025,by_ethnicity,Mixed,,551.0,2728.0,20.19795,,20.19795,100,,"DfE, Suspensions and permanent exclusions in England",academic year 2024/25,released
E06000025,suspension_rate,2025,overall,,,5187.0,41517.0,12.49368,,12.49368,100,,"DfE, Suspensions and permanent exclusions in England",academic year 2024/25,released
E06000025,suspension_rate,2025,by_ethnicity,Other,,41.0,440.0,9.31818,,9.31818,100,,"DfE, Suspensions and permanent exclusions in England",academic year 2024/25,released
E06000025,suspension_rate,2025,by_ethnicity,White,,4242.0,33177.0,12.78597,,12.78597,100,,"DfE, Suspensions and permanent exclusions in England",academic year 2024/25,released
E06000026,suspension_rate,2024,by_ethnicity,Asian,,10.0,1101.0,0.90827,,0.90827,100,,"DfE, Suspensions and permanent exclusions in England",academic year 2023/24,released
E06000026,suspension_rate,2024,by_ethnicity,Black,,51.0,1026.0,4.97076,,4.97076,100,,"DfE, Suspensions and permanent exclusions in England",academic year 2023/24,released
E06000026,suspension_rate,2024,by_ethnicity,Mixed,,138.0,1411.0,9.7803,,9.7803,100,,"DfE, Suspensions and permanent exclusions in England",academic year 2023/24,released
E06000026,suspension_rate,2024,overall,,,6647.0,38848.0,17.11028,,17.11028,100,,"DfE, Suspensions and permanent exclusions in England",academic year 2023/24,released
E06000026,suspension_rate,2024,by_ethnicity,Other,,47.0,738.0,6.36856,,6.36856,100,,"DfE, Suspensions and permanent exclusions in England",academic year 2023/24,released
E06000026,suspension_rate,2024,by_ethnicity,White,,6317.0,34117.0,18.5157,,18.5157,100,,"DfE, Suspensions and permanent exclusions in England",academic year 2023/24,released
E06000026,suspension_rate,2025,by_ethnicity,Asian,,10.0,1245.0,0.80321,,0.80321,100,,"DfE, Suspensions and permanent exclusions in England",academic year 2024/25,released
E06000026,suspension_rate,2025,by_ethnicity,Black,,63.0,1281.0,4.91803,,4.91803,100,,"DfE, Suspensions and permanent exclusions in England",academic year 2024/25,released
E06000026,suspension_rate,2025,by_ethnicity,Mixed,,119.0,1452.0,8.19559,,8.19559,100,,"DfE, Suspensions and permanent exclusions in England",academic year 2024/25,released
E06000026,suspension_rate,2025,overall,,,5996.0,38368.0,15.62761,,15.62761,100,,"DfE, Suspensions and permanent exclusions in England",academic year 2024/25,released
E06000026,suspension_rate,2025,by_ethnicity,Other,,25.0,810.0,3.08642,,3.08642,100,,"DfE, Suspensions and permanent exclusions in England",academic year 2024/25,released
E06000026,suspension_rate,2025,by_ethnicity,White,,5684.0,33064.0,17.1909,,17.1909,100,,"DfE, Suspensions and permanent exclusions in England",academic year 2024/25,released
E06000027,suspension_rate,2024,by_ethnicity,Asian,,20.0,583.0,3.43053,,3.43053,100,,"DfE, Suspensions and permanent exclusions in England",academic year 2023/24,released
E06000027,suspension_rate,2024,by_ethnicity,Black,,14.0,128.0,10.9375,,10.9375,100,,"DfE, Suspensions and permanent exclusions in England",academic year 2023/24,released
E06000027,suspension_rate,2024,by_ethnicity,Mixed,,171.0,765.0,22.35294,,22.35294,100,,"DfE, Suspensions and permanent exclusions in England",academic year 2023/24,released
E06000027,suspension_rate,2024,overall,,,3996.0,20071.0,19.90932,,19.90932,100,,"DfE, Suspensions and permanent exclusions in England",academic year 2023/24,released
E06000027,suspension_rate,2024,by_ethnicity,Other,,5.0,151.0,3.31126,,3.31126,100,,"DfE, Suspensions and permanent exclusions in England",academic year 2023/24,released
E06000027,suspension_rate,2024,by_ethnicity,White,,3742.0,18211.0,20.54802,,20.54802,100,,"DfE, Suspensions and permanent exclusions in England",academic year 2023/24,released
E06000027,suspension_rate,2025,by_ethnicity,Asian,,0.0,673.0,0.0,,0.0,100,,"DfE, Suspensions and permanent exclusions in England",academic year 2024/25,released
E06000027,suspension_rate,2025,by_ethnicity,Black,,3.0,205.0,1.46341,,1.46341,100,,"DfE, Suspensions and permanent exclusions in England",academic year 2024/25,released
E06000027,suspension_rate,2025,by_ethnicity,Mixed,,67.0,771.0,8.69001,,8.69001,100,,"DfE, Suspensions and permanent exclusions in England",academic year 2024/25,released
E06000027,suspension_rate,2025,overall,,,3031.0,19744.0,15.3515,,15.3515,100,,"DfE, Suspensions and permanent exclusions in England",academic year 2024/25,released
E06000027,suspension_rate,2025,by_ethnicity,Other,,3.0,144.0,2.08333,,2.08333,100,,"DfE, Suspensions and permanent exclusions in England",academic year 2024/25,released
E06000027,suspension_rate,2025,by_ethnicity,White,,2935.0,17661.0,16.61854,,16.61854,100,,"DfE, Suspensions and permanent exclusions in England",academic year 2024/25,released
E06000030,suspension_rate,2024,by_ethnicity,Asian,,104.0,5839.0,1.78113,,1.78113,100,,"DfE, Suspensions and permanent exclusions in England",academic year 2023/24,released
E06000030,suspension_rate,2024,by_ethnicity,Black,,144.0,1911.0,7.53532,,7.53532,100,,"DfE, Suspensions and permanent exclusions in England",academic year 2023/24,released
E06000030,suspension_rate,2024,by_ethnicity,Mixed,,384.0,2366.0,16.22992,,16.22992,100,,"DfE, Suspensions and permanent exclusions in England",academic year 2023/24,released
E06000030,suspension_rate,2024,overall,,,4491.0,37407.0,12.00577,,12.00577,100,,"DfE, Suspensions and permanent exclusions in England",academic year 2023/24,released
E06000030,suspension_rate,2024,by_ethnicity,Other,,66.0,495.0,13.33333,,13.33333,100,,"DfE, Suspensions and permanent exclusions in England",academic year 2023/24,released
E06000030,suspension_rate,2024,by_ethnicity,White,,3753.0,26268.0,14.28735,,14.28735,100,,"DfE, Suspensions and permanent exclusions in England",academic year 2023/24,released
E06000030,suspension_rate,2025,by_ethnicity,Asian,,134.0,6063.0,2.21013,,2.21013,100,,"DfE, Suspensions and permanent exclusions in England",academic year 2024/25,released
E06000030,suspension_rate,2025,by_ethnicity,Black,,181.0,2261.0,8.00531,,8.00531,100,,"DfE, Suspensions and permanent exclusions in England",academic year 2024/25,released
E06000030,suspension_rate,2025,by_ethnicity,Mixed,,517.0,2455.0,21.05906,,21.05906,100,,"DfE, Suspensions and permanent exclusions in England",academic year 2024/25,released
E06000030,suspension_rate,2025,overall,,,5592.0,37448.0,14.93271,,14.93271,100,,"DfE, Suspensions and permanent exclusions in England",academic year 2024/25,released
E06000030,suspension_rate,2025,by_ethnicity,Other,,47.0,523.0,8.98662,,8.98662,100,,"DfE, Suspensions and permanent exclusions in England",academic year 2024/25,released
E06000030,suspension_rate,2025,by_ethnicity,White,,4670.0,25594.0,18.24646,,18.24646,100,,"DfE, Suspensions and permanent exclusions in England",academic year 2024/25,released
E06000031,suspension_rate,2024,by_ethnicity,Asian,,896.0,7400.0,12.10811,,12.10811,100,,"DfE, Suspensions and permanent exclusions in England",academic year 2023/24,released
E06000031,suspension_rate,2024,by_ethnicity,Black,,294.0,2983.0,9.85585,,9.85585,100,,"DfE, Suspensions and permanent exclusions in England",academic year 2023/24,released
E06000031,suspension_rate,2024,by_ethnicity,Mixed,,545.0,3458.0,15.76056,,15.76056,100,,"DfE, Suspensions and permanent exclusions in England",academic year 2023/24,released
E06000031,suspension_rate,2024,overall,,,7231.0,41209.0,17.54714,,17.54714,100,,"DfE, Suspensions and permanent exclusions in England",academic year 2023/24,released
E06000031,suspension_rate,2024,by_ethnicity,Other,,73.0,740.0,9.86486,,9.86486,100,,"DfE, Suspensions and permanent exclusions in England",academic year 2023/24,released
E06000031,suspension_rate,2024,by_ethnicity,White,,5031.0,25261.0,19.91608,,19.91608,100,,"DfE, Suspensions and permanent exclusions in England",academic year 2023/24,released
E06000031,suspension_rate,2025,by_ethnicity,Asian,,787.0,7644.0,10.29566,,10.29566,100,,"DfE, Suspensions and permanent exclusions in England",academic year 2024/25,released
E06000031,suspension_rate,2025,by_ethnicity,Black,,274.0,3376.0,8.11611,,8.11611,100,,"DfE, Suspensions and permanent exclusions in England",academic year 2024/25,released
E06000031,suspension_rate,2025,by_ethnicity,Mixed,,530.0,3550.0,14.92958,,14.92958,100,,"DfE, Suspensions and permanent exclusions in England",academic year 2024/25,released
E06000031,suspension_rate,2025,overall,,,6953.0,41304.0,16.83372,,16.83372,100,,"DfE, Suspensions and permanent exclusions in England",academic year 2024/25,released
E06000031,suspension_rate,2025,by_ethnicity,Other,,99.0,815.0,12.14724,,12.14724,100,,"DfE, Suspensions and permanent exclusions in England",academic year 2024/25,released
E06000031,suspension_rate,2025,by_ethnicity,White,,4816.0,24414.0,19.72639,,19.72639,100,,"DfE, Suspensions and permanent exclusions in England",academic year 2024/25,released
E06000032,suspension_rate,2024,by_ethnicity,Asian,,964.0,19450.0,4.9563,,4.9563,100,,"DfE, Suspensions and permanent exclusions in England",academic year 2023/24,released
E06000032,suspension_rate,2024,by_ethnicity,Black,,244.0,4715.0,5.17497,,5.17497,100,,"DfE, Suspensions and permanent exclusions in England",academic year 2023/24,released
E06000032,suspension_rate,2024,by_ethnicity,Mixed,,359.0,3667.0,9.79002,,9.79002,100,,"DfE, Suspensions and permanent exclusions in England",academic year 2023/24,released
E06000032,suspension_rate,2024,overall,,,2469.0,40671.0,6.07066,,6.07066,100,,"DfE, Suspensions and permanent exclusions in England",academic year 2023/24,released
E06000032,suspension_rate,2024,by_ethnicity,Other,,48.0,980.0,4.89796,,4.89796,100,,"DfE, Suspensions and permanent exclusions in England",academic year 2023/24,released
E06000032,suspension_rate,2024,by_ethnicity,White,,831.0,11396.0,7.29203,,7.29203,100,,"DfE, Suspensions and permanent exclusions in England",academic year 2023/24,released
E06000032,suspension_rate,2025,by_ethnicity,Asian,,1071.0,19550.0,5.47826,,5.47826,100,,"DfE, Suspensions and permanent exclusions in England",academic year 2024/25,released
E06000032,suspension_rate,2025,by_ethnicity,Black,,269.0,4831.0,5.56821,,5.56821,100,,"DfE, Suspensions and permanent exclusions in England",academic year 2024/25,released
E06000032,suspension_rate,2025,by_ethnicity,Mixed,,321.0,3611.0,8.8895,,8.8895,100,,"DfE, Suspensions and permanent exclusions in England",academic year 2024/25,released
E06000032,suspension_rate,2025,overall,,,2611.0,40348.0,6.4712,,6.4712,100,,"DfE, Suspensions and permanent exclusions in England",academic year 2024/25,released
E06000032,suspension_rate,2025,by_ethnicity,Other,,81.0,1004.0,8.06773,,8.06773,100,,"DfE, Suspensions and permanent exclusions in England",academic year 2024/25,released
E06000032,suspension_rate,2025,by_ethnicity,White,,829.0,10933.0,7.58255,,7.58255,100,,"DfE, Suspensions and permanent exclusions in England",academic year 2024/25,released
E06000033,suspension_rate,2024,by_ethnicity,Asian,,80.0,3747.0,2.13504,,2.13504,100,,"DfE, Suspensions and permanent exclusions in England",academic year 2023/24,released
E06000033,suspension_rate,2024,by_ethnicity,Black,,132.0,2482.0,5.31829,,5.31829,100,,"DfE, Suspensions and permanent exclusions in England",academic year 2023/24,released
E06000033,suspension_rate,2024,by_ethnicity,Mixed,,283.0,2358.0,12.0017,,12.0017,100,,"DfE, Suspensions and permanent exclusions in England",academic year 2023/24,released
E06000033,suspension_rate,2024,overall,,,2533.0,31566.0,8.02446,,8.02446,100,,"DfE, Suspensions and permanent exclusions in England",academic year 2023/24,released
E06000033,suspension_rate,2024,by_ethnicity,Other,,16.0,383.0,4.17755,,4.17755,100,,"DfE, Suspensions and permanent exclusions in England",academic year 2023/24,released
E06000033,suspension_rate,2024,by_ethnicity,White,,1989.0,22252.0,8.93852,,8.93852,100,,"DfE, Suspensions and permanent exclusions in England",academic year 2023/24,released
E06000033,suspension_rate,2025,by_ethnicity,Asian,,102.0,4023.0,2.53542,,2.53542,100,,"DfE, Suspensions and permanent exclusions in England",academic year 2024/25,released
E06000033,suspension_rate,2025,by_ethnicity,Black,,113.0,2667.0,4.23697,,4.23697,100,,"DfE, Suspensions and permanent exclusions in England",academic year 2024/25,released
E06000033,suspension_rate,2025,by_ethnicity,Mixed,,251.0,2380.0,10.54622,,10.54622,100,,"DfE, Suspensions and permanent exclusions in England",academic year 2024/25,released
E06000033,suspension_rate,2025,overall,,,2630.0,31390.0,8.37846,,8.37846,100,,"DfE, Suspensions and permanent exclusions in England",academic year 2024/25,released
E06000033,suspension_rate,2025,by_ethnicity,Other,,9.0,426.0,2.11268,,2.11268,100,,"DfE, Suspensions and permanent exclusions in England",academic year 2024/25,released
E06000033,suspension_rate,2025,by_ethnicity,White,,2135.0,21544.0,9.90995,,9.90995,100,,"DfE, Suspensions and permanent exclusions in England",academic year 2024/25,released
E06000034,suspension_rate,2024,by_ethnicity,Asian,,86.0,3011.0,2.85619,,2.85619,100,,"DfE, Suspensions and permanent exclusions in England",academic year 2023/24,released
E06000034,suspension_rate,2024,by_ethnicity,Black,,276.0,5162.0,5.34676,,5.34676,100,,"DfE, Suspensions and permanent exclusions in England",academic year 2023/24,released
E06000034,suspension_rate,2024,by_ethnicity,Mixed,,238.0,2453.0,9.70241,,9.70241,100,,"DfE, Suspensions and permanent exclusions in England",academic year 2023/24,released
E06000034,suspension_rate,2024,overall,,,3009.0,31922.0,9.4261,,9.4261,100,,"DfE, Suspensions and permanent exclusions in England",academic year 2023/24,released
E06000034,suspension_rate,2024,by_ethnicity,Other,,18.0,428.0,4.20561,,4.20561,100,,"DfE, Suspensions and permanent exclusions in England",academic year 2023/24,released
E06000034,suspension_rate,2024,by_ethnicity,White,,2270.0,20207.0,11.23373,,11.23373,100,,"DfE, Suspensions and permanent exclusions in England",academic year 2023/24,released
E06000034,suspension_rate,2025,by_ethnicity,Asian,,45.0,3273.0,1.37489,,1.37489,100,,"DfE, Suspensions and permanent exclusions in England",academic year 2024/25,released
E06000034,suspension_rate,2025,by_ethnicity,Black,,255.0,5341.0,4.77439,,4.77439,100,,"DfE, Suspensions and permanent exclusions in England",academic year 2024/25,released
E06000034,suspension_rate,2025,by_ethnicity,Mixed,,227.0,2446.0,9.28046,,9.28046,100,,"DfE, Suspensions and permanent exclusions in England",academic year 2024/25,released
E06000034,suspension_rate,2025,overall,,,2563.0,31647.0,8.09871,,8.09871,100,,"DfE, Suspensions and permanent exclusions in England",academic year 2024/25,released
E06000034,suspension_rate,2025,by_ethnicity,Other,,7.0,437.0,1.60183,,1.60183,100,,"DfE, Suspensions and permanent exclusions in England",academic year 2024/25,released
E06000034,suspension_rate,2025,by_ethnicity,White,,1901.0,19556.0,9.7208,,9.7208,100,,"DfE, Suspensions and permanent exclusions in England",academic year 2024/25,released
E06000035,suspension_rate,2024,by_ethnicity,Asian,,58.0,3238.0,1.79123,,1.79123,100,,"DfE, Suspensions and permanent exclusions in England",academic year 2023/24,released
E06000035,suspension_rate,2024,by_ethnicity,Black,,390.0,6525.0,5.97701,,5.97701,100,,"DfE, Suspensions and permanent exclusions in England",academic year 2023/24,released
E06000035,suspension_rate,2024,by_ethnicity,Mixed,,431.0,3681.0,11.70877,,11.70877,100,,"DfE, Suspensions and permanent exclusions in England",academic year 2023/24,released
E06000035,suspension_rate,2024,overall,,,6432.0,50567.0,12.71976,,12.71976,100,,"DfE, Suspensions and permanent exclusions in England",academic year 2023/24,released
E06000035,suspension_rate,2024,by_ethnicity,Other,,40.0,634.0,6.30915,,6.30915,100,,"DfE, Suspensions and permanent exclusions in England",academic year 2023/24,released
E06000035,suspension_rate,2024,by_ethnicity,White,,5326.0,35683.0,14.92588,,14.92588,100,,"DfE, Suspensions and permanent exclusions in England",academic year 2023/24,released
E06000035,suspension_rate,2025,by_ethnicity,Asian,,57.0,3373.0,1.68989,,1.68989,100,,"DfE, Suspensions and permanent exclusions in England",academic year 2024/25,released
E06000035,suspension_rate,2025,by_ethnicity,Black,,393.0,7235.0,5.43193,,5.43193,100,,"DfE, Suspensions and permanent exclusions in England",academic year 2024/25,released
E06000035,suspension_rate,2025,by_ethnicity,Mixed,,385.0,3816.0,10.0891,,10.0891,100,,"DfE, Suspensions and permanent exclusions in England",academic year 2024/25,released
E06000035,suspension_rate,2025,overall,,,6169.0,51076.0,12.07808,,12.07808,100,,"DfE, Suspensions and permanent exclusions in England",academic year 2024/25,released
E06000035,suspension_rate,2025,by_ethnicity,Other,,42.0,703.0,5.9744,,5.9744,100,,"DfE, Suspensions and permanent exclusions in England",academic year 2024/25,released
E06000035,suspension_rate,2025,by_ethnicity,White,,5143.0,35103.0,14.65117,,14.65117,100,,"DfE, Suspensions and permanent exclusions in England",academic year 2024/25,released
E06000036,suspension_rate,2024,by_ethnicity,Asian,,83.0,1671.0,4.96709,,4.96709,100,,"DfE, Suspensions and permanent exclusions in England",academic year 2023/24,released
E06000036,suspension_rate,2024,by_ethnicity,Black,,43.0,653.0,6.58499,,6.58499,100,,"DfE, Suspensions and permanent exclusions in England",academic year 2023/24,released
E06000036,suspension_rate,2024,by_ethnicity,Mixed,,240.0,1334.0,17.991,,17.991,100,,"DfE, Suspensions and permanent exclusions in England",academic year 2023/24,released
E06000036,suspension_rate,2024,overall,,,2423.0,18917.0,12.80858,,12.80858,100,,"DfE, Suspensions and permanent exclusions in England",academic year 2023/24,released
E06000036,suspension_rate,2024,by_ethnicity,Other,,9.0,188.0,4.78723,,4.78723,100,,"DfE, Suspensions and permanent exclusions in England",academic year 2023/24,released
E06000036,suspension_rate,2024,by_ethnicity,White,,2004.0,14852.0,13.49313,,13.49313,100,,"DfE, Suspensions and permanent exclusions in England",academic year 2023/24,released
E06000036,suspension_rate,2025,by_ethnicity,Asian,,26.0,1755.0,1.48148,,1.48148,100,,"DfE, Suspensions and permanent exclusions in England",academic year 2024/25,released
E06000036,suspension_rate,2025,by_ethnicity,Black,,42.0,727.0,5.77717,,5.77717,100,,"DfE, Suspensions and permanent exclusions in England",academic year 2024/25,released
E06000036,suspension_rate,2025,by_ethnicity,Mixed,,163.0,1385.0,11.76895,,11.76895,100,,"DfE, Suspensions and permanent exclusions in England",academic year 2024/25,released
E06000036,suspension_rate,2025,overall,,,2220.0,18978.0,11.69776,,11.69776,100,,"DfE, Suspensions and permanent exclusions in England",academic year 2024/25,released
E06000036,suspension_rate,2025,by_ethnicity,Other,,17.0,205.0,8.29268,,8.29268,100,,"DfE, Suspensions and permanent exclusions in England",academic year 2024/25,released
E06000036,suspension_rate,2025,by_ethnicity,White,,1916.0,14667.0,13.06334,,13.06334,100,,"DfE, Suspensions and permanent exclusions in England",academic year 2024/25,released
E06000037,suspension_rate,2024,by_ethnicity,Asian,,47.0,1688.0,2.78436,,2.78436,100,,"DfE, Suspensions and permanent exclusions in England",academic year 2023/24,released
E06000037,suspension_rate,2024,by_ethnicity,Black,,33.0,511.0,6.45793,,6.45793,100,,"DfE, Suspensions and permanent exclusions in England",academic year 2023/24,released
E06000037,suspension_rate,2024,by_ethnicity,Mixed,,291.0,1587.0,18.33648,,18.33648,100,,"DfE, Suspensions and permanent exclusions in England",academic year 2023/24,released
E06000037,suspension_rate,2024,overall,,,3341.0,26528.0,12.59424,,12.59424,100,,"DfE, Suspensions and permanent exclusions in England",academic year 2023/24,released
E06000037,suspension_rate,2024,by_ethnicity,Other,,20.0,286.0,6.99301,,6.99301,100,,"DfE, Suspensions and permanent exclusions in England",academic year 2023/24,released
E06000037,suspension_rate,2024,by_ethnicity,White,,2891.0,22197.0,13.02428,,13.02428,100,,"DfE, Suspensions and permanent exclusions in England",academic year 2023/24,released
E06000037,suspension_rate,2025,by_ethnicity,Asian,,24.0,1770.0,1.35593,,1.35593,100,,"DfE, Suspensions and permanent exclusions in England",academic year 2024/25,released
E06000037,suspension_rate,2025,by_ethnicity,Black,,55.0,638.0,8.62069,,8.62069,100,,"DfE, Suspensions and permanent exclusions in England",academic year 2024/25,released
E06000037,suspension_rate,2025,by_ethnicity,Mixed,,263.0,1607.0,16.3659,,16.3659,100,,"DfE, Suspensions and permanent exclusions in England",academic year 2024/25,released
E06000037,suspension_rate,2025,overall,,,3237.0,26295.0,12.31033,,12.31033,100,,"DfE, Suspensions and permanent exclusions in England",academic year 2024/25,released
E06000037,suspension_rate,2025,by_ethnicity,Other,,30.0,300.0,10.0,,10.0,100,,"DfE, Suspensions and permanent exclusions in England",academic year 2024/25,released
E06000037,suspension_rate,2025,by_ethnicity,White,,2781.0,21726.0,12.80033,,12.80033,100,,"DfE, Suspensions and permanent exclusions in England",academic year 2024/25,released
E06000038,suspension_rate,2024,by_ethnicity,Asian,,167.0,7487.0,2.23053,,2.23053,100,,"DfE, Suspensions and permanent exclusions in England",academic year 2023/24,released
E06000038,suspension_rate,2024,by_ethnicity,Black,,191.0,2344.0,8.14846,,8.14846,100,,"DfE, Suspensions and permanent exclusions in England",academic year 2023/24,released
E06000038,suspension_rate,2024,by_ethnicity,Mixed,,392.0,2829.0,13.85649,,13.85649,100,,"DfE, Suspensions and permanent exclusions in England",academic year 2023/24,released
E06000038,suspension_rate,2024,overall,,,2441.0,24423.0,9.99468,,9.99468,100,,"DfE, Suspensions and permanent exclusions in England",academic year 2023/24,released
E06000038,suspension_rate,2024,by_ethnicity,Other,,30.0,605.0,4.95868,,4.95868,100,,"DfE, Suspensions and permanent exclusions in England",academic year 2023/24,released
E06000038,suspension_rate,2024,by_ethnicity,White,,1595.0,10461.0,15.24711,,15.24711,100,,"DfE, Suspensions and permanent exclusions in England",academic year 2023/24,released
E06000038,suspension_rate,2025,by_ethnicity,Asian,,209.0,7570.0,2.7609,,2.7609,100,,"DfE, Suspensions and permanent exclusions in England",academic year 2024/25,released
E06000038,suspension_rate,2025,by_ethnicity,Black,,220.0,2458.0,8.95037,,8.95037,100,,"DfE, Suspensions and permanent exclusions in England",academic year 2024/25,released
E06000038,suspension_rate,2025,by_ethnicity,Mixed,,602.0,2900.0,20.75862,,20.75862,100,,"DfE, Suspensions and permanent exclusions in England",academic year 2024/25,released
E06000038,suspension_rate,2025,overall,,,2855.0,24204.0,11.79557,,11.79557,100,,"DfE, Suspensions and permanent exclusions in England",academic year 2024/25,released
E06000038,suspension_rate,2025,by_ethnicity,Other,,42.0,652.0,6.44172,,6.44172,100,,"DfE, Suspensions and permanent exclusions in England",academic year 2024/25,released
E06000038,suspension_rate,2025,by_ethnicity,White,,1680.0,9936.0,16.90821,,16.90821,100,,"DfE, Suspensions and permanent exclusions in England",academic year 2024/25,released
E06000039,suspension_rate,2024,by_ethnicity,Asian,,403.0,18114.0,2.2248,,2.2248,100,,"DfE, Suspensions and permanent exclusions in England",academic year 2023/24,released
E06000039,suspension_rate,2024,by_ethnicity,Black,,151.0,2332.0,6.47513,,6.47513,100,,"DfE, Suspensions and permanent exclusions in England",academic year 2023/24,released
E06000039,suspension_rate,2024,by_ethnicity,Mixed,,235.0,4092.0,5.74291,,5.74291,100,,"DfE, Suspensions and permanent exclusions in England",academic year 2023/24,released
E06000039,suspension_rate,2024,overall,,,1590.0,33543.0,4.74018,,4.74018,100,,"DfE, Suspensions and permanent exclusions in England",academic year 2023/24,released
E06000039,suspension_rate,2024,by_ethnicity,Other,,57.0,1410.0,4.04255,,4.04255,100,,"DfE, Suspensions and permanent exclusions in England",academic year 2023/24,released
E06000039,suspension_rate,2024,by_ethnicity,White,,709.0,6968.0,10.17509,,10.17509,100,,"DfE, Suspensions and permanent exclusions in England",academic year 2023/24,released
E06000039,suspension_rate,2025,by_ethnicity,Asian,,431.0,18297.0,2.35558,,2.35558,100,,"DfE, Suspensions and permanent exclusions in England",academic year 2024/25,released
E06000039,suspension_rate,2025,by_ethnicity,Black,,186.0,2336.0,7.96233,,7.96233,100,,"DfE, Suspensions and permanent exclusions in England",academic year 2024/25,released
E06000039,suspension_rate,2025,by_ethnicity,Mixed,,352.0,4178.0,8.42508,,8.42508,100,,"DfE, Suspensions and permanent exclusions in England",academic year 2024/25,released
E06000039,suspension_rate,2025,overall,,,2020.0,33277.0,6.07026,,6.07026,100,,"DfE, Suspensions and permanent exclusions in England",academic year 2024/25,released
E06000039,suspension_rate,2025,by_ethnicity,Other,,104.0,1437.0,7.2373,,7.2373,100,,"DfE, Suspensions and permanent exclusions in England",academic year 2024/25,released
E06000039,suspension_rate,2025,by_ethnicity,White,,916.0,6486.0,14.12273,,14.12273,100,,"DfE, Suspensions and permanent exclusions in England",academic year 2024/25,released
E06000040,suspension_rate,2024,by_ethnicity,Asian,,176.0,4082.0,4.31161,,4.31161,100,,"DfE, Suspensions and permanent exclusions in England",academic year 2023/24,released
E06000040,suspension_rate,2024,by_ethnicity,Black,,24.0,487.0,4.92813,,4.92813,100,,"DfE, Suspensions and permanent exclusions in England",academic year 2023/24,released
E06000040,suspension_rate,2024,by_ethnicity,Mixed,,135.0,2339.0,5.7717,,5.7717,100,,"DfE, Suspensions and permanent exclusions in England",academic year 2023/24,released
E06000040,suspension_rate,2024,overall,,,1786.0,22763.0,7.84607,,7.84607,100,,"DfE, Suspensions and permanent exclusions in England",academic year 2023/24,released
E06000040,suspension_rate,2024,by_ethnicity,Other,,28.0,534.0,5.24345,,5.24345,100,,"DfE, Suspensions and permanent exclusions in England",academic year 2023/24,released
E06000040,suspension_rate,2024,by_ethnicity,White,,1375.0,14936.0,9.20595,,9.20595,100,,"DfE, Suspensions and permanent exclusions in England",academic year 2023/24,released
E06000040,suspension_rate,2025,by_ethnicity,Asian,,209.0,4148.0,5.03857,,5.03857,100,,"DfE, Suspensions and permanent exclusions in England",academic year 2024/25,released
E06000040,suspension_rate,2025,by_ethnicity,Black,,44.0,560.0,7.85714,,7.85714,100,,"DfE, Suspensions and permanent exclusions in England",academic year 2024/25,released
E06000040,suspension_rate,2025,by_ethnicity,Mixed,,151.0,2409.0,6.26816,,6.26816,100,,"DfE, Suspensions and permanent exclusions in England",academic year 2024/25,released
E06000040,suspension_rate,2025,overall,,,2002.0,22694.0,8.82171,,8.82171,100,,"DfE, Suspensions and permanent exclusions in England",academic year 2024/25,released
E06000040,suspension_rate,2025,by_ethnicity,Other,,37.0,540.0,6.85185,,6.85185,100,,"DfE, Suspensions and permanent exclusions in England",academic year 2024/25,released
E06000040,suspension_rate,2025,by_ethnicity,White,,1516.0,14723.0,10.29681,,10.29681,100,,"DfE, Suspensions and permanent exclusions in England",academic year 2024/25,released
E06000041,suspension_rate,2024,by_ethnicity,Asian,,94.0,6189.0,1.51882,,1.51882,100,,"DfE, Suspensions and permanent exclusions in England",academic year 2023/24,released
E06000041,suspension_rate,2024,by_ethnicity,Black,,64.0,961.0,6.65973,,6.65973,100,,"DfE, Suspensions and permanent exclusions in England",academic year 2023/24,released
E06000041,suspension_rate,2024,by_ethnicity,Mixed,,167.0,2483.0,6.72573,,6.72573,100,,"DfE, Suspensions and permanent exclusions in England",academic year 2023/24,released
E06000041,suspension_rate,2024,overall,,,1389.0,29801.0,4.66092,,4.66092,100,,"DfE, Suspensions and permanent exclusions in England",academic year 2023/24,released
E06000041,suspension_rate,2024,by_ethnicity,Other,,24.0,428.0,5.60748,,5.60748,100,,"DfE, Suspensions and permanent exclusions in England",academic year 2023/24,released
E06000041,suspension_rate,2024,by_ethnicity,White,,928.0,18367.0,5.05254,,5.05254,100,,"DfE, Suspensions and permanent exclusions in England",academic year 2023/24,released
E06000041,suspension_rate,2025,by_ethnicity,Asian,,84.0,6506.0,1.29112,,1.29112,100,,"DfE, Suspensions and permanent exclusions in England",academic year 2024/25,released
E06000041,suspension_rate,2025,by_ethnicity,Black,,64.0,1025.0,6.2439,,6.2439,100,,"DfE, Suspensions and permanent exclusions in England",academic year 2024/25,released
E06000041,suspension_rate,2025,by_ethnicity,Mixed,,145.0,2582.0,5.6158,,5.6158,100,,"DfE, Suspensions and permanent exclusions in England",academic year 2024/25,released
E06000041,suspension_rate,2025,overall,,,1308.0,29856.0,4.38103,,4.38103,100,,"DfE, Suspensions and permanent exclusions in England",academic year 2024/25,released
E06000041,suspension_rate,2025,by_ethnicity,Other,,16.0,475.0,3.36842,,3.36842,100,,"DfE, Suspensions and permanent exclusions in England",academic year 2024/25,released
E06000041,suspension_rate,2025,by_ethnicity,White,,891.0,18133.0,4.91369,,4.91369,100,,"DfE, Suspensions and permanent exclusions in England",academic year 2024/25,released
E06000042,suspension_rate,2024,by_ethnicity,Asian,,243.0,9126.0,2.66272,,2.66272,100,,"DfE, Suspensions and permanent exclusions in England",academic year 2023/24,released
E06000042,suspension_rate,2024,by_ethnicity,Black,,534.0,7585.0,7.04021,,7.04021,100,,"DfE, Suspensions and permanent exclusions in England",academic year 2023/24,released
E06000042,suspension_rate,2024,by_ethnicity,Mixed,,690.0,4793.0,14.39599,,14.39599,100,,"DfE, Suspensions and permanent exclusions in England",academic year 2023/24,released
E06000042,suspension_rate,2024,overall,,,6951.0,51934.0,13.3843,,13.3843,100,,"DfE, Suspensions and permanent exclusions in England",academic year 2023/24,released
E06000042,suspension_rate,2024,by_ethnicity,Other,,100.0,770.0,12.98701,,12.98701,100,,"DfE, Suspensions and permanent exclusions in England",academic year 2023/24,released
E06000042,suspension_rate,2024,by_ethnicity,White,,5136.0,28438.0,18.06034,,18.06034,100,,"DfE, Suspensions and permanent exclusions in England",academic year 2023/24,released
E06000042,suspension_rate,2025,by_ethnicity,Asian,,279.0,9735.0,2.86595,,2.86595,100,,"DfE, Suspensions and permanent exclusions in England",academic year 2024/25,released
E06000042,suspension_rate,2025,by_ethnicity,Black,,422.0,7813.0,5.40125,,5.40125,100,,"DfE, Suspensions and permanent exclusions in England",academic year 2024/25,released
E06000042,suspension_rate,2025,by_ethnicity,Mixed,,702.0,4903.0,14.31776,,14.31776,100,,"DfE, Suspensions and permanent exclusions in England",academic year 2024/25,released
E06000042,suspension_rate,2025,overall,,,6372.0,52212.0,12.20409,,12.20409,100,,"DfE, Suspensions and permanent exclusions in England",academic year 2024/25,released
E06000042,suspension_rate,2025,by_ethnicity,Other,,51.0,802.0,6.3591,,6.3591,100,,"DfE, Suspensions and permanent exclusions in England",academic year 2024/25,released
E06000042,suspension_rate,2025,by_ethnicity,White,,4746.0,27792.0,17.07686,,17.07686,100,,"DfE, Suspensions and permanent exclusions in England",academic year 2024/25,released
E06000043,suspension_rate,2024,by_ethnicity,Asian,,30.0,1639.0,1.83038,,1.83038,100,,"DfE, Suspensions and permanent exclusions in England",academic year 2023/24,released
E06000043,suspension_rate,2024,by_ethnicity,Black,,63.0,791.0,7.9646,,7.9646,100,,"DfE, Suspensions and permanent exclusions in England",academic year 2023/24,released
E06000043,suspension_rate,2024,by_ethnicity,Mixed,,229.0,3291.0,6.95837,,6.95837,100,,"DfE, Suspensions and permanent exclusions in England",academic year 2023/24,released
E06000043,suspension_rate,2024,overall,,,2023.0,30703.0,6.58893,,6.58893,100,,"DfE, Suspensions and permanent exclusions in England",academic year 2023/24,released
E06000043,suspension_rate,2024,by_ethnicity,Other,,53.0,1017.0,5.21141,,5.21141,100,,"DfE, Suspensions and permanent exclusions in England",academic year 2023/24,released
E06000043,suspension_rate,2024,by_ethnicity,White,,1639.0,23658.0,6.92789,,6.92789,100,,"DfE, Suspensions and permanent exclusions in England",academic year 2023/24,released
E06000043,suspension_rate,2025,by_ethnicity,Asian,,50.0,1741.0,2.87191,,2.87191,100,,"DfE, Suspensions and permanent exclusions in England",academic year 2024/25,released
E06000043,suspension_rate,2025,by_ethnicity,Black,,64.0,912.0,7.01754,,7.01754,100,,"DfE, Suspensions and permanent exclusions in England",academic year 2024/25,released
E06000043,suspension_rate,2025,by_ethnicity,Mixed,,235.0,3270.0,7.18654,,7.18654,100,,"DfE, Suspensions and permanent exclusions in England",academic year 2024/25,released
E06000043,suspension_rate,2025,overall,,,2172.0,30292.0,7.17021,,7.17021,100,,"DfE, Suspensions and permanent exclusions in England",academic year 2024/25,released
E06000043,suspension_rate,2025,by_ethnicity,Other,,57.0,1004.0,5.67729,,5.67729,100,,"DfE, Suspensions and permanent exclusions in England",academic year 2024/25,released
E06000043,suspension_rate,2025,by_ethnicity,White,,1760.0,23084.0,7.62433,,7.62433,100,,"DfE, Suspensions and permanent exclusions in England",academic year 2024/25,released
E06000044,suspension_rate,2024,by_ethnicity,Asian,,73.0,2450.0,2.97959,,2.97959,100,,"DfE, Suspensions and permanent exclusions in England",academic year 2023/24,released
E06000044,suspension_rate,2024,by_ethnicity,Black,,79.0,2100.0,3.7619,,3.7619,100,,"DfE, Suspensions and permanent exclusions in England",academic year 2023/24,released
E06000044,suspension_rate,2024,by_ethnicity,Mixed,,283.0,1551.0,18.24629,,18.24629,100,,"DfE, Suspensions and permanent exclusions in England",academic year 2023/24,released
E06000044,suspension_rate,2024,overall,,,4761.0,27999.0,17.00418,,17.00418,100,,"DfE, Suspensions and permanent exclusions in England",academic year 2023/24,released
E06000044,suspension_rate,2024,by_ethnicity,Other,,68.0,596.0,11.4094,,11.4094,100,,"DfE, Suspensions and permanent exclusions in England",academic year 2023/24,released
E06000044,suspension_rate,2024,by_ethnicity,White,,4162.0,20805.0,20.00481,,20.00481,100,,"DfE, Suspensions and permanent exclusions in England",academic year 2023/24,released
E06000044,suspension_rate,2025,by_ethnicity,Asian,,98.0,2641.0,3.71072,,3.71072,100,,"DfE, Suspensions and permanent exclusions in England",academic year 2024/25,released
E06000044,suspension_rate,2025,by_ethnicity,Black,,84.0,2314.0,3.63008,,3.63008,100,,"DfE, Suspensions and permanent exclusions in England",academic year 2024/25,released
E06000044,suspension_rate,2025,by_ethnicity,Mixed,,243.0,1593.0,15.25424,,15.25424,100,,"DfE, Suspensions and permanent exclusions in England",academic year 2024/25,released
E06000044,suspension_rate,2025,overall,,,4650.0,28050.0,16.57754,,16.57754,100,,"DfE, Suspensions and permanent exclusions in England",academic year 2024/25,released
E06000044,suspension_rate,2025,by_ethnicity,Other,,30.0,661.0,4.53858,,4.53858,100,,"DfE, Suspensions and permanent exclusions in England",academic year 2024/25,released
E06000044,suspension_rate,2025,by_ethnicity,White,,4088.0,20250.0,20.18765,,20.18765,100,,"DfE, Suspensions and permanent exclusions in England",academic year 2024/25,released
E06000045,suspension_rate,2024,by_ethnicity,Asian,,243.0,5371.0,4.5243,,4.5243,100,,"DfE, Suspensions and permanent exclusions in England",academic year 2023/24,released
E06000045,suspension_rate,2024,by_ethnicity,Black,,161.0,2023.0,7.95848,,7.95848,100,,"DfE, Suspensions and permanent exclusions in England",academic year 2023/24,released
E06000045,suspension_rate,2024,by_ethnicity,Mixed,,432.0,2558.0,16.88819,,16.88819,100,,"DfE, Suspensions and permanent exclusions in England",academic year 2023/24,released
E06000045,suspension_rate,2024,overall,,,4950.0,34290.0,14.4357,,14.4357,100,,"DfE, Suspensions and permanent exclusions in England",academic year 2023/24,released
E06000045,suspension_rate,2024,by_ethnicity,Other,,93.0,812.0,11.4532,,11.4532,100,,"DfE, Suspensions and permanent exclusions in England",academic year 2023/24,released
E06000045,suspension_rate,2024,by_ethnicity,White,,3906.0,23303.0,16.76179,,16.76179,100,,"DfE, Suspensions and permanent exclusions in England",academic year 2023/24,released
E06000045,suspension_rate,2025,by_ethnicity,Asian,,203.0,5519.0,3.6782,,3.6782,100,,"DfE, Suspensions and permanent exclusions in England",academic year 2024/25,released
E06000045,suspension_rate,2025,by_ethnicity,Black,,176.0,2430.0,7.2428,,7.2428,100,,"DfE, Suspensions and permanent exclusions in England",academic year 2024/25,released
E06000045,suspension_rate,2025,by_ethnicity,Mixed,,364.0,2634.0,13.81929,,13.81929,100,,"DfE, Suspensions and permanent exclusions in England",academic year 2024/25,released
E06000045,suspension_rate,2025,overall,,,4338.0,34072.0,12.73186,,12.73186,100,,"DfE, Suspensions and permanent exclusions in England",academic year 2024/25,released
E06000045,suspension_rate,2025,by_ethnicity,Other,,71.0,786.0,9.03308,,9.03308,100,,"DfE, Suspensions and permanent exclusions in England",academic year 2024/25,released
E06000045,suspension_rate,2025,by_ethnicity,White,,3473.0,22546.0,15.40406,,15.40406,100,,"DfE, Suspensions and permanent exclusions in England",academic year 2024/25,released
E06000046,suspension_rate,2024,by_ethnicity,Asian,,7.0,272.0,2.57353,,2.57353,100,,"DfE, Suspensions and permanent exclusions in England",academic year 2023/24,released
E06000046,suspension_rate,2024,by_ethnicity,Black,,11.0,185.0,5.94595,,5.94595,100,,"DfE, Suspensions and permanent exclusions in England",academic year 2023/24,released
E06000046,suspension_rate,2024,by_ethnicity,Mixed,,85.0,706.0,12.03966,,12.03966,100,,"DfE, Suspensions and permanent exclusions in England",academic year 2023/24,released
E06000046,suspension_rate,2024,overall,,,2348.0,16532.0,14.20276,,14.20276,100,,"DfE, Suspensions and permanent exclusions in England",academic year 2023/24,released
E06000046,suspension_rate,2024,by_ethnicity,Other,,5.0,84.0,5.95238,,5.95238,100,,"DfE, Suspensions and permanent exclusions in England",academic year 2023/24,released
E06000046,suspension_rate,2024,by_ethnicity,White,,2214.0,15143.0,14.62062,,14.62062,100,,"DfE, Suspensions and permanent exclusions in England",academic year 2023/24,released
E06000046,suspension_rate,2025,by_ethnicity,Asian,,5.0,329.0,1.51976,,1.51976,100,,"DfE, Suspensions and permanent exclusions in England",academic year 2024/25,released
E06000046,suspension_rate,2025,by_ethnicity,Black,,23.0,263.0,8.74525,,8.74525,100,,"DfE, Suspensions and permanent exclusions in England",academic year 2024/25,released
E06000046,suspension_rate,2025,by_ethnicity,Mixed,,100.0,691.0,14.47178,,14.47178,100,,"DfE, Suspensions and permanent exclusions in England",academic year 2024/25,released
E06000046,suspension_rate,2025,overall,,,2095.0,16040.0,13.0611,,13.0611,100,,"DfE, Suspensions and permanent exclusions in England",academic year 2024/25,released
E06000046,suspension_rate,2025,by_ethnicity,Other,,4.0,83.0,4.81928,,4.81928,100,,"DfE, Suspensions and permanent exclusions in England",academic year 2024/25,released
E06000046,suspension_rate,2025,by_ethnicity,White,,1920.0,14534.0,13.2104,,13.2104,100,,"DfE, Suspensions and permanent exclusions in England",academic year 2024/25,released
E06000047,suspension_rate,2024,by_ethnicity,Asian,,15.0,1256.0,1.19427,,1.19427,100,,"DfE, Suspensions and permanent exclusions in England",academic year 2023/24,released
E06000047,suspension_rate,2024,by_ethnicity,Black,,27.0,882.0,3.06122,,3.06122,100,,"DfE, Suspensions and permanent exclusions in England",academic year 2023/24,released
E06000047,suspension_rate,2024,by_ethnicity,Mixed,,72.0,1485.0,4.84848,,4.84848,100,,"DfE, Suspensions and permanent exclusions in England",academic year 2023/24,released
E06000047,suspension_rate,2024,overall,,,7241.0,72930.0,9.9287,,9.9287,100,,"DfE, Suspensions and permanent exclusions in England",academic year 2023/24,released
E06000047,suspension_rate,2024,by_ethnicity,Other,,19.0,489.0,3.88548,,3.88548,100,,"DfE, Suspensions and permanent exclusions in England",academic year 2023/24,released
E06000047,suspension_rate,2024,by_ethnicity,White,,7046.0,68420.0,10.29816,,10.29816,100,,"DfE, Suspensions and permanent exclusions in England",academic year 2023/24,released
E06000047,suspension_rate,2025,by_ethnicity,Asian,,19.0,1390.0,1.36691,,1.36691,100,,"DfE, Suspensions and permanent exclusions in England",academic year 2024/25,released
E06000047,suspension_rate,2025,by_ethnicity,Black,,43.0,1123.0,3.82903,,3.82903,100,,"DfE, Suspensions and permanent exclusions in England",academic year 2024/25,released
E06000047,suspension_rate,2025,by_ethnicity,Mixed,,90.0,1482.0,6.07287,,6.07287,100,,"DfE, Suspensions and permanent exclusions in England",academic year 2024/25,released
E06000047,suspension_rate,2025,overall,,,7245.0,71967.0,10.06711,,10.06711,100,,"DfE, Suspensions and permanent exclusions in England",academic year 2024/25,released
E06000047,suspension_rate,2025,by_ethnicity,Other,,6.0,593.0,1.0118,,1.0118,100,,"DfE, Suspensions and permanent exclusions in England",academic year 2024/25,released
E06000047,suspension_rate,2025,by_ethnicity,White,,7030.0,66987.0,10.49457,,10.49457,100,,"DfE, Suspensions and permanent exclusions in England",academic year 2024/25,released
E06000049,suspension_rate,2024,by_ethnicity,Asian,,26.0,2357.0,1.1031,,1.1031,100,,"DfE, Suspensions and permanent exclusions in England",academic year 2023/24,released
E06000049,suspension_rate,2024,by_ethnicity,Black,,26.0,882.0,2.94785,,2.94785,100,,"DfE, Suspensions and permanent exclusions in England",academic year 2023/24,released
E06000049,suspension_rate,2024,by_ethnicity,Mixed,,145.0,2555.0,5.67515,,5.67515,100,,"DfE, Suspensions and permanent exclusions in England",academic year 2023/24,released
E06000049,suspension_rate,2024,overall,,,4189.0,57147.0,7.33022,,7.33022,100,,"DfE, Suspensions and permanent exclusions in England",academic year 2023/24,released
E06000049,suspension_rate,2024,by_ethnicity,Other,,15.0,420.0,3.57143,,3.57143,100,,"DfE, Suspensions and permanent exclusions in England",academic year 2023/24,released
E06000049,suspension_rate,2024,by_ethnicity,White,,3745.0,49754.0,7.52703,,7.52703,100,,"DfE, Suspensions and permanent exclusions in England",academic year 2023/24,released
E06000049,suspension_rate,2025,by_ethnicity,Asian,,24.0,2574.0,0.9324,,0.9324,100,,"DfE, Suspensions and permanent exclusions in England",academic year 2024/25,released
E06000049,suspension_rate,2025,by_ethnicity,Black,,34.0,1166.0,2.91595,,2.91595,100,,"DfE, Suspensions and permanent exclusions in England",academic year 2024/25,released
E06000049,suspension_rate,2025,by_ethnicity,Mixed,,136.0,2682.0,5.07084,,5.07084,100,,"DfE, Suspensions and permanent exclusions in England",academic year 2024/25,released
E06000049,suspension_rate,2025,overall,,,4916.0,57379.0,8.56759,,8.56759,100,,"DfE, Suspensions and permanent exclusions in England",academic year 2024/25,released
E06000049,suspension_rate,2025,by_ethnicity,Other,,12.0,425.0,2.82353,,2.82353,100,,"DfE, Suspensions and permanent exclusions in England",academic year 2024/25,released
E06000049,suspension_rate,2025,by_ethnicity,White,,4493.0,49368.0,9.10104,,9.10104,100,,"DfE, Suspensions and permanent exclusions in England",academic year 2024/25,released
E06000050,suspension_rate,2024,by_ethnicity,Asian,,18.0,1710.0,1.05263,,1.05263,100,,"DfE, Suspensions and permanent exclusions in England",academic year 2023/24,released
E06000050,suspension_rate,2024,by_ethnicity,Black,,18.0,703.0,2.56046,,2.56046,100,,"DfE, Suspensions and permanent exclusions in England",academic year 2023/24,released
E06000050,suspension_rate,2024,by_ethnicity,Mixed,,203.0,1861.0,10.90811,,10.90811,100,,"DfE, Suspensions and permanent exclusions in England",academic year 2023/24,released
E06000050,suspension_rate,2024,overall,,,6430.0,51614.0,12.45786,,12.45786,100,,"DfE, Suspensions and permanent exclusions in England",academic year 2023/24,released
E06000050,suspension_rate,2024,by_ethnicity,Other,,24.0,357.0,6.72269,,6.72269,100,,"DfE, Suspensions and permanent exclusions in England",academic year 2023/24,released
E06000050,suspension_rate,2024,by_ethnicity,White,,5999.0,46457.0,12.91302,,12.91302,100,,"DfE, Suspensions and permanent exclusions in England",academic year 2023/24,released
E06000050,suspension_rate,2025,by_ethnicity,Asian,,33.0,1852.0,1.78186,,1.78186,100,,"DfE, Suspensions and permanent exclusions in England",academic year 2024/25,released
E06000050,suspension_rate,2025,by_ethnicity,Black,,19.0,828.0,2.29469,,2.29469,100,,"DfE, Suspensions and permanent exclusions in England",academic year 2024/25,released
E06000050,suspension_rate,2025,by_ethnicity,Mixed,,178.0,1935.0,9.19897,,9.19897,100,,"DfE, Suspensions and permanent exclusions in England",academic year 2024/25,released
E06000050,suspension_rate,2025,overall,,,5538.0,51105.0,10.83651,,10.83651,100,,"DfE, Suspensions and permanent exclusions in England",academic year 2024/25,released
E06000050,suspension_rate,2025,by_ethnicity,Other,,17.0,396.0,4.29293,,4.29293,100,,"DfE, Suspensions and permanent exclusions in England",academic year 2024/25,released
E06000050,suspension_rate,2025,by_ethnicity,White,,5170.0,45568.0,11.34568,,11.34568,100,,"DfE, Suspensions and permanent exclusions in England",academic year 2024/25,released
E06000051,suspension_rate,2024,by_ethnicity,Asian,,12.0,770.0,1.55844,,1.55844,100,,"DfE, Suspensions and permanent exclusions in England",academic year 2023/24,released
E06000051,suspension_rate,2024,by_ethnicity,Black,,25.0,349.0,7.16332,,7.16332,100,,"DfE, Suspensions and permanent exclusions in England",academic year 2023/24,released
E06000051,suspension_rate,2024,by_ethnicity,Mixed,,184.0,1200.0,15.33333,,15.33333,100,,"DfE, Suspensions and permanent exclusions in England",academic year 2023/24,released
E06000051,suspension_rate,2024,overall,,,5165.0,39653.0,13.0255,,13.0255,100,,"DfE, Suspensions and permanent exclusions in England",academic year 2023/24,released
E06000051,suspension_rate,2024,by_ethnicity,Other,,10.0,127.0,7.87402,,7.87402,100,,"DfE, Suspensions and permanent exclusions in England",academic year 2023/24,released
E06000051,suspension_rate,2024,by_ethnicity,White,,4816.0,36734.0,13.11047,,13.11047,100,,"DfE, Suspensions and permanent exclusions in England",academic year 2023/24,released
E06000051,suspension_rate,2025,by_ethnicity,Asian,,23.0,908.0,2.53304,,2.53304,100,,"DfE, Suspensions and permanent exclusions in England",academic year 2024/25,released
E06000051,suspension_rate,2025,by_ethnicity,Black,,33.0,424.0,7.78302,,7.78302,100,,"DfE, Suspensions and permanent exclusions in England",academic year 2024/25,released
E06000051,suspension_rate,2025,by_ethnicity,Mixed,,241.0,1244.0,19.37299,,19.37299,100,,"DfE, Suspensions and permanent exclusions in England",academic year 2024/25,released
E06000051,suspension_rate,2025,overall,,,4973.0,39395.0,12.62343,,12.62343,100,,"DfE, Suspensions and permanent exclusions in England",academic year 2024/25,released
E06000051,suspension_rate,2025,by_ethnicity,Other,,7.0,144.0,4.86111,,4.86111,100,,"DfE, Suspensions and permanent exclusions in England",academic year 2024/25,released
E06000051,suspension_rate,2025,by_ethnicity,White,,4574.0,36243.0,12.62037,,12.62037,100,,"DfE, Suspensions and permanent exclusions in England",academic year 2024/25,released
E06000052,suspension_rate,2024,by_ethnicity,Asian,,19.0,536.0,3.54478,,3.54478,100,,"DfE, Suspensions and permanent exclusions in England",academic year 2023/24,released
E06000052,suspension_rate,2024,by_ethnicity,Black,,17.0,329.0,5.16717,,5.16717,100,,"DfE, Suspensions and permanent exclusions in England",academic year 2023/24,released
E06000052,suspension_rate,2024,by_ethnicity,Mixed,,212.0,2013.0,10.53154,,10.53154,100,,"DfE, Suspensions and permanent exclusions in England",academic year 2023/24,released
E06000052,suspension_rate,2024,overall,,,14347.0,73590.0,19.49586,,19.49586,100,,"DfE, Suspensions and permanent exclusions in England",academic year 2023/24,released
E06000052,suspension_rate,2024,by_ethnicity,Other,,38.0,267.0,14.23221,,14.23221,100,,"DfE, Suspensions and permanent exclusions in England",academic year 2023/24,released
E06000052,suspension_rate,2024,by_ethnicity,White,,13832.0,69487.0,19.90588,,19.90588,100,,"DfE, Suspensions and permanent exclusions in England",academic year 2023/24,released
E06000052,suspension_rate,2025,by_ethnicity,Asian,,21.0,713.0,2.9453,,2.9453,100,,"DfE, Suspensions and permanent exclusions in England",academic year 2024/25,released
E06000052,suspension_rate,2025,by_ethnicity,Black,,22.0,636.0,3.45912,,3.45912,100,,"DfE, Suspensions and permanent exclusions in England",academic year 2024/25,released
E06000052,suspension_rate,2025,by_ethnicity,Mixed,,225.0,1998.0,11.26126,,11.26126,100,,"DfE, Suspensions and permanent exclusions in England",academic year 2024/25,released
E06000052,suspension_rate,2025,overall,,,12969.0,72396.0,17.91397,,17.91397,100,,"DfE, Suspensions and permanent exclusions in England",academic year 2024/25,released
E06000052,suspension_rate,2025,by_ethnicity,Other,,13.0,280.0,4.64286,,4.64286,100,,"DfE, Suspensions and permanent exclusions in England",academic year 2024/25,released
E06000052,suspension_rate,2025,by_ethnicity,White,,12520.0,67821.0,18.46036,,18.46036,100,,"DfE, Suspensions and permanent exclusions in England",academic year 2024/25,released
E06000053,suspension_rate,2024,by_ethnicity,Asian,,0.0,1.0,0.0,,0.0,100,,"DfE, Suspensions and permanent exclusions in England",academic year 2023/24,released
E06000053,suspension_rate,2024,by_ethnicity,Mixed,,0.0,10.0,0.0,,0.0,100,,"DfE, Suspensions and permanent exclusions in England",academic year 2023/24,released
E06000053,suspension_rate,2024,overall,,,0.0,248.0,0.0,,0.0,100,,"DfE, Suspensions and permanent exclusions in England",academic year 2023/24,released
E06000053,suspension_rate,2024,by_ethnicity,White,,0.0,232.0,0.0,,0.0,100,,"DfE, Suspensions and permanent exclusions in England",academic year 2023/24,released
E06000053,suspension_rate,2025,by_ethnicity,Asian,,0.0,1.0,0.0,,0.0,100,,"DfE, Suspensions and permanent exclusions in England",academic year 2024/25,released
E06000053,suspension_rate,2025,by_ethnicity,Mixed,,0.0,9.0,0.0,,0.0,100,,"DfE, Suspensions and permanent exclusions in England",academic year 2024/25,released
E06000053,suspension_rate,2025,overall,,,15.0,251.0,5.9761,,5.9761,100,,"DfE, Suspensions and permanent exclusions in England",academic year 2024/25,released
E06000053,suspension_rate,2025,by_ethnicity,White,,15.0,236.0,6.35593,,6.35593,100,,"DfE, Suspensions and permanent exclusions in England",academic year 2024/25,released
E06000054,suspension_rate,2024,by_ethnicity,Asian,,54.0,2207.0,2.44676,,2.44676,100,,"DfE, Suspensions and permanent exclusions in England",academic year 2023/24,released
E06000054,suspension_rate,2024,by_ethnicity,Black,,135.0,1621.0,8.32819,,8.32819,100,,"DfE, Suspensions and permanent exclusions in England",academic year 2023/24,released
E06000054,suspension_rate,2024,by_ethnicity,Mixed,,285.0,2827.0,10.08136,,10.08136,100,,"DfE, Suspensions and permanent exclusions in England",academic year 2023/24,released
E06000054,suspension_rate,2024,overall,,,7947.0,70370.0,11.29316,,11.29316,100,,"DfE, Suspensions and permanent exclusions in England",academic year 2023/24,released
E06000054,suspension_rate,2024,by_ethnicity,Other,,46.0,657.0,7.00152,,7.00152,100,,"DfE, Suspensions and permanent exclusions in England",academic year 2023/24,released
E06000054,suspension_rate,2024,by_ethnicity,White,,7115.0,61451.0,11.57833,,11.57833,100,,"DfE, Suspensions and permanent exclusions in England",academic year 2023/24,released
E06000054,suspension_rate,2025,by_ethnicity,Asian,,47.0,2390.0,1.96653,,1.96653,100,,"DfE, Suspensions and permanent exclusions in England",academic year 2024/25,released
E06000054,suspension_rate,2025,by_ethnicity,Black,,114.0,1946.0,5.85817,,5.85817,100,,"DfE, Suspensions and permanent exclusions in England",academic year 2024/25,released
E06000054,suspension_rate,2025,by_ethnicity,Mixed,,261.0,2944.0,8.86549,,8.86549,100,,"DfE, Suspensions and permanent exclusions in England",academic year 2024/25,released
E06000054,suspension_rate,2025,overall,,,8086.0,69868.0,11.57325,,11.57325,100,,"DfE, Suspensions and permanent exclusions in England",academic year 2024/25,released
E06000054,suspension_rate,2025,by_ethnicity,Other,,48.0,837.0,5.73477,,5.73477,100,,"DfE, Suspensions and permanent exclusions in England",academic year 2024/25,released
E06000054,suspension_rate,2025,by_ethnicity,White,,7382.0,60211.0,12.26022,,12.26022,100,,"DfE, Suspensions and permanent exclusions in England",academic year 2024/25,released
E06000055,suspension_rate,2024,by_ethnicity,Asian,,155.0,5180.0,2.99228,,2.99228,100,,"DfE, Suspensions and permanent exclusions in England",academic year 2023/24,released
E06000055,suspension_rate,2024,by_ethnicity,Black,,162.0,2573.0,6.29615,,6.29615,100,,"DfE, Suspensions and permanent exclusions in England",academic year 2023/24,released
E06000055,suspension_rate,2024,by_ethnicity,Mixed,,473.0,3611.0,13.09886,,13.09886,100,,"DfE, Suspensions and permanent exclusions in England",academic year 2023/24,released
E06000055,suspension_rate,2024,overall,,,2637.0,31625.0,8.33834,,8.33834,100,,"DfE, Suspensions and permanent exclusions in England",academic year 2023/24,released
E06000055,suspension_rate,2024,by_ethnicity,Other,,46.0,475.0,9.68421,,9.68421,100,,"DfE, Suspensions and permanent exclusions in England",academic year 2023/24,released
E06000055,suspension_rate,2024,by_ethnicity,White,,1716.0,19352.0,8.8673,,8.8673,100,,"DfE, Suspensions and permanent exclusions in England",academic year 2023/24,released
E06000055,suspension_rate,2025,by_ethnicity,Asian,,189.0,5236.0,3.60963,,3.60963,100,,"DfE, Suspensions and permanent exclusions in England",academic year 2024/25,released
E06000055,suspension_rate,2025,by_ethnicity,Black,,177.0,2804.0,6.31241,,6.31241,100,,"DfE, Suspensions and permanent exclusions in England",academic year 2024/25,released
E06000055,suspension_rate,2025,by_ethnicity,Mixed,,409.0,3705.0,11.03914,,11.03914,100,,"DfE, Suspensions and permanent exclusions in England",academic year 2024/25,released
E06000055,suspension_rate,2025,overall,,,2562.0,31609.0,8.10529,,8.10529,100,,"DfE, Suspensions and permanent exclusions in England",academic year 2024/25,released
E06000055,suspension_rate,2025,by_ethnicity,Other,,38.0,455.0,8.35165,,8.35165,100,,"DfE, Suspensions and permanent exclusions in England",academic year 2024/25,released
E06000055,suspension_rate,2025,by_ethnicity,White,,1664.0,18957.0,8.77776,,8.77776,100,,"DfE, Suspensions and permanent exclusions in England",academic year 2024/25,released
E06000056,suspension_rate,2024,by_ethnicity,Asian,,37.0,2042.0,1.81195,,1.81195,100,,"DfE, Suspensions and permanent exclusions in England",academic year 2023/24,released
E06000056,suspension_rate,2024,by_ethnicity,Black,,156.0,1610.0,9.68944,,9.68944,100,,"DfE, Suspensions and permanent exclusions in England",academic year 2023/24,released
E06000056,suspension_rate,2024,by_ethnicity,Mixed,,479.0,3891.0,12.31046,,12.31046,100,,"DfE, Suspensions and permanent exclusions in England",academic year 2023/24,released
E06000056,suspension_rate,2024,overall,,,4438.0,48616.0,9.12868,,9.12868,100,,"DfE, Suspensions and permanent exclusions in England",academic year 2023/24,released
E06000056,suspension_rate,2024,by_ethnicity,Other,,77.0,432.0,17.82407,,17.82407,100,,"DfE, Suspensions and permanent exclusions in England",academic year 2023/24,released
E06000056,suspension_rate,2024,by_ethnicity,White,,3588.0,39880.0,8.99699,,8.99699,100,,"DfE, Suspensions and permanent exclusions in England",academic year 2023/24,released
E06000056,suspension_rate,2025,by_ethnicity,Asian,,70.0,2292.0,3.0541,,3.0541,100,,"DfE, Suspensions and permanent exclusions in England",academic year 2024/25,released
E06000056,suspension_rate,2025,by_ethnicity,Black,,159.0,1847.0,8.60855,,8.60855,100,,"DfE, Suspensions and permanent exclusions in England",academic year 2024/25,released
E06000056,suspension_rate,2025,by_ethnicity,Mixed,,510.0,4125.0,12.36364,,12.36364,100,,"DfE, Suspensions and permanent exclusions in England",academic year 2024/25,released
E06000056,suspension_rate,2025,overall,,,4677.0,49162.0,9.51345,,9.51345,100,,"DfE, Suspensions and permanent exclusions in England",academic year 2024/25,released
E06000056,suspension_rate,2025,by_ethnicity,Other,,34.0,439.0,7.74487,,7.74487,100,,"DfE, Suspensions and permanent exclusions in England",academic year 2024/25,released
E06000056,suspension_rate,2025,by_ethnicity,White,,3773.0,39790.0,9.48228,,9.48228,100,,"DfE, Suspensions and permanent exclusions in England",academic year 2024/25,released
E06000057,suspension_rate,2024,by_ethnicity,Asian,,28.0,827.0,3.38573,,3.38573,100,,"DfE, Suspensions and permanent exclusions in England",academic year 2023/24,released
E06000057,suspension_rate,2024,by_ethnicity,Black,,60.0,269.0,22.30483,,22.30483,100,,"DfE, Suspensions and permanent exclusions in England",academic year 2023/24,released
E06000057,suspension_rate,2024,by_ethnicity,Mixed,,130.0,982.0,13.23829,,13.23829,100,,"DfE, Suspensions and permanent exclusions in England",academic year 2023/24,released
E06000057,suspension_rate,2024,overall,,,7514.0,45034.0,16.68517,,16.68517,100,,"DfE, Suspensions and permanent exclusions in England",academic year 2023/24,released
E06000057,suspension_rate,2024,by_ethnicity,Other,,14.0,238.0,5.88235,,5.88235,100,,"DfE, Suspensions and permanent exclusions in England",academic year 2023/24,released
E06000057,suspension_rate,2024,by_ethnicity,White,,7210.0,42396.0,17.00632,,17.00632,100,,"DfE, Suspensions and permanent exclusions in England",academic year 2023/24,released
E06000057,suspension_rate,2025,by_ethnicity,Asian,,47.0,907.0,5.18192,,5.18192,100,,"DfE, Suspensions and permanent exclusions in England",academic year 2024/25,released
E06000057,suspension_rate,2025,by_ethnicity,Black,,55.0,424.0,12.9717,,12.9717,100,,"DfE, Suspensions and permanent exclusions in England",academic year 2024/25,released
E06000057,suspension_rate,2025,by_ethnicity,Mixed,,97.0,1047.0,9.26457,,9.26457,100,,"DfE, Suspensions and permanent exclusions in England",academic year 2024/25,released
E06000057,suspension_rate,2025,overall,,,7262.0,44738.0,16.23229,,16.23229,100,,"DfE, Suspensions and permanent exclusions in England",academic year 2024/25,released
E06000057,suspension_rate,2025,by_ethnicity,Other,,20.0,279.0,7.16846,,7.16846,100,,"DfE, Suspensions and permanent exclusions in England",academic year 2024/25,released
E06000057,suspension_rate,2025,by_ethnicity,White,,6930.0,41691.0,16.62229,,16.62229,100,,"DfE, Suspensions and permanent exclusions in England",academic year 2024/25,released
E06000058,suspension_rate,2024,by_ethnicity,Asian,,71.0,2753.0,2.579,,2.579,100,,"DfE, Suspensions and permanent exclusions in England",academic year 2023/24,released
E06000058,suspension_rate,2024,by_ethnicity,Black,,34.0,1269.0,2.67928,,2.67928,100,,"DfE, Suspensions and permanent exclusions in England",academic year 2023/24,released
E06000058,suspension_rate,2024,by_ethnicity,Mixed,,526.0,3571.0,14.72977,,14.72977,100,,"DfE, Suspensions and permanent exclusions in England",academic year 2023/24,released
E06000058,suspension_rate,2024,overall,,,7347.0,52944.0,13.87693,,13.87693,100,,"DfE, Suspensions and permanent exclusions in England",academic year 2023/24,released
E06000058,suspension_rate,2024,by_ethnicity,Other,,61.0,834.0,7.31415,,7.31415,100,,"DfE, Suspensions and permanent exclusions in England",academic year 2023/24,released
E06000058,suspension_rate,2024,by_ethnicity,White,,6511.0,43637.0,14.92082,,14.92082,100,,"DfE, Suspensions and permanent exclusions in England",academic year 2023/24,released
E06000058,suspension_rate,2025,by_ethnicity,Asian,,48.0,3009.0,1.59521,,1.59521,100,,"DfE, Suspensions and permanent exclusions in England",academic year 2024/25,released
E06000058,suspension_rate,2025,by_ethnicity,Black,,54.0,1614.0,3.34572,,3.34572,100,,"DfE, Suspensions and permanent exclusions in England",academic year 2024/25,released
E06000058,suspension_rate,2025,by_ethnicity,Mixed,,506.0,3663.0,13.81381,,13.81381,100,,"DfE, Suspensions and permanent exclusions in England",academic year 2024/25,released
E06000058,suspension_rate,2025,overall,,,6445.0,52658.0,12.23936,,12.23936,100,,"DfE, Suspensions and permanent exclusions in England",academic year 2024/25,released
E06000058,suspension_rate,2025,by_ethnicity,Other,,77.0,922.0,8.35141,,8.35141,100,,"DfE, Suspensions and permanent exclusions in England",academic year 2024/25,released
E06000058,suspension_rate,2025,by_ethnicity,White,,5604.0,42615.0,13.1503,,13.1503,100,,"DfE, Suspensions and permanent exclusions in England",academic year 2024/25,released
E06000059,suspension_rate,2024,by_ethnicity,Asian,,16.0,850.0,1.88235,,1.88235,100,,"DfE, Suspensions and permanent exclusions in England",academic year 2023/24,released
E06000059,suspension_rate,2024,by_ethnicity,Black,,8.0,258.0,3.10078,,3.10078,100,,"DfE, Suspensions and permanent exclusions in England",academic year 2023/24,released
E06000059,suspension_rate,2024,by_ethnicity,Mixed,,134.0,1450.0,9.24138,,9.24138,100,,"DfE, Suspensions and permanent exclusions in England",academic year 2023/24,released
E06000059,suspension_rate,2024,overall,,,5536.0,47649.0,11.61829,,11.61829,100,,"DfE, Suspensions and permanent exclusions in England",academic year 2023/24,released
E06000059,suspension_rate,2024,by_ethnicity,Other,,9.0,190.0,4.73684,,4.73684,100,,"DfE, Suspensions and permanent exclusions in England",academic year 2023/24,released
E06000059,suspension_rate,2024,by_ethnicity,White,,5205.0,44107.0,11.80085,,11.80085,100,,"DfE, Suspensions and permanent exclusions in England",academic year 2023/24,released
E06000059,suspension_rate,2025,by_ethnicity,Asian,,22.0,1065.0,2.06573,,2.06573,100,,"DfE, Suspensions and permanent exclusions in England",academic year 2024/25,released
E06000059,suspension_rate,2025,by_ethnicity,Black,,8.0,346.0,2.31214,,2.31214,100,,"DfE, Suspensions and permanent exclusions in England",academic year 2024/25,released
E06000059,suspension_rate,2025,by_ethnicity,Mixed,,161.0,1447.0,11.12647,,11.12647,100,,"DfE, Suspensions and permanent exclusions in England",academic year 2024/25,released
E06000059,suspension_rate,2025,overall,,,5345.0,47188.0,11.32703,,11.32703,100,,"DfE, Suspensions and permanent exclusions in England",academic year 2024/25,released
E06000059,suspension_rate,2025,by_ethnicity,Other,,9.0,225.0,4.0,,4.0,100,,"DfE, Suspensions and permanent exclusions in England",academic year 2024/25,released
E06000059,suspension_rate,2025,by_ethnicity,White,,5026.0,43450.0,11.56732,,11.56732,100,,"DfE, Suspensions and permanent exclusions in England",academic year 2024/25,released
E06000060,suspension_rate,2024,by_ethnicity,Asian,,770.0,20343.0,3.78509,,3.78509,100,,"DfE, Suspensions and permanent exclusions in England",academic year 2023/24,released
E06000060,suspension_rate,2024,by_ethnicity,Black,,256.0,3199.0,8.0025,,8.0025,100,,"DfE, Suspensions and permanent exclusions in England",academic year 2023/24,released
E06000060,suspension_rate,2024,by_ethnicity,Mixed,,752.0,7680.0,9.79167,,9.79167,100,,"DfE, Suspensions and permanent exclusions in England",academic year 2023/24,released
E06000060,suspension_rate,2024,overall,,,6082.0,89840.0,6.76981,,6.76981,100,,"DfE, Suspensions and permanent exclusions in England",academic year 2023/24,released
E06000060,suspension_rate,2024,by_ethnicity,Other,,47.0,845.0,5.56213,,5.56213,100,,"DfE, Suspensions and permanent exclusions in England",academic year 2023/24,released
E06000060,suspension_rate,2024,by_ethnicity,White,,4185.0,56555.0,7.39988,,7.39988,100,,"DfE, Suspensions and permanent exclusions in England",academic year 2023/24,released
E06000060,suspension_rate,2025,by_ethnicity,Asian,,812.0,21180.0,3.83381,,3.83381,100,,"DfE, Suspensions and permanent exclusions in England",academic year 2024/25,released
E06000060,suspension_rate,2025,by_ethnicity,Black,,257.0,3515.0,7.31152,,7.31152,100,,"DfE, Suspensions and permanent exclusions in England",academic year 2024/25,released
E06000060,suspension_rate,2025,by_ethnicity,Mixed,,740.0,7812.0,9.47261,,9.47261,100,,"DfE, Suspensions and permanent exclusions in England",academic year 2024/25,released
E06000060,suspension_rate,2025,overall,,,6489.0,89997.0,7.21024,,7.21024,100,,"DfE, Suspensions and permanent exclusions in England",academic year 2024/25,released
E06000060,suspension_rate,2025,by_ethnicity,Other,,49.0,882.0,5.55556,,5.55556,100,,"DfE, Suspensions and permanent exclusions in England",academic year 2024/25,released
E06000060,suspension_rate,2025,by_ethnicity,White,,4557.0,55372.0,8.22979,,8.22979,100,,"DfE, Suspensions and permanent exclusions in England",academic year 2024/25,released
E06000061,suspension_rate,2024,by_ethnicity,Asian,,116.0,2695.0,4.30427,,4.30427,100,,"DfE, Suspensions and permanent exclusions in England",academic year 2023/24,released
E06000061,suspension_rate,2024,by_ethnicity,Black,,276.0,3606.0,7.65391,,7.65391,100,,"DfE, Suspensions and permanent exclusions in England",academic year 2023/24,released
E06000061,suspension_rate,2024,by_ethnicity,Mixed,,636.0,3334.0,19.07618,,19.07618,100,,"DfE, Suspensions and permanent exclusions in England",academic year 2023/24,released
E06000061,suspension_rate,2024,overall,,,10138.0,56217.0,18.03369,,18.03369,100,,"DfE, Suspensions and permanent exclusions in England",academic year 2023/24,released
E06000061,suspension_rate,2024,by_ethnicity,Other,,91.0,478.0,19.03766,,19.03766,100,,"DfE, Suspensions and permanent exclusions in England",academic year 2023/24,released
E06000061,suspension_rate,2024,by_ethnicity,White,,8821.0,45441.0,19.41198,,19.41198,100,,"DfE, Suspensions and permanent exclusions in England",academic year 2023/24,released
E06000061,suspension_rate,2025,by_ethnicity,Asian,,86.0,2931.0,2.93415,,2.93415,100,,"DfE, Suspensions and permanent exclusions in England",academic year 2024/25,released
E06000061,suspension_rate,2025,by_ethnicity,Black,,310.0,4251.0,7.2924,,7.2924,100,,"DfE, Suspensions and permanent exclusions in England",academic year 2024/25,released
E06000061,suspension_rate,2025,by_ethnicity,Mixed,,579.0,3410.0,16.97947,,16.97947,100,,"DfE, Suspensions and permanent exclusions in England",academic year 2024/25,released
E06000061,suspension_rate,2025,overall,,,8677.0,56053.0,15.47999,,15.47999,100,,"DfE, Suspensions and permanent exclusions in England",academic year 2024/25,released
E06000061,suspension_rate,2025,by_ethnicity,Other,,81.0,462.0,17.53247,,17.53247,100,,"DfE, Suspensions and permanent exclusions in England",academic year 2024/25,released
E06000061,suspension_rate,2025,by_ethnicity,White,,7393.0,44278.0,16.69678,,16.69678,100,,"DfE, Suspensions and permanent exclusions in England",academic year 2024/25,released
E06000062,suspension_rate,2024,by_ethnicity,Asian,,107.0,5172.0,2.06883,,2.06883,100,,"DfE, Suspensions and permanent exclusions in England",academic year 2023/24,released
E06000062,suspension_rate,2024,by_ethnicity,Black,,361.0,5328.0,6.77553,,6.77553,100,,"DfE, Suspensions and permanent exclusions in England",academic year 2023/24,released
E06000062,suspension_rate,2024,by_ethnicity,Mixed,,785.0,4896.0,16.0335,,16.0335,100,,"DfE, Suspensions and permanent exclusions in England",academic year 2023/24,released
E06000062,suspension_rate,2024,overall,,,7198.0,67710.0,10.63063,,10.63063,100,,"DfE, Suspensions and permanent exclusions in England",academic year 2023/24,released
E06000062,suspension_rate,2024,by_ethnicity,Other,,25.0,613.0,4.0783,,4.0783,100,,"DfE, Suspensions and permanent exclusions in England",academic year 2023/24,released
E06000062,suspension_rate,2024,by_ethnicity,White,,5804.0,50640.0,11.4613,,11.4613,100,,"DfE, Suspensions and permanent exclusions in England",academic year 2023/24,released
E06000062,suspension_rate,2025,by_ethnicity,Asian,,120.0,5452.0,2.20103,,2.20103,100,,"DfE, Suspensions and permanent exclusions in England",academic year 2024/25,released
E06000062,suspension_rate,2025,by_ethnicity,Black,,428.0,5761.0,7.42927,,7.42927,100,,"DfE, Suspensions and permanent exclusions in England",academic year 2024/25,released
E06000062,suspension_rate,2025,by_ethnicity,Mixed,,737.0,4918.0,14.98577,,14.98577,100,,"DfE, Suspensions and permanent exclusions in England",academic year 2024/25,released
E06000062,suspension_rate,2025,overall,,,7914.0,67597.0,11.70762,,11.70762,100,,"DfE, Suspensions and permanent exclusions in England",academic year 2024/25,released
E06000062,suspension_rate,2025,by_ethnicity,Other,,60.0,663.0,9.04977,,9.04977,100,,"DfE, Suspensions and permanent exclusions in England",academic year 2024/25,released
E06000062,suspension_rate,2025,by_ethnicity,White,,6394.0,49750.0,12.85226,,12.85226,100,,"DfE, Suspensions and permanent exclusions in England",academic year 2024/25,released
E06000063,suspension_rate,2024,by_ethnicity,Asian,,9.0,581.0,1.54905,,1.54905,100,,"DfE, Suspensions and permanent exclusions in England",academic year 2023/24,released
E06000063,suspension_rate,2024,by_ethnicity,Black,,5.0,526.0,0.95057,,0.95057,100,,"DfE, Suspensions and permanent exclusions in England",academic year 2023/24,released
E06000063,suspension_rate,2024,by_ethnicity,Mixed,,38.0,757.0,5.01982,,5.01982,100,,"DfE, Suspensions and permanent exclusions in England",academic year 2023/24,released
E06000063,suspension_rate,2024,overall,,,3533.0,39632.0,8.91451,,8.91451,100,,"DfE, Suspensions and permanent exclusions in England",academic year 2023/24,released
E06000063,suspension_rate,2024,by_ethnicity,Other,,10.0,180.0,5.55556,,5.55556,100,,"DfE, Suspensions and permanent exclusions in England",academic year 2023/24,released
E06000063,suspension_rate,2024,by_ethnicity,White,,3356.0,36708.0,9.14242,,9.14242,100,,"DfE, Suspensions and permanent exclusions in England",academic year 2023/24,released
E06000063,suspension_rate,2025,by_ethnicity,Asian,,17.0,669.0,2.54111,,2.54111,100,,"DfE, Suspensions and permanent exclusions in England",academic year 2024/25,released
E06000063,suspension_rate,2025,by_ethnicity,Black,,8.0,710.0,1.12676,,1.12676,100,,"DfE, Suspensions and permanent exclusions in England",academic year 2024/25,released
E06000063,suspension_rate,2025,by_ethnicity,Mixed,,32.0,813.0,3.93604,,3.93604,100,,"DfE, Suspensions and permanent exclusions in England",academic year 2024/25,released
E06000063,suspension_rate,2025,overall,,,3386.0,39294.0,8.61709,,8.61709,100,,"DfE, Suspensions and permanent exclusions in England",academic year 2024/25,released
E06000063,suspension_rate,2025,by_ethnicity,Other,,9.0,227.0,3.96476,,3.96476,100,,"DfE, Suspensions and permanent exclusions in England",academic year 2024/25,released
E06000063,suspension_rate,2025,by_ethnicity,White,,3227.0,36124.0,8.93312,,8.93312,100,,"DfE, Suspensions and permanent exclusions in England",academic year 2024/25,released
E06000064,suspension_rate,2024,by_ethnicity,Asian,,3.0,400.0,0.75,,0.75,100,,"DfE, Suspensions and permanent exclusions in England",academic year 2023/24,released
E06000064,suspension_rate,2024,by_ethnicity,Black,,4.0,166.0,2.40964,,2.40964,100,,"DfE, Suspensions and permanent exclusions in England",academic year 2023/24,released
E06000064,suspension_rate,2024,by_ethnicity,Mixed,,35.0,736.0,4.75543,,4.75543,100,,"DfE, Suspensions and permanent exclusions in England",academic year 2023/24,released
E06000064,suspension_rate,2024,overall,,,2015.0,30695.0,6.56459,,6.56459,100,,"DfE, Suspensions and permanent exclusions in England",academic year 2023/24,released
E06000064,suspension_rate,2024,by_ethnicity,Other,,4.0,167.0,2.39521,,2.39521,100,,"DfE, Suspensions and permanent exclusions in England",academic year 2023/24,released
E06000064,suspension_rate,2024,by_ethnicity,White,,1921.0,28255.0,6.7988,,6.7988,100,,"DfE, Suspensions and permanent exclusions in England",academic year 2023/24,released
E06000064,suspension_rate,2025,by_ethnicity,Asian,,28.0,457.0,6.12691,,6.12691,100,,"DfE, Suspensions and permanent exclusions in England",academic year 2024/25,released
E06000064,suspension_rate,2025,by_ethnicity,Black,,15.0,257.0,5.83658,,5.83658,100,,"DfE, Suspensions and permanent exclusions in England",academic year 2024/25,released
E06000064,suspension_rate,2025,by_ethnicity,Mixed,,48.0,737.0,6.51289,,6.51289,100,,"DfE, Suspensions and permanent exclusions in England",academic year 2024/25,released
E06000064,suspension_rate,2025,overall,,,2320.0,30366.0,7.64012,,7.64012,100,,"DfE, Suspensions and permanent exclusions in England",academic year 2024/25,released
E06000064,suspension_rate,2025,by_ethnicity,Other,,3.0,216.0,1.38889,,1.38889,100,,"DfE, Suspensions and permanent exclusions in England",academic year 2024/25,released
E06000064,suspension_rate,2025,by_ethnicity,White,,2198.0,28061.0,7.83294,,7.83294,100,,"DfE, Suspensions and permanent exclusions in England",academic year 2024/25,released
E06000065,suspension_rate,2024,by_ethnicity,Asian,,70.0,2184.0,3.20513,,3.20513,100,,"DfE, Suspensions and permanent exclusions in England",academic year 2023/24,released
E06000065,suspension_rate,2024,by_ethnicity,Black,,39.0,836.0,4.66507,,4.66507,100,,"DfE, Suspensions and permanent exclusions in England",academic year 2023/24,released
E06000065,suspension_rate,2024,by_ethnicity,Mixed,,284.0,2497.0,11.37365,,11.37365,100,,"DfE, Suspensions and permanent exclusions in England",academic year 2023/24,released
E06000065,suspension_rate,2024,overall,,,10825.0,82124.0,13.18129,,13.18129,100,,"DfE, Suspensions and permanent exclusions in England",academic year 2023/24,released
E06000065,suspension_rate,2024,by_ethnicity,Other,,36.0,536.0,6.71642,,6.71642,100,,"DfE, Suspensions and permanent exclusions in England",academic year 2023/24,released
E06000065,suspension_rate,2024,by_ethnicity,White,,10075.0,74646.0,13.49704,,13.49704,100,,"DfE, Suspensions and permanent exclusions in England",academic year 2023/24,released
E06000065,suspension_rate,2025,by_ethnicity,Asian,,62.0,2391.0,2.59306,,2.59306,100,,"DfE, Suspensions and permanent exclusions in England",academic year 2024/25,released
E06000065,suspension_rate,2025,by_ethnicity,Black,,44.0,1084.0,4.05904,,4.05904,100,,"DfE, Suspensions and permanent exclusions in England",academic year 2024/25,released
E06000065,suspension_rate,2025,by_ethnicity,Mixed,,253.0,2574.0,9.82906,,9.82906,100,,"DfE, Suspensions and permanent exclusions in England",academic year 2024/25,released
E06000065,suspension_rate,2025,overall,,,10897.0,81068.0,13.4418,,13.4418,100,,"DfE, Suspensions and permanent exclusions in England",academic year 2024/25,released
E06000065,suspension_rate,2025,by_ethnicity,Other,,50.0,591.0,8.46024,,8.46024,100,,"DfE, Suspensions and permanent exclusions in England",academic year 2024/25,released
E06000065,suspension_rate,2025,by_ethnicity,White,,10049.0,72923.0,13.78029,,13.78029,100,,"DfE, Suspensions and permanent exclusions in England",academic year 2024/25,released
E06000066,suspension_rate,2024,by_ethnicity,Asian,,69.0,1942.0,3.55304,,3.55304,100,,"DfE, Suspensions and permanent exclusions in England",academic year 2023/24,released
E06000066,suspension_rate,2024,by_ethnicity,Black,,59.0,1003.0,5.88235,,5.88235,100,,"DfE, Suspensions and permanent exclusions in England",academic year 2023/24,released
E06000066,suspension_rate,2024,by_ethnicity,Mixed,,415.0,2164.0,19.17745,,19.17745,100,,"DfE, Suspensions and permanent exclusions in England",academic year 2023/24,released
E06000066,suspension_rate,2024,overall,,,14108.0,72513.0,19.45582,,19.45582,100,,"DfE, Suspensions and permanent exclusions in England",academic year 2023/24,released
E06000066,suspension_rate,2024,by_ethnicity,Other,,25.0,363.0,6.88705,,6.88705,100,,"DfE, Suspensions and permanent exclusions in England",academic year 2023/24,released
E06000066,suspension_rate,2024,by_ethnicity,White,,13212.0,65701.0,20.10928,,20.10928,100,,"DfE, Suspensions and permanent exclusions in England",academic year 2023/24,released
E06000066,suspension_rate,2025,by_ethnicity,Asian,,36.0,2211.0,1.62822,,1.62822,100,,"DfE, Suspensions and permanent exclusions in England",academic year 2024/25,released
E06000066,suspension_rate,2025,by_ethnicity,Black,,74.0,1442.0,5.13176,,5.13176,100,,"DfE, Suspensions and permanent exclusions in England",academic year 2024/25,released
E06000066,suspension_rate,2025,by_ethnicity,Mixed,,309.0,2170.0,14.23963,,14.23963,100,,"DfE, Suspensions and permanent exclusions in England",academic year 2024/25,released
E06000066,suspension_rate,2025,overall,,,13525.0,71797.0,18.83783,,18.83783,100,,"DfE, Suspensions and permanent exclusions in England",academic year 2024/25,released
E06000066,suspension_rate,2025,by_ethnicity,Other,,25.0,401.0,6.23441,,6.23441,100,,"DfE, Suspensions and permanent exclusions in England",academic year 2024/25,released
E06000066,suspension_rate,2025,by_ethnicity,White,,12068.0,63391.0,19.0374,,19.0374,100,,"DfE, Suspensions and permanent exclusions in England",academic year 2024/25,released
E08000001,suspension_rate,2024,by_ethnicity,Asian,,597.0,15163.0,3.93722,,3.93722,100,,"DfE, Suspensions and permanent exclusions in England",academic year 2023/24,released
E08000001,suspension_rate,2024,by_ethnicity,Black,,382.0,4236.0,9.01794,,9.01794,100,,"DfE, Suspensions and permanent exclusions in England",academic year 2023/24,released
E08000001,suspension_rate,2024,by_ethnicity,Mixed,,444.0,2782.0,15.95974,,15.95974,100,,"DfE, Suspensions and permanent exclusions in England",academic year 2023/24,released
E08000001,suspension_rate,2024,overall,,,8942.0,53860.0,16.6023,,16.6023,100,,"DfE, Suspensions and permanent exclusions in England",academic year 2023/24,released
E08000001,suspension_rate,2024,by_ethnicity,Other,,115.0,1355.0,8.48708,,8.48708,100,,"DfE, Suspensions and permanent exclusions in England",academic year 2023/24,released
E08000001,suspension_rate,2024,by_ethnicity,White,,7306.0,29916.0,24.42171,,24.42171,100,,"DfE, Suspensions and permanent exclusions in England",academic year 2023/24,released
E08000001,suspension_rate,2025,by_ethnicity,Asian,,620.0,15480.0,4.00517,,4.00517,100,,"DfE, Suspensions and permanent exclusions in England",academic year 2024/25,released
E08000001,suspension_rate,2025,by_ethnicity,Black,,368.0,4602.0,7.99652,,7.99652,100,,"DfE, Suspensions and permanent exclusions in England",academic year 2024/25,released
E08000001,suspension_rate,2025,by_ethnicity,Mixed,,427.0,2821.0,15.13648,,15.13648,100,,"DfE, Suspensions and permanent exclusions in England",academic year 2024/25,released
E08000001,suspension_rate,2025,overall,,,7985.0,54021.0,14.78129,,14.78129,100,,"DfE, Suspensions and permanent exclusions in England",academic year 2024/25,released
E08000001,suspension_rate,2025,by_ethnicity,Other,,158.0,1439.0,10.97985,,10.97985,100,,"DfE, Suspensions and permanent exclusions in England",academic year 2024/25,released
E08000001,suspension_rate,2025,by_ethnicity,White,,6266.0,29123.0,21.51564,,21.51564,100,,"DfE, Suspensions and permanent exclusions in England",academic year 2024/25,released
E08000002,suspension_rate,2024,by_ethnicity,Asian,,274.0,5077.0,5.39689,,5.39689,100,,"DfE, Suspensions and permanent exclusions in England",academic year 2023/24,released
E08000002,suspension_rate,2024,by_ethnicity,Black,,83.0,1138.0,7.2935,,7.2935,100,,"DfE, Suspensions and permanent exclusions in England",academic year 2023/24,released
E08000002,suspension_rate,2024,by_ethnicity,Mixed,,275.0,1765.0,15.58074,,15.58074,100,,"DfE, Suspensions and permanent exclusions in England",academic year 2023/24,released
E08000002,suspension_rate,2024,overall,,,3536.0,29080.0,12.15956,,12.15956,100,,"DfE, Suspensions and permanent exclusions in England",academic year 2023/24,released
E08000002,suspension_rate,2024,by_ethnicity,Other,,75.0,523.0,14.34034,,14.34034,100,,"DfE, Suspensions and permanent exclusions in England",academic year 2023/24,released
E08000002,suspension_rate,2024,by_ethnicity,White,,2788.0,20305.0,13.73061,,13.73061,100,,"DfE, Suspensions and permanent exclusions in England",academic year 2023/24,released
E08000002,suspension_rate,2025,by_ethnicity,Asian,,363.0,5215.0,6.96069,,6.96069,100,,"DfE, Suspensions and permanent exclusions in England",academic year 2024/25,released
E08000002,suspension_rate,2025,by_ethnicity,Black,,129.0,1297.0,9.94603,,9.94603,100,,"DfE, Suspensions and permanent exclusions in England",academic year 2024/25,released
E08000002,suspension_rate,2025,by_ethnicity,Mixed,,367.0,1788.0,20.52573,,20.52573,100,,"DfE, Suspensions and permanent exclusions in England",academic year 2024/25,released
E08000002,suspension_rate,2025,overall,,,4145.0,28954.0,14.31581,,14.31581,100,,"DfE, Suspensions and permanent exclusions in England",academic year 2024/25,released
E08000002,suspension_rate,2025,by_ethnicity,Other,,57.0,609.0,9.35961,,9.35961,100,,"DfE, Suspensions and permanent exclusions in England",academic year 2024/25,released
E08000002,suspension_rate,2025,by_ethnicity,White,,3181.0,19743.0,16.11204,,16.11204,100,,"DfE, Suspensions and permanent exclusions in England",academic year 2024/25,released
E08000003,suspension_rate,2024,by_ethnicity,Asian,,1165.0,25101.0,4.64125,,4.64125,100,,"DfE, Suspensions and permanent exclusions in England",academic year 2023/24,released
E08000003,suspension_rate,2024,by_ethnicity,Black,,1261.0,16618.0,7.58816,,7.58816,100,,"DfE, Suspensions and permanent exclusions in England",academic year 2023/24,released
E08000003,suspension_rate,2024,by_ethnicity,Mixed,,1407.0,9054.0,15.54009,,15.54009,100,,"DfE, Suspensions and permanent exclusions in England",academic year 2023/24,released
E08000003,suspension_rate,2024,overall,,,11574.0,93668.0,12.35641,,12.35641,100,,"DfE, Suspensions and permanent exclusions in England",academic year 2023/24,released
E08000003,suspension_rate,2024,by_ethnicity,Other,,620.0,7849.0,7.8991,,7.8991,100,,"DfE, Suspensions and permanent exclusions in England",academic year 2023/24,released
E08000003,suspension_rate,2024,by_ethnicity,White,,6809.0,33234.0,20.48805,,20.48805,100,,"DfE, Suspensions and permanent exclusions in England",academic year 2023/24,released
E08000003,suspension_rate,2025,by_ethnicity,Asian,,1111.0,25596.0,4.34052,,4.34052,100,,"DfE, Suspensions and permanent exclusions in England",academic year 2024/25,released
E08000003,suspension_rate,2025,by_ethnicity,Black,,1177.0,16649.0,7.06949,,7.06949,100,,"DfE, Suspensions and permanent exclusions in England",academic year 2024/25,released
E08000003,suspension_rate,2025,by_ethnicity,Mixed,,1384.0,9090.0,15.22552,,15.22552,100,,"DfE, Suspensions and permanent exclusions in England",academic year 2024/25,released
E08000003,suspension_rate,2025,overall,,,11282.0,93384.0,12.0813,,12.0813,100,,"DfE, Suspensions and permanent exclusions in England",academic year 2024/25,released
E08000003,suspension_rate,2025,by_ethnicity,Other,,700.0,8066.0,8.6784,,8.6784,100,,"DfE, Suspensions and permanent exclusions in England",academic year 2024/25,released
E08000003,suspension_rate,2025,by_ethnicity,White,,6610.0,32071.0,20.61052,,20.61052,100,,"DfE, Suspensions and permanent exclusions in England",academic year 2024/25,released
E08000004,suspension_rate,2024,by_ethnicity,Asian,,784.0,15482.0,5.06395,,5.06395,100,,"DfE, Suspensions and permanent exclusions in England",academic year 2023/24,released
E08000004,suspension_rate,2024,by_ethnicity,Black,,135.0,2842.0,4.75018,,4.75018,100,,"DfE, Suspensions and permanent exclusions in England",academic year 2023/24,released
E08000004,suspension_rate,2024,by_ethnicity,Mixed,,357.0,2684.0,13.30104,,13.30104,100,,"DfE, Suspensions and permanent exclusions in England",academic year 2023/24,released
E08000004,suspension_rate,2024,overall,,,4434.0,46062.0,9.62616,,9.62616,100,,"DfE, Suspensions and permanent exclusions in England",academic year 2023/24,released
E08000004,suspension_rate,2024,by_ethnicity,Other,,43.0,687.0,6.2591,,6.2591,100,,"DfE, Suspensions and permanent exclusions in England",academic year 2023/24,released
E08000004,suspension_rate,2024,by_ethnicity,White,,3038.0,23886.0,12.71875,,12.71875,100,,"DfE, Suspensions and permanent exclusions in England",academic year 2023/24,released
E08000004,suspension_rate,2025,by_ethnicity,Asian,,643.0,15738.0,4.08565,,4.08565,100,,"DfE, Suspensions and permanent exclusions in England",academic year 2024/25,released
E08000004,suspension_rate,2025,by_ethnicity,Black,,130.0,3017.0,4.30892,,4.30892,100,,"DfE, Suspensions and permanent exclusions in England",academic year 2024/25,released
E08000004,suspension_rate,2025,by_ethnicity,Mixed,,293.0,2776.0,10.55476,,10.55476,100,,"DfE, Suspensions and permanent exclusions in England",academic year 2024/25,released
E08000004,suspension_rate,2025,overall,,,3666.0,46085.0,7.95487,,7.95487,100,,"DfE, Suspensions and permanent exclusions in England",academic year 2024/25,released
E08000004,suspension_rate,2025,by_ethnicity,Other,,49.0,762.0,6.43045,,6.43045,100,,"DfE, Suspensions and permanent exclusions in England",academic year 2024/25,released
E08000004,suspension_rate,2025,by_ethnicity,White,,2491.0,23371.0,10.65851,,10.65851,100,,"DfE, Suspensions and permanent exclusions in England",academic year 2024/25,released
E08000005,suspension_rate,2024,by_ethnicity,Asian,,569.0,9957.0,5.71457,,5.71457,100,,"DfE, Suspensions and permanent exclusions in England",academic year 2023/24,released
E08000005,suspension_rate,2024,by_ethnicity,Black,,175.0,2671.0,6.55185,,6.55185,100,,"DfE, Suspensions and permanent exclusions in England",academic year 2023/24,released
E08000005,suspension_rate,2024,by_ethnicity,Mixed,,375.0,2322.0,16.14987,,16.14987,100,,"DfE, Suspensions and permanent exclusions in England",academic year 2023/24,released
E08000005,suspension_rate,2024,overall,,,5817.0,38047.0,15.28898,,15.28898,100,,"DfE, Suspensions and permanent exclusions in England",academic year 2023/24,released
E08000005,suspension_rate,2024,by_ethnicity,Other,,78.0,590.0,13.22034,,13.22034,100,,"DfE, Suspensions and permanent exclusions in England",academic year 2023/24,released
E08000005,suspension_rate,2024,by_ethnicity,White,,4497.0,22113.0,20.33645,,20.33645,100,,"DfE, Suspensions and permanent exclusions in England",academic year 2023/24,released
E08000005,suspension_rate,2025,by_ethnicity,Asian,,426.0,10079.0,4.22661,,4.22661,100,,"DfE, Suspensions and permanent exclusions in England",academic year 2024/25,released
E08000005,suspension_rate,2025,by_ethnicity,Black,,203.0,2906.0,6.98555,,6.98555,100,,"DfE, Suspensions and permanent exclusions in England",academic year 2024/25,released
E08000005,suspension_rate,2025,by_ethnicity,Mixed,,321.0,2332.0,13.76501,,13.76501,100,,"DfE, Suspensions and permanent exclusions in England",academic year 2024/25,released
E08000005,suspension_rate,2025,overall,,,5279.0,37931.0,13.91738,,13.91738,100,,"DfE, Suspensions and permanent exclusions in England",academic year 2024/25,released
E08000005,suspension_rate,2025,by_ethnicity,Other,,73.0,703.0,10.38407,,10.38407,100,,"DfE, Suspensions and permanent exclusions in England",academic year 2024/25,released
E08000005,suspension_rate,2025,by_ethnicity,White,,4134.0,21453.0,19.27003,,19.27003,100,,"DfE, Suspensions and permanent exclusions in England",academic year 2024/25,released
E08000006,suspension_rate,2024,by_ethnicity,Asian,,44.0,1939.0,2.26921,,2.26921,100,,"DfE, Suspensions and permanent exclusions in England",academic year 2023/24,released
E08000006,suspension_rate,2024,by_ethnicity,Black,,282.0,3545.0,7.95487,,7.95487,100,,"DfE, Suspensions and permanent exclusions in England",academic year 2023/24,released
E08000006,suspension_rate,2024,by_ethnicity,Mixed,,482.0,3992.0,12.07415,,12.07415,100,,"DfE, Suspensions and permanent exclusions in England",academic year 2023/24,released
E08000006,suspension_rate,2024,overall,,,6422.0,38740.0,16.57718,,16.57718,100,,"DfE, Suspensions and permanent exclusions in England",academic year 2023/24,released
E08000006,suspension_rate,2024,by_ethnicity,Other,,83.0,1540.0,5.38961,,5.38961,100,,"DfE, Suspensions and permanent exclusions in England",academic year 2023/24,released
E08000006,suspension_rate,2024,by_ethnicity,White,,5361.0,27083.0,19.79471,,19.79471,100,,"DfE, Suspensions and permanent exclusions in England",academic year 2023/24,released
E08000006,suspension_rate,2025,by_ethnicity,Asian,,35.0,2151.0,1.62715,,1.62715,100,,"DfE, Suspensions and permanent exclusions in England",academic year 2024/25,released
E08000006,suspension_rate,2025,by_ethnicity,Black,,257.0,3771.0,6.81517,,6.81517,100,,"DfE, Suspensions and permanent exclusions in England",academic year 2024/25,released
E08000006,suspension_rate,2025,by_ethnicity,Mixed,,482.0,4048.0,11.90711,,11.90711,100,,"DfE, Suspensions and permanent exclusions in England",academic year 2024/25,released
E08000006,suspension_rate,2025,overall,,,5946.0,38587.0,15.40933,,15.40933,100,,"DfE, Suspensions and permanent exclusions in England",academic year 2024/25,released
E08000006,suspension_rate,2025,by_ethnicity,Other,,85.0,1650.0,5.15152,,5.15152,100,,"DfE, Suspensions and permanent exclusions in England",academic year 2024/25,released
E08000006,suspension_rate,2025,by_ethnicity,White,,4935.0,26340.0,18.73576,,18.73576,100,,"DfE, Suspensions and permanent exclusions in England",academic year 2024/25,released
E08000007,suspension_rate,2024,by_ethnicity,Asian,,104.0,4684.0,2.22032,,2.22032,100,,"DfE, Suspensions and permanent exclusions in England",academic year 2023/24,released
E08000007,suspension_rate,2024,by_ethnicity,Black,,59.0,858.0,6.87646,,6.87646,100,,"DfE, Suspensions and permanent exclusions in England",academic year 2023/24,released
E08000007,suspension_rate,2024,by_ethnicity,Mixed,,306.0,2691.0,11.37124,,11.37124,100,,"DfE, Suspensions and permanent exclusions in England",academic year 2023/24,released
E08000007,suspension_rate,2024,overall,,,3787.0,43373.0,8.73124,,8.73124,100,,"DfE, Suspensions and permanent exclusions in England",academic year 2023/24,released
E08000007,suspension_rate,2024,by_ethnicity,Other,,46.0,671.0,6.85544,,6.85544,100,,"DfE, Suspensions and permanent exclusions in England",academic year 2023/24,released
E08000007,suspension_rate,2024,by_ethnicity,White,,3120.0,33812.0,9.22749,,9.22749,100,,"DfE, Suspensions and permanent exclusions in England",academic year 2023/24,released
E08000007,suspension_rate,2025,by_ethnicity,Asian,,109.0,4825.0,2.25907,,2.25907,100,,"DfE, Suspensions and permanent exclusions in England",academic year 2024/25,released
E08000007,suspension_rate,2025,by_ethnicity,Black,,51.0,934.0,5.46039,,5.46039,100,,"DfE, Suspensions and permanent exclusions in England",academic year 2024/25,released
E08000007,suspension_rate,2025,by_ethnicity,Mixed,,255.0,2752.0,9.26599,,9.26599,100,,"DfE, Suspensions and permanent exclusions in England",academic year 2024/25,released
E08000007,suspension_rate,2025,overall,,,3770.0,42983.0,8.77091,,8.77091,100,,"DfE, Suspensions and permanent exclusions in England",academic year 2024/25,released
E08000007,suspension_rate,2025,by_ethnicity,Other,,58.0,684.0,8.47953,,8.47953,100,,"DfE, Suspensions and permanent exclusions in England",academic year 2024/25,released
E08000007,suspension_rate,2025,by_ethnicity,White,,3173.0,33072.0,9.59422,,9.59422,100,,"DfE, Suspensions and permanent exclusions in England",academic year 2024/25,released
E08000008,suspension_rate,2024,by_ethnicity,Asian,,189.0,4889.0,3.86582,,3.86582,100,,"DfE, Suspensions and permanent exclusions in England",academic year 2023/24,released
E08000008,suspension_rate,2024,by_ethnicity,Black,,117.0,1503.0,7.78443,,7.78443,100,,"DfE, Suspensions and permanent exclusions in England",academic year 2023/24,released
E08000008,suspension_rate,2024,by_ethnicity,Mixed,,437.0,2451.0,17.82946,,17.82946,100,,"DfE, Suspensions and permanent exclusions in England",academic year 2023/24,released
E08000008,suspension_rate,2024,overall,,,7156.0,37526.0,19.06945,,19.06945,100,,"DfE, Suspensions and permanent exclusions in England",academic year 2023/24,released
E08000008,suspension_rate,2024,by_ethnicity,Other,,68.0,482.0,14.10788,,14.10788,100,,"DfE, Suspensions and permanent exclusions in England",academic year 2023/24,released
E08000008,suspension_rate,2024,by_ethnicity,White,,6243.0,27791.0,22.46411,,22.46411,100,,"DfE, Suspensions and permanent exclusions in England",academic year 2023/24,released
E08000008,suspension_rate,2025,by_ethnicity,Asian,,243.0,5136.0,4.73131,,4.73131,100,,"DfE, Suspensions and permanent exclusions in England",academic year 2024/25,released
E08000008,suspension_rate,2025,by_ethnicity,Black,,119.0,1669.0,7.13002,,7.13002,100,,"DfE, Suspensions and permanent exclusions in England",academic year 2024/25,released
E08000008,suspension_rate,2025,by_ethnicity,Mixed,,400.0,2438.0,16.40689,,16.40689,100,,"DfE, Suspensions and permanent exclusions in England",academic year 2024/25,released
E08000008,suspension_rate,2025,overall,,,7453.0,37248.0,20.00913,,20.00913,100,,"DfE, Suspensions and permanent exclusions in England",academic year 2024/25,released
E08000008,suspension_rate,2025,by_ethnicity,Other,,41.0,527.0,7.77989,,7.77989,100,,"DfE, Suspensions and permanent exclusions in England",academic year 2024/25,released
E08000008,suspension_rate,2025,by_ethnicity,White,,6525.0,27030.0,24.13984,,24.13984,100,,"DfE, Suspensions and permanent exclusions in England",academic year 2024/25,released
E08000009,suspension_rate,2024,by_ethnicity,Asian,,142.0,9793.0,1.45002,,1.45002,100,,"DfE, Suspensions and permanent exclusions in England",academic year 2023/24,released
E08000009,suspension_rate,2024,by_ethnicity,Black,,114.0,2060.0,5.53398,,5.53398,100,,"DfE, Suspensions and permanent exclusions in England",academic year 2023/24,released
E08000009,suspension_rate,2024,by_ethnicity,Mixed,,250.0,3894.0,6.42013,,6.42013,100,,"DfE, Suspensions and permanent exclusions in England",academic year 2023/24,released
E08000009,suspension_rate,2024,overall,,,1902.0,43821.0,4.34038,,4.34038,100,,"DfE, Suspensions and permanent exclusions in England",academic year 2023/24,released
E08000009,suspension_rate,2024,by_ethnicity,Other,,30.0,1274.0,2.35479,,2.35479,100,,"DfE, Suspensions and permanent exclusions in England",academic year 2023/24,released
E08000009,suspension_rate,2024,by_ethnicity,White,,1337.0,26335.0,5.07689,,5.07689,100,,"DfE, Suspensions and permanent exclusions in England",academic year 2023/24,released
E08000009,suspension_rate,2025,by_ethnicity,Asian,,130.0,10067.0,1.29135,,1.29135,100,,"DfE, Suspensions and permanent exclusions in England",academic year 2024/25,released
E08000009,suspension_rate,2025,by_ethnicity,Black,,87.0,2130.0,4.08451,,4.08451,100,,"DfE, Suspensions and permanent exclusions in England",academic year 2024/25,released
E08000009,suspension_rate,2025,by_ethnicity,Mixed,,261.0,3993.0,6.53644,,6.53644,100,,"DfE, Suspensions and permanent exclusions in England",academic year 2024/25,released
E08000009,suspension_rate,2025,overall,,,1648.0,43770.0,3.76514,,3.76514,100,,"DfE, Suspensions and permanent exclusions in England",academic year 2024/25,released
E08000009,suspension_rate,2025,by_ethnicity,Other,,39.0,1317.0,2.96128,,2.96128,100,,"DfE, Suspensions and permanent exclusions in England",academic year 2024/25,released
E08000009,suspension_rate,2025,by_ethnicity,White,,1092.0,25812.0,4.23059,,4.23059,100,,"DfE, Suspensions and permanent exclusions in England",academic year 2024/25,released
E08000010,suspension_rate,2024,by_ethnicity,Asian,,37.0,1705.0,2.17009,,2.17009,100,,"DfE, Suspensions and permanent exclusions in England",academic year 2023/24,released
E08000010,suspension_rate,2024,by_ethnicity,Black,,57.0,1655.0,3.44411,,3.44411,100,,"DfE, Suspensions and permanent exclusions in England",academic year 2023/24,released
E08000010,suspension_rate,2024,by_ethnicity,Mixed,,145.0,1544.0,9.39119,,9.39119,100,,"DfE, Suspensions and permanent exclusions in England",academic year 2023/24,released
E08000010,suspension_rate,2024,overall,,,4203.0,48402.0,8.68353,,8.68353,100,,"DfE, Suspensions and permanent exclusions in England",academic year 2023/24,released
E08000010,suspension_rate,2024,by_ethnicity,Other,,38.0,651.0,5.83717,,5.83717,100,,"DfE, Suspensions and permanent exclusions in England",academic year 2023/24,released
E08000010,suspension_rate,2024,by_ethnicity,White,,3905.0,42574.0,9.17226,,9.17226,100,,"DfE, Suspensions and permanent exclusions in England",academic year 2023/24,released
E08000010,suspension_rate,2025,by_ethnicity,Asian,,22.0,1944.0,1.13169,,1.13169,100,,"DfE, Suspensions and permanent exclusions in England",academic year 2024/25,released
E08000010,suspension_rate,2025,by_ethnicity,Black,,53.0,2113.0,2.50828,,2.50828,100,,"DfE, Suspensions and permanent exclusions in England",academic year 2024/25,released
E08000010,suspension_rate,2025,by_ethnicity,Mixed,,125.0,1645.0,7.59878,,7.59878,100,,"DfE, Suspensions and permanent exclusions in England",academic year 2024/25,released
E08000010,suspension_rate,2025,overall,,,3499.0,48230.0,7.25482,,7.25482,100,,"DfE, Suspensions and permanent exclusions in England",academic year 2024/25,released
E08000010,suspension_rate,2025,by_ethnicity,Other,,32.0,735.0,4.35374,,4.35374,100,,"DfE, Suspensions and permanent exclusions in England",academic year 2024/25,released
E08000010,suspension_rate,2025,by_ethnicity,White,,3255.0,41545.0,7.83488,,7.83488,100,,"DfE, Suspensions and permanent exclusions in England",academic year 2024/25,released
E08000011,suspension_rate,2024,by_ethnicity,Asian,,4.0,550.0,0.72727,,0.72727,100,,"DfE, Suspensions and permanent exclusions in England",academic year 2023/24,released
E08000011,suspension_rate,2024,by_ethnicity,Black,,14.0,410.0,3.41463,,3.41463,100,,"DfE, Suspensions and permanent exclusions in England",academic year 2023/24,released
E08000011,suspension_rate,2024,by_ethnicity,Mixed,,60.0,664.0,9.03614,,9.03614,100,,"DfE, Suspensions and permanent exclusions in England",academic year 2023/24,released
E08000011,suspension_rate,2024,overall,,,2138.0,21550.0,9.92111,,9.92111,100,,"DfE, Suspensions and permanent exclusions in England",academic year 2023/24,released
E08000011,suspension_rate,2024,by_ethnicity,Other,,5.0,245.0,2.04082,,2.04082,100,,"DfE, Suspensions and permanent exclusions in England",academic year 2023/24,released
E08000011,suspension_rate,2024,by_ethnicity,White,,2018.0,19539.0,10.32806,,10.32806,100,,"DfE, Suspensions and permanent exclusions in England",academic year 2023/24,released
E08000011,suspension_rate,2025,by_ethnicity,Asian,,17.0,646.0,2.63158,,2.63158,100,,"DfE, Suspensions and permanent exclusions in England",academic year 2024/25,released
E08000011,suspension_rate,2025,by_ethnicity,Black,,18.0,501.0,3.59281,,3.59281,100,,"DfE, Suspensions and permanent exclusions in England",academic year 2024/25,released
E08000011,suspension_rate,2025,by_ethnicity,Mixed,,55.0,711.0,7.73558,,7.73558,100,,"DfE, Suspensions and permanent exclusions in England",academic year 2024/25,released
E08000011,suspension_rate,2025,overall,,,2138.0,21616.0,9.89082,,9.89082,100,,"DfE, Suspensions and permanent exclusions in England",academic year 2024/25,released
E08000011,suspension_rate,2025,by_ethnicity,Other,,6.0,274.0,2.18978,,2.18978,100,,"DfE, Suspensions and permanent exclusions in England",academic year 2024/25,released
E08000011,suspension_rate,2025,by_ethnicity,White,,2018.0,19357.0,10.42517,,10.42517,100,,"DfE, Suspensions and permanent exclusions in England",academic year 2024/25,released
E08000012,suspension_rate,2024,by_ethnicity,Asian,,196.0,5561.0,3.52455,,3.52455,100,,"DfE, Suspensions and permanent exclusions in England",academic year 2023/24,released
E08000012,suspension_rate,2024,by_ethnicity,Black,,577.0,5352.0,10.78102,,10.78102,100,,"DfE, Suspensions and permanent exclusions in England",academic year 2023/24,released
E08000012,suspension_rate,2024,by_ethnicity,Mixed,,618.0,4681.0,13.20231,,13.20231,100,,"DfE, Suspensions and permanent exclusions in England",academic year 2023/24,released
E08000012,suspension_rate,2024,overall,,,11451.0,77874.0,14.70452,,14.70452,100,,"DfE, Suspensions and permanent exclusions in England",academic year 2023/24,released
E08000012,suspension_rate,2024,by_ethnicity,Other,,433.0,4546.0,9.52486,,9.52486,100,,"DfE, Suspensions and permanent exclusions in England",academic year 2023/24,released
E08000012,suspension_rate,2024,by_ethnicity,White,,9305.0,56727.0,16.40312,,16.40312,100,,"DfE, Suspensions and permanent exclusions in England",academic year 2023/24,released
E08000012,suspension_rate,2025,by_ethnicity,Asian,,173.0,5976.0,2.89491,,2.89491,100,,"DfE, Suspensions and permanent exclusions in England",academic year 2024/25,released
E08000012,suspension_rate,2025,by_ethnicity,Black,,668.0,5898.0,11.32587,,11.32587,100,,"DfE, Suspensions and permanent exclusions in England",academic year 2024/25,released
E08000012,suspension_rate,2025,by_ethnicity,Mixed,,682.0,4602.0,14.81964,,14.81964,100,,"DfE, Suspensions and permanent exclusions in England",academic year 2024/25,released
E08000012,suspension_rate,2025,overall,,,11995.0,77353.0,15.50683,,15.50683,100,,"DfE, Suspensions and permanent exclusions in England",academic year 2024/25,released
E08000012,suspension_rate,2025,by_ethnicity,Other,,569.0,4886.0,11.64552,,11.64552,100,,"DfE, Suspensions and permanent exclusions in England",academic year 2024/25,released
E08000012,suspension_rate,2025,by_ethnicity,White,,9358.0,54653.0,17.12257,,17.12257,100,,"DfE, Suspensions and permanent exclusions in England",academic year 2024/25,released
E08000013,suspension_rate,2024,by_ethnicity,Asian,,7.0,604.0,1.15894,,1.15894,100,,"DfE, Suspensions and permanent exclusions in England",academic year 2023/24,released
E08000013,suspension_rate,2024,by_ethnicity,Black,,12.0,455.0,2.63736,,2.63736,100,,"DfE, Suspensions and permanent exclusions in England",academic year 2023/24,released
E08000013,suspension_rate,2024,by_ethnicity,Mixed,,55.0,687.0,8.00582,,8.00582,100,,"DfE, Suspensions and permanent exclusions in England",academic year 2023/24,released
E08000013,suspension_rate,2024,overall,,,4310.0,27247.0,15.81826,,15.81826,100,,"DfE, Suspensions and permanent exclusions in England",academic year 2023/24,released
E08000013,suspension_rate,2024,by_ethnicity,Other,,40.0,222.0,18.01802,,18.01802,100,,"DfE, Suspensions and permanent exclusions in England",academic year 2023/24,released
E08000013,suspension_rate,2024,by_ethnicity,White,,4177.0,25186.0,16.58461,,16.58461,100,,"DfE, Suspensions and permanent exclusions in England",academic year 2023/24,released
E08000013,suspension_rate,2025,by_ethnicity,Asian,,27.0,659.0,4.09712,,4.09712,100,,"DfE, Suspensions and permanent exclusions in England",academic year 2024/25,released
E08000013,suspension_rate,2025,by_ethnicity,Black,,18.0,587.0,3.06644,,3.06644,100,,"DfE, Suspensions and permanent exclusions in England",academic year 2024/25,released
E08000013,suspension_rate,2025,by_ethnicity,Mixed,,68.0,726.0,9.36639,,9.36639,100,,"DfE, Suspensions and permanent exclusions in England",academic year 2024/25,released
E08000013,suspension_rate,2025,overall,,,4138.0,26835.0,15.42016,,15.42016,100,,"DfE, Suspensions and permanent exclusions in England",academic year 2024/25,released
E08000013,suspension_rate,2025,by_ethnicity,Other,,28.0,260.0,10.76923,,10.76923,100,,"DfE, Suspensions and permanent exclusions in England",academic year 2024/25,released
E08000013,suspension_rate,2025,by_ethnicity,White,,3988.0,24517.0,16.26626,,16.26626,100,,"DfE, Suspensions and permanent exclusions in England",academic year 2024/25,released
E08000014,suspension_rate,2024,by_ethnicity,Asian,,16.0,899.0,1.77976,,1.77976,100,,"DfE, Suspensions and permanent exclusions in England",academic year 2023/24,released
E08000014,suspension_rate,2024,by_ethnicity,Black,,33.0,599.0,5.50918,,5.50918,100,,"DfE, Suspensions and permanent exclusions in England",academic year 2023/24,released
E08000014,suspension_rate,2024,by_ethnicity,Mixed,,122.0,1308.0,9.32722,,9.32722,100,,"DfE, Suspensions and permanent exclusions in England",academic year 2023/24,released
E08000014,suspension_rate,2024,overall,,,3072.0,40351.0,7.61319,,7.61319,100,,"DfE, Suspensions and permanent exclusions in England",academic year 2023/24,released
E08000014,suspension_rate,2024,by_ethnicity,Other,,34.0,500.0,6.8,,6.8,100,,"DfE, Suspensions and permanent exclusions in England",academic year 2023/24,released
E08000014,suspension_rate,2024,by_ethnicity,White,,2845.0,36736.0,7.74445,,7.74445,100,,"DfE, Suspensions and permanent exclusions in England",academic year 2023/24,released
E08000014,suspension_rate,2025,by_ethnicity,Asian,,19.0,1007.0,1.88679,,1.88679,100,,"DfE, Suspensions and permanent exclusions in England",academic year 2024/25,released
E08000014,suspension_rate,2025,by_ethnicity,Black,,53.0,736.0,7.20109,,7.20109,100,,"DfE, Suspensions and permanent exclusions in England",academic year 2024/25,released
E08000014,suspension_rate,2025,by_ethnicity,Mixed,,81.0,1334.0,6.07196,,6.07196,100,,"DfE, Suspensions and permanent exclusions in England",academic year 2024/25,released
E08000014,suspension_rate,2025,overall,,,2877.0,40044.0,7.1846,,7.1846,100,,"DfE, Suspensions and permanent exclusions in England",academic year 2024/25,released
E08000014,suspension_rate,2025,by_ethnicity,Other,,29.0,516.0,5.62016,,5.62016,100,,"DfE, Suspensions and permanent exclusions in England",academic year 2024/25,released
E08000014,suspension_rate,2025,by_ethnicity,White,,2666.0,36159.0,7.37299,,7.37299,100,,"DfE, Suspensions and permanent exclusions in England",academic year 2024/25,released
E08000015,suspension_rate,2024,by_ethnicity,Asian,,22.0,2193.0,1.00319,,1.00319,100,,"DfE, Suspensions and permanent exclusions in England",academic year 2023/24,released
E08000015,suspension_rate,2024,by_ethnicity,Black,,16.0,496.0,3.22581,,3.22581,100,,"DfE, Suspensions and permanent exclusions in England",academic year 2023/24,released
E08000015,suspension_rate,2024,by_ethnicity,Mixed,,118.0,1810.0,6.51934,,6.51934,100,,"DfE, Suspensions and permanent exclusions in England",academic year 2023/24,released
E08000015,suspension_rate,2024,overall,,,3900.0,50431.0,7.73334,,7.73334,100,,"DfE, Suspensions and permanent exclusions in England",academic year 2023/24,released
E08000015,suspension_rate,2024,by_ethnicity,Other,,22.0,440.0,5.0,,5.0,100,,"DfE, Suspensions and permanent exclusions in England",academic year 2023/24,released
E08000015,suspension_rate,2024,by_ethnicity,White,,3708.0,45175.0,8.20808,,8.20808,100,,"DfE, Suspensions and permanent exclusions in England",academic year 2023/24,released
E08000015,suspension_rate,2025,by_ethnicity,Asian,,15.0,2331.0,0.6435,,0.6435,100,,"DfE, Suspensions and permanent exclusions in England",academic year 2024/25,released
E08000015,suspension_rate,2025,by_ethnicity,Black,,27.0,663.0,4.0724,,4.0724,100,,"DfE, Suspensions and permanent exclusions in England",academic year 2024/25,released
E08000015,suspension_rate,2025,by_ethnicity,Mixed,,139.0,1835.0,7.57493,,7.57493,100,,"DfE, Suspensions and permanent exclusions in England",academic year 2024/25,released
E08000015,suspension_rate,2025,overall,,,3913.0,49918.0,7.83886,,7.83886,100,,"DfE, Suspensions and permanent exclusions in England",academic year 2024/25,released
E08000015,suspension_rate,2025,by_ethnicity,Other,,28.0,508.0,5.51181,,5.51181,100,,"DfE, Suspensions and permanent exclusions in England",academic year 2024/25,released
E08000015,suspension_rate,2025,by_ethnicity,White,,3655.0,43087.0,8.48284,,8.48284,100,,"DfE, Suspensions and permanent exclusions in England",academic year 2024/25,released
E08000016,suspension_rate,2024,by_ethnicity,Asian,,7.0,455.0,1.53846,,1.53846,100,,"DfE, Suspensions and permanent exclusions in England",academic year 2023/24,released
E08000016,suspension_rate,2024,by_ethnicity,Black,,40.0,634.0,6.30915,,6.30915,100,,"DfE, Suspensions and permanent exclusions in England",academic year 2023/24,released
E08000016,suspension_rate,2024,by_ethnicity,Mixed,,169.0,930.0,18.17204,,18.17204,100,,"DfE, Suspensions and permanent exclusions in England",academic year 2023/24,released
E08000016,suspension_rate,2024,overall,,,9085.0,35238.0,25.78183,,25.78183,100,,"DfE, Suspensions and permanent exclusions in England",academic year 2023/24,released
E08000016,suspension_rate,2024,by_ethnicity,Other,,15.0,191.0,7.8534,,7.8534,100,,"DfE, Suspensions and permanent exclusions in England",academic year 2023/24,released
E08000016,suspension_rate,2024,by_ethnicity,White,,8646.0,32620.0,26.50521,,26.50521,100,,"DfE, Suspensions and permanent exclusions in England",academic year 2023/24,released
E08000016,suspension_rate,2025,by_ethnicity,Asian,,20.0,524.0,3.81679,,3.81679,100,,"DfE, Suspensions and permanent exclusions in England",academic year 2024/25,released
E08000016,suspension_rate,2025,by_ethnicity,Black,,30.0,858.0,3.4965,,3.4965,100,,"DfE, Suspensions and permanent exclusions in England",academic year 2024/25,released
E08000016,suspension_rate,2025,by_ethnicity,Mixed,,134.0,990.0,13.53535,,13.53535,100,,"DfE, Suspensions and permanent exclusions in England",academic year 2024/25,released
E08000016,suspension_rate,2025,overall,,,6849.0,35173.0,19.47232,,19.47232,100,,"DfE, Suspensions and permanent exclusions in England",academic year 2024/25,released
E08000016,suspension_rate,2025,by_ethnicity,Other,,16.0,251.0,6.3745,,6.3745,100,,"DfE, Suspensions and permanent exclusions in England",academic year 2024/25,released
E08000016,suspension_rate,2025,by_ethnicity,White,,6554.0,32136.0,20.39457,,20.39457,100,,"DfE, Suspensions and permanent exclusions in England",academic year 2024/25,released
E08000017,suspension_rate,2024,by_ethnicity,Asian,,45.0,2223.0,2.02429,,2.02429,100,,"DfE, Suspensions and permanent exclusions in England",academic year 2023/24,released
E08000017,suspension_rate,2024,by_ethnicity,Black,,101.0,1490.0,6.77852,,6.77852,100,,"DfE, Suspensions and permanent exclusions in England",academic year 2023/24,released
E08000017,suspension_rate,2024,by_ethnicity,Mixed,,382.0,1901.0,20.09469,,20.09469,100,,"DfE, Suspensions and permanent exclusions in England",academic year 2023/24,released
E08000017,suspension_rate,2024,overall,,,11825.0,48660.0,24.30127,,24.30127,100,,"DfE, Suspensions and permanent exclusions in England",academic year 2023/24,released
E08000017,suspension_rate,2024,by_ethnicity,Other,,68.0,658.0,10.33435,,10.33435,100,,"DfE, Suspensions and permanent exclusions in England",academic year 2023/24,released
E08000017,suspension_rate,2024,by_ethnicity,White,,10755.0,41686.0,25.80003,,25.80003,100,,"DfE, Suspensions and permanent exclusions in England",academic year 2023/24,released
E08000017,suspension_rate,2025,by_ethnicity,Asian,,56.0,2390.0,2.3431,,2.3431,100,,"DfE, Suspensions and permanent exclusions in England",academic year 2024/25,released
E08000017,suspension_rate,2025,by_ethnicity,Black,,123.0,1957.0,6.28513,,6.28513,100,,"DfE, Suspensions and permanent exclusions in England",academic year 2024/25,released
E08000017,suspension_rate,2025,by_ethnicity,Mixed,,306.0,1956.0,15.64417,,15.64417,100,,"DfE, Suspensions and permanent exclusions in England",academic year 2024/25,released
E08000017,suspension_rate,2025,overall,,,10337.0,48669.0,21.23939,,21.23939,100,,"DfE, Suspensions and permanent exclusions in England",academic year 2024/25,released
E08000017,suspension_rate,2025,by_ethnicity,Other,,61.0,698.0,8.73926,,8.73926,100,,"DfE, Suspensions and permanent exclusions in England",academic year 2024/25,released
E08000017,suspension_rate,2025,by_ethnicity,White,,9292.0,40930.0,22.70217,,22.70217,100,,"DfE, Suspensions and permanent exclusions in England",academic year 2024/25,released
E08000018,suspension_rate,2024,by_ethnicity,Asian,,175.0,3888.0,4.50103,,4.50103,100,,"DfE, Suspensions and permanent exclusions in England",academic year 2023/24,released
E08000018,suspension_rate,2024,by_ethnicity,Black,,80.0,1357.0,5.89536,,5.89536,100,,"DfE, Suspensions and permanent exclusions in England",academic year 2023/24,released
E08000018,suspension_rate,2024,by_ethnicity,Mixed,,255.0,1720.0,14.82558,,14.82558,100,,"DfE, Suspensions and permanent exclusions in England",academic year 2023/24,released
E08000018,suspension_rate,2024,overall,,,5759.0,45056.0,12.78187,,12.78187,100,,"DfE, Suspensions and permanent exclusions in England",academic year 2023/24,released
E08000018,suspension_rate,2024,by_ethnicity,Other,,48.0,502.0,9.56175,,9.56175,100,,"DfE, Suspensions and permanent exclusions in England",academic year 2023/24,released
E08000018,suspension_rate,2024,by_ethnicity,White,,5130.0,37121.0,13.81967,,13.81967,100,,"DfE, Suspensions and permanent exclusions in England",academic year 2023/24,released
E08000018,suspension_rate,2025,by_ethnicity,Asian,,160.0,3959.0,4.04142,,4.04142,100,,"DfE, Suspensions and permanent exclusions in England",academic year 2024/25,released
E08000018,suspension_rate,2025,by_ethnicity,Black,,74.0,1608.0,4.60199,,4.60199,100,,"DfE, Suspensions and permanent exclusions in England",academic year 2024/25,released
E08000018,suspension_rate,2025,by_ethnicity,Mixed,,389.0,1741.0,22.34348,,22.34348,100,,"DfE, Suspensions and permanent exclusions in England",academic year 2024/25,released
E08000018,suspension_rate,2025,overall,,,7074.0,44809.0,15.78701,,15.78701,100,,"DfE, Suspensions and permanent exclusions in England",academic year 2024/25,released
E08000018,suspension_rate,2025,by_ethnicity,Other,,22.0,559.0,3.9356,,3.9356,100,,"DfE, Suspensions and permanent exclusions in England",academic year 2024/25,released
E08000018,suspension_rate,2025,by_ethnicity,White,,6284.0,36444.0,17.24289,,17.24289,100,,"DfE, Suspensions and permanent exclusions in England",academic year 2024/25,released
E08000019,suspension_rate,2024,by_ethnicity,Asian,,943.0,11910.0,7.91772,,7.91772,100,,"DfE, Suspensions and permanent exclusions in England",academic year 2023/24,released
E08000019,suspension_rate,2024,by_ethnicity,Black,,765.0,7236.0,10.57214,,10.57214,100,,"DfE, Suspensions and permanent exclusions in England",academic year 2023/24,released
E08000019,suspension_rate,2024,by_ethnicity,Mixed,,1770.0,7305.0,24.22998,,24.22998,100,,"DfE, Suspensions and permanent exclusions in England",academic year 2023/24,released
E08000019,suspension_rate,2024,overall,,,14892.0,85115.0,17.49633,,17.49633,100,,"DfE, Suspensions and permanent exclusions in England",academic year 2023/24,released
E08000019,suspension_rate,2024,by_ethnicity,Other,,501.0,3510.0,14.2735,,14.2735,100,,"DfE, Suspensions and permanent exclusions in England",academic year 2023/24,released
E08000019,suspension_rate,2024,by_ethnicity,White,,10527.0,53665.0,19.61614,,19.61614,100,,"DfE, Suspensions and permanent exclusions in England",academic year 2023/24,released
E08000019,suspension_rate,2025,by_ethnicity,Asian,,1055.0,12154.0,8.68027,,8.68027,100,,"DfE, Suspensions and permanent exclusions in England",academic year 2024/25,released
E08000019,suspension_rate,2025,by_ethnicity,Black,,692.0,7803.0,8.86838,,8.86838,100,,"DfE, Suspensions and permanent exclusions in England",academic year 2024/25,released
E08000019,suspension_rate,2025,by_ethnicity,Mixed,,1705.0,7349.0,23.20044,,23.20044,100,,"DfE, Suspensions and permanent exclusions in England",academic year 2024/25,released
E08000019,suspension_rate,2025,overall,,,14824.0,85069.0,17.42585,,17.42585,100,,"DfE, Suspensions and permanent exclusions in England",academic year 2024/25,released
E08000019,suspension_rate,2025,by_ethnicity,Other,,561.0,3672.0,15.27778,,15.27778,100,,"DfE, Suspensions and permanent exclusions in England",academic year 2024/25,released
E08000019,suspension_rate,2025,by_ethnicity,White,,10490.0,52706.0,19.90286,,19.90286,100,,"DfE, Suspensions and permanent exclusions in England",academic year 2024/25,released
E08000021,suspension_rate,2024,by_ethnicity,Asian,,343.0,6478.0,5.29484,,5.29484,100,,"DfE, Suspensions and permanent exclusions in England",academic year 2023/24,released
E08000021,suspension_rate,2024,by_ethnicity,Black,,216.0,3277.0,6.59139,,6.59139,100,,"DfE, Suspensions and permanent exclusions in England",academic year 2023/24,released
E08000021,suspension_rate,2024,by_ethnicity,Mixed,,293.0,2508.0,11.68262,,11.68262,100,,"DfE, Suspensions and permanent exclusions in England",academic year 2023/24,released
E08000021,suspension_rate,2024,overall,,,8785.0,42440.0,20.69981,,20.69981,100,,"DfE, Suspensions and permanent exclusions in England",academic year 2023/24,released
E08000021,suspension_rate,2024,by_ethnicity,Other,,181.0,1730.0,10.46243,,10.46243,100,,"DfE, Suspensions and permanent exclusions in England",academic year 2023/24,released
E08000021,suspension_rate,2024,by_ethnicity,White,,7611.0,27961.0,27.22006,,27.22006,100,,"DfE, Suspensions and permanent exclusions in England",academic year 2023/24,released
E08000021,suspension_rate,2025,by_ethnicity,Asian,,413.0,6709.0,6.15591,,6.15591,100,,"DfE, Suspensions and permanent exclusions in England",academic year 2024/25,released
E08000021,suspension_rate,2025,by_ethnicity,Black,,242.0,3451.0,7.01246,,7.01246,100,,"DfE, Suspensions and permanent exclusions in England",academic year 2024/25,released
E08000021,suspension_rate,2025,by_ethnicity,Mixed,,302.0,2576.0,11.7236,,11.7236,100,,"DfE, Suspensions and permanent exclusions in England",academic year 2024/25,released
E08000021,suspension_rate,2025,overall,,,8706.0,42377.0,20.54416,,20.54416,100,,"DfE, Suspensions and permanent exclusions in England",academic year 2024/25,released
E08000021,suspension_rate,2025,by_ethnicity,Other,,164.0,1868.0,8.77944,,8.77944,100,,"DfE, Suspensions and permanent exclusions in England",academic year 2024/25,released
E08000021,suspension_rate,2025,by_ethnicity,White,,7515.0,27302.0,27.52546,,27.52546,100,,"DfE, Suspensions and permanent exclusions in England",academic year 2024/25,released
E08000022,suspension_rate,2024,by_ethnicity,Asian,,21.0,1250.0,1.68,,1.68,100,,"DfE, Suspensions and permanent exclusions in England",academic year 2023/24,released
E08000022,suspension_rate,2024,by_ethnicity,Black,,37.0,477.0,7.75681,,7.75681,100,,"DfE, Suspensions and permanent exclusions in England",academic year 2023/24,released
E08000022,suspension_rate,2024,by_ethnicity,Mixed,,111.0,1063.0,10.44214,,10.44214,100,,"DfE, Suspensions and permanent exclusions in England",academic year 2023/24,released
E08000022,suspension_rate,2024,overall,,,3162.0,31459.0,10.05118,,10.05118,100,,"DfE, Suspensions and permanent exclusions in England",academic year 2023/24,released
E08000022,suspension_rate,2024,by_ethnicity,Other,,16.0,225.0,7.11111,,7.11111,100,,"DfE, Suspensions and permanent exclusions in England",academic year 2023/24,released
E08000022,suspension_rate,2024,by_ethnicity,White,,2935.0,28111.0,10.44075,,10.44075,100,,"DfE, Suspensions and permanent exclusions in England",academic year 2023/24,released
E08000022,suspension_rate,2025,by_ethnicity,Asian,,31.0,1323.0,2.34316,,2.34316,100,,"DfE, Suspensions and permanent exclusions in England",academic year 2024/25,released
E08000022,suspension_rate,2025,by_ethnicity,Black,,14.0,585.0,2.39316,,2.39316,100,,"DfE, Suspensions and permanent exclusions in England",academic year 2024/25,released
E08000022,suspension_rate,2025,by_ethnicity,Mixed,,99.0,1064.0,9.30451,,9.30451,100,,"DfE, Suspensions and permanent exclusions in England",academic year 2024/25,released
E08000022,suspension_rate,2025,overall,,,3816.0,31052.0,12.28906,,12.28906,100,,"DfE, Suspensions and permanent exclusions in England",academic year 2024/25,released
E08000022,suspension_rate,2025,by_ethnicity,Other,,25.0,279.0,8.96057,,8.96057,100,,"DfE, Suspensions and permanent exclusions in England",academic year 2024/25,released
E08000022,suspension_rate,2025,by_ethnicity,White,,3615.0,27614.0,13.09119,,13.09119,100,,"DfE, Suspensions and permanent exclusions in England",academic year 2024/25,released
E08000023,suspension_rate,2024,by_ethnicity,Asian,,35.0,964.0,3.63071,,3.63071,100,,"DfE, Suspensions and permanent exclusions in England",academic year 2023/24,released
E08000023,suspension_rate,2024,by_ethnicity,Black,,18.0,393.0,4.58015,,4.58015,100,,"DfE, Suspensions and permanent exclusions in England",academic year 2023/24,released
E08000023,suspension_rate,2024,by_ethnicity,Mixed,,36.0,773.0,4.65718,,4.65718,100,,"DfE, Suspensions and permanent exclusions in England",academic year 2023/24,released
E08000023,suspension_rate,2024,overall,,,1645.0,22906.0,7.18152,,7.18152,100,,"DfE, Suspensions and permanent exclusions in England",academic year 2023/24,released
E08000023,suspension_rate,2024,by_ethnicity,Other,,12.0,247.0,4.8583,,4.8583,100,,"DfE, Suspensions and permanent exclusions in England",academic year 2023/24,released
E08000023,suspension_rate,2024,by_ethnicity,White,,1543.0,20327.0,7.59089,,7.59089,100,,"DfE, Suspensions and permanent exclusions in England",academic year 2023/24,released
E08000023,suspension_rate,2025,by_ethnicity,Asian,,37.0,1012.0,3.65613,,3.65613,100,,"DfE, Suspensions and permanent exclusions in England",academic year 2024/25,released
E08000023,suspension_rate,2025,by_ethnicity,Black,,27.0,441.0,6.12245,,6.12245,100,,"DfE, Suspensions and permanent exclusions in England",academic year 2024/25,released
E08000023,suspension_rate,2025,by_ethnicity,Mixed,,45.0,770.0,5.84416,,5.84416,100,,"DfE, Suspensions and permanent exclusions in England",academic year 2024/25,released
E08000023,suspension_rate,2025,overall,,,2421.0,22635.0,10.69583,,10.69583,100,,"DfE, Suspensions and permanent exclusions in England",academic year 2024/25,released
E08000023,suspension_rate,2025,by_ethnicity,Other,,21.0,266.0,7.89474,,7.89474,100,,"DfE, Suspensions and permanent exclusions in England",academic year 2024/25,released
E08000023,suspension_rate,2025,by_ethnicity,White,,2286.0,19905.0,11.48455,,11.48455,100,,"DfE, Suspensions and permanent exclusions in England",academic year 2024/25,released
E08000024,suspension_rate,2024,by_ethnicity,Asian,,122.0,1979.0,6.16473,,6.16473,100,,"DfE, Suspensions and permanent exclusions in England",academic year 2023/24,released
E08000024,suspension_rate,2024,by_ethnicity,Black,,55.0,2064.0,2.66473,,2.66473,100,,"DfE, Suspensions and permanent exclusions in England",academic year 2023/24,released
E08000024,suspension_rate,2024,by_ethnicity,Mixed,,168.0,984.0,17.07317,,17.07317,100,,"DfE, Suspensions and permanent exclusions in England",academic year 2023/24,released
E08000024,suspension_rate,2024,overall,,,9236.0,41057.0,22.49555,,22.49555,100,,"DfE, Suspensions and permanent exclusions in England",academic year 2023/24,released
E08000024,suspension_rate,2024,by_ethnicity,Other,,19.0,253.0,7.50988,,7.50988,100,,"DfE, Suspensions and permanent exclusions in England",academic year 2023/24,released
E08000024,suspension_rate,2024,by_ethnicity,White,,8689.0,35468.0,24.49814,,24.49814,100,,"DfE, Suspensions and permanent exclusions in England",academic year 2023/24,released
E08000024,suspension_rate,2025,by_ethnicity,Asian,,59.0,2085.0,2.82974,,2.82974,100,,"DfE, Suspensions and permanent exclusions in England",academic year 2024/25,released
E08000024,suspension_rate,2025,by_ethnicity,Black,,59.0,2348.0,2.51278,,2.51278,100,,"DfE, Suspensions and permanent exclusions in England",academic year 2024/25,released
E08000024,suspension_rate,2025,by_ethnicity,Mixed,,203.0,1020.0,19.90196,,19.90196,100,,"DfE, Suspensions and permanent exclusions in England",academic year 2024/25,released
E08000024,suspension_rate,2025,overall,,,8264.0,40774.0,20.26782,,20.26782,100,,"DfE, Suspensions and permanent exclusions in England",academic year 2024/25,released
E08000024,suspension_rate,2025,by_ethnicity,Other,,42.0,299.0,14.04682,,14.04682,100,,"DfE, Suspensions and permanent exclusions in England",academic year 2024/25,released
E08000024,suspension_rate,2025,by_ethnicity,White,,7788.0,34775.0,22.3954,,22.3954,100,,"DfE, Suspensions and permanent exclusions in England",academic year 2024/25,released
E08000025,suspension_rate,2024,by_ethnicity,Asian,,3330.0,78068.0,4.26551,,4.26551,100,,"DfE, Suspensions and permanent exclusions in England",academic year 2023/24,released
E08000025,suspension_rate,2024,by_ethnicity,Black,,2677.0,27785.0,9.63469,,9.63469,100,,"DfE, Suspensions and permanent exclusions in England",academic year 2023/24,released
E08000025,suspension_rate,2024,by_ethnicity,Mixed,,2500.0,20490.0,12.20107,,12.20107,100,,"DfE, Suspensions and permanent exclusions in England",academic year 2023/24,released
E08000025,suspension_rate,2024,overall,,,16186.0,204624.0,7.91012,,7.91012,100,,"DfE, Suspensions and permanent exclusions in England",academic year 2023/24,released
E08000025,suspension_rate,2024,by_ethnicity,Other,,794.0,12508.0,6.34794,,6.34794,100,,"DfE, Suspensions and permanent exclusions in England",academic year 2023/24,released
E08000025,suspension_rate,2024,by_ethnicity,White,,6339.0,60842.0,10.41879,,10.41879,100,,"DfE, Suspensions and permanent exclusions in England",academic year 2023/24,released
E08000025,suspension_rate,2025,by_ethnicity,Asian,,3456.0,77852.0,4.43919,,4.43919,100,,"DfE, Suspensions and permanent exclusions in England",academic year 2024/25,released
E08000025,suspension_rate,2025,by_ethnicity,Black,,2637.0,28514.0,9.24809,,9.24809,100,,"DfE, Suspensions and permanent exclusions in England",academic year 2024/25,released
E08000025,suspension_rate,2025,by_ethnicity,Mixed,,2605.0,20667.0,12.60464,,12.60464,100,,"DfE, Suspensions and permanent exclusions in England",academic year 2024/25,released
E08000025,suspension_rate,2025,overall,,,16505.0,202736.0,8.14113,,8.14113,100,,"DfE, Suspensions and permanent exclusions in England",academic year 2024/25,released
E08000025,suspension_rate,2025,by_ethnicity,Other,,843.0,12814.0,6.57874,,6.57874,100,,"DfE, Suspensions and permanent exclusions in England",academic year 2024/25,released
E08000025,suspension_rate,2025,by_ethnicity,White,,6493.0,58386.0,11.12082,,11.12082,100,,"DfE, Suspensions and permanent exclusions in England",academic year 2024/25,released
E08000026,suspension_rate,2024,by_ethnicity,Asian,,486.0,14489.0,3.35427,,3.35427,100,,"DfE, Suspensions and permanent exclusions in England",academic year 2023/24,released
E08000026,suspension_rate,2024,by_ethnicity,Black,,601.0,9308.0,6.45681,,6.45681,100,,"DfE, Suspensions and permanent exclusions in England",academic year 2023/24,released
E08000026,suspension_rate,2024,by_ethnicity,Mixed,,662.0,4503.0,14.70131,,14.70131,100,,"DfE, Suspensions and permanent exclusions in England",academic year 2023/24,released
E08000026,suspension_rate,2024,overall,,,6155.0,61298.0,10.04111,,10.04111,100,,"DfE, Suspensions and permanent exclusions in England",academic year 2023/24,released
E08000026,suspension_rate,2024,by_ethnicity,Other,,74.0,1492.0,4.95979,,4.95979,100,,"DfE, Suspensions and permanent exclusions in England",academic year 2023/24,released
E08000026,suspension_rate,2024,by_ethnicity,White,,4240.0,30658.0,13.83,,13.83,100,,"DfE, Suspensions and permanent exclusions in England",academic year 2023/24,released
E08000026,suspension_rate,2025,by_ethnicity,Asian,,509.0,14843.0,3.42923,,3.42923,100,,"DfE, Suspensions and permanent exclusions in England",academic year 2024/25,released
E08000026,suspension_rate,2025,by_ethnicity,Black,,597.0,9882.0,6.04129,,6.04129,100,,"DfE, Suspensions and permanent exclusions in England",academic year 2024/25,released
E08000026,suspension_rate,2025,by_ethnicity,Mixed,,643.0,4608.0,13.95399,,13.95399,100,,"DfE, Suspensions and permanent exclusions in England",academic year 2024/25,released
E08000026,suspension_rate,2025,overall,,,6722.0,61381.0,10.95127,,10.95127,100,,"DfE, Suspensions and permanent exclusions in England",academic year 2024/25,released
E08000026,suspension_rate,2025,by_ethnicity,Other,,113.0,1579.0,7.15643,,7.15643,100,,"DfE, Suspensions and permanent exclusions in England",academic year 2024/25,released
E08000026,suspension_rate,2025,by_ethnicity,White,,4753.0,29642.0,16.03468,,16.03468,100,,"DfE, Suspensions and permanent exclusions in England",academic year 2024/25,released
E08000027,suspension_rate,2024,by_ethnicity,Asian,,297.0,5464.0,5.43558,,5.43558,100,,"DfE, Suspensions and permanent exclusions in England",academic year 2023/24,released
E08000027,suspension_rate,2024,by_ethnicity,Black,,158.0,1971.0,8.01624,,8.01624,100,,"DfE, Suspensions and permanent exclusions in England",academic year 2023/24,released
E08000027,suspension_rate,2024,by_ethnicity,Mixed,,602.0,4014.0,14.99751,,14.99751,100,,"DfE, Suspensions and permanent exclusions in England",academic year 2023/24,released
E08000027,suspension_rate,2024,overall,,,4607.0,48164.0,9.56524,,9.56524,100,,"DfE, Suspensions and permanent exclusions in England",academic year 2023/24,released
E08000027,suspension_rate,2024,by_ethnicity,Other,,57.0,1005.0,5.67164,,5.67164,100,,"DfE, Suspensions and permanent exclusions in England",academic year 2023/24,released
E08000027,suspension_rate,2024,by_ethnicity,White,,3395.0,34831.0,9.74706,,9.74706,100,,"DfE, Suspensions and permanent exclusions in England",academic year 2023/24,released
E08000027,suspension_rate,2025,by_ethnicity,Asian,,252.0,5648.0,4.46176,,4.46176,100,,"DfE, Suspensions and permanent exclusions in England",academic year 2024/25,released
E08000027,suspension_rate,2025,by_ethnicity,Black,,149.0,2194.0,6.79125,,6.79125,100,,"DfE, Suspensions and permanent exclusions in England",academic year 2024/25,released
E08000027,suspension_rate,2025,by_ethnicity,Mixed,,599.0,4091.0,14.6419,,14.6419,100,,"DfE, Suspensions and permanent exclusions in England",academic year 2024/25,released
E08000027,suspension_rate,2025,overall,,,4156.0,48194.0,8.62348,,8.62348,100,,"DfE, Suspensions and permanent exclusions in England",academic year 2024/25,released
E08000027,suspension_rate,2025,by_ethnicity,Other,,46.0,1061.0,4.33553,,4.33553,100,,"DfE, Suspensions and permanent exclusions in England",academic year 2024/25,released
E08000027,suspension_rate,2025,by_ethnicity,White,,2971.0,34348.0,8.6497,,8.6497,100,,"DfE, Suspensions and permanent exclusions in England",academic year 2024/25,released
E08000028,suspension_rate,2024,by_ethnicity,Asian,,639.0,20781.0,3.07492,,3.07492,100,,"DfE, Suspensions and permanent exclusions in England",academic year 2023/24,released
E08000028,suspension_rate,2024,by_ethnicity,Black,,572.0,7158.0,7.99106,,7.99106,100,,"DfE, Suspensions and permanent exclusions in England",academic year 2023/24,released
E08000028,suspension_rate,2024,by_ethnicity,Mixed,,733.0,6391.0,11.46925,,11.46925,100,,"DfE, Suspensions and permanent exclusions in England",academic year 2023/24,released
E08000028,suspension_rate,2024,overall,,,4945.0,63360.0,7.80461,,7.80461,100,,"DfE, Suspensions and permanent exclusions in England",academic year 2023/24,released
E08000028,suspension_rate,2024,by_ethnicity,Other,,92.0,1837.0,5.00817,,5.00817,100,,"DfE, Suspensions and permanent exclusions in England",academic year 2023/24,released
E08000028,suspension_rate,2024,by_ethnicity,White,,2785.0,26235.0,10.61559,,10.61559,100,,"DfE, Suspensions and permanent exclusions in England",academic year 2023/24,released
E08000028,suspension_rate,2025,by_ethnicity,Asian,,576.0,21146.0,2.72392,,2.72392,100,,"DfE, Suspensions and permanent exclusions in England",academic year 2024/25,released
E08000028,suspension_rate,2025,by_ethnicity,Black,,522.0,7459.0,6.99826,,6.99826,100,,"DfE, Suspensions and permanent exclusions in England",academic year 2024/25,released
E08000028,suspension_rate,2025,by_ethnicity,Mixed,,686.0,6424.0,10.6787,,10.6787,100,,"DfE, Suspensions and permanent exclusions in England",academic year 2024/25,released
E08000028,suspension_rate,2025,overall,,,4091.0,63212.0,6.47187,,6.47187,100,,"DfE, Suspensions and permanent exclusions in England",academic year 2024/25,released
E08000028,suspension_rate,2025,by_ethnicity,Other,,102.0,2041.0,4.99755,,4.99755,100,,"DfE, Suspensions and permanent exclusions in England",academic year 2024/25,released
E08000028,suspension_rate,2025,by_ethnicity,White,,2129.0,25189.0,8.4521,,8.4521,100,,"DfE, Suspensions and permanent exclusions in England",academic year 2024/25,released
E08000029,suspension_rate,2024,by_ethnicity,Asian,,131.0,7177.0,1.82528,,1.82528,100,,"DfE, Suspensions and permanent exclusions in England",academic year 2023/24,released
E08000029,suspension_rate,2024,by_ethnicity,Black,,118.0,1026.0,11.50097,,11.50097,100,,"DfE, Suspensions and permanent exclusions in England",academic year 2023/24,released
E08000029,suspension_rate,2024,by_ethnicity,Mixed,,458.0,3669.0,12.48297,,12.48297,100,,"DfE, Suspensions and permanent exclusions in England",academic year 2023/24,released
E08000029,suspension_rate,2024,overall,,,3274.0,40083.0,8.16805,,8.16805,100,,"DfE, Suspensions and permanent exclusions in England",academic year 2023/24,released
E08000029,suspension_rate,2024,by_ethnicity,Other,,15.0,469.0,3.19829,,3.19829,100,,"DfE, Suspensions and permanent exclusions in England",academic year 2023/24,released
E08000029,suspension_rate,2024,by_ethnicity,White,,2486.0,27230.0,9.12964,,9.12964,100,,"DfE, Suspensions and permanent exclusions in England",academic year 2023/24,released
E08000029,suspension_rate,2025,by_ethnicity,Asian,,154.0,7330.0,2.10095,,2.10095,100,,"DfE, Suspensions and permanent exclusions in England",academic year 2024/25,released
E08000029,suspension_rate,2025,by_ethnicity,Black,,120.0,1092.0,10.98901,,10.98901,100,,"DfE, Suspensions and permanent exclusions in England",academic year 2024/25,released
E08000029,suspension_rate,2025,by_ethnicity,Mixed,,480.0,3667.0,13.08972,,13.08972,100,,"DfE, Suspensions and permanent exclusions in England",academic year 2024/25,released
E08000029,suspension_rate,2025,overall,,,3300.0,39630.0,8.32702,,8.32702,100,,"DfE, Suspensions and permanent exclusions in England",academic year 2024/25,released
E08000029,suspension_rate,2025,by_ethnicity,Other,,31.0,506.0,6.12648,,6.12648,100,,"DfE, Suspensions and permanent exclusions in England",academic year 2024/25,released
E08000029,suspension_rate,2025,by_ethnicity,White,,2445.0,26535.0,9.21425,,9.21425,100,,"DfE, Suspensions and permanent exclusions in England",academic year 2024/25,released
E08000030,suspension_rate,2024,by_ethnicity,Asian,,518.0,13619.0,3.80351,,3.80351,100,,"DfE, Suspensions and permanent exclusions in England",academic year 2023/24,released
E08000030,suspension_rate,2024,by_ethnicity,Black,,364.0,4411.0,8.2521,,8.2521,100,,"DfE, Suspensions and permanent exclusions in England",academic year 2023/24,released
E08000030,suspension_rate,2024,by_ethnicity,Mixed,,551.0,4034.0,13.6589,,13.6589,100,,"DfE, Suspensions and permanent exclusions in England",academic year 2023/24,released
E08000030,suspension_rate,2024,overall,,,6337.0,53272.0,11.89555,,11.89555,100,,"DfE, Suspensions and permanent exclusions in England",academic year 2023/24,released
E08000030,suspension_rate,2024,by_ethnicity,Other,,36.0,858.0,4.1958,,4.1958,100,,"DfE, Suspensions and permanent exclusions in England",academic year 2023/24,released
E08000030,suspension_rate,2024,by_ethnicity,White,,4799.0,29902.0,16.04909,,16.04909,100,,"DfE, Suspensions and permanent exclusions in England",academic year 2023/24,released
E08000030,suspension_rate,2025,by_ethnicity,Asian,,432.0,13905.0,3.1068,,3.1068,100,,"DfE, Suspensions and permanent exclusions in England",academic year 2024/25,released
E08000030,suspension_rate,2025,by_ethnicity,Black,,309.0,4788.0,6.45363,,6.45363,100,,"DfE, Suspensions and permanent exclusions in England",academic year 2024/25,released
E08000030,suspension_rate,2025,by_ethnicity,Mixed,,574.0,4127.0,13.90841,,13.90841,100,,"DfE, Suspensions and permanent exclusions in England",academic year 2024/25,released
E08000030,suspension_rate,2025,overall,,,6075.0,53095.0,11.44176,,11.44176,100,,"DfE, Suspensions and permanent exclusions in England",academic year 2024/25,released
E08000030,suspension_rate,2025,by_ethnicity,Other,,37.0,890.0,4.1573,,4.1573,100,,"DfE, Suspensions and permanent exclusions in England",academic year 2024/25,released
E08000030,suspension_rate,2025,by_ethnicity,White,,4668.0,28915.0,16.14387,,16.14387,100,,"DfE, Suspensions and permanent exclusions in England",academic year 2024/25,released
E08000031,suspension_rate,2024,by_ethnicity,Asian,,310.0,13517.0,2.29341,,2.29341,100,,"DfE, Suspensions and permanent exclusions in England",academic year 2023/24,released
E08000031,suspension_rate,2024,by_ethnicity,Black,,440.0,7063.0,6.22965,,6.22965,100,,"DfE, Suspensions and permanent exclusions in England",academic year 2023/24,released
E08000031,suspension_rate,2024,by_ethnicity,Mixed,,613.0,6067.0,10.10384,,10.10384,100,,"DfE, Suspensions and permanent exclusions in England",academic year 2023/24,released
E08000031,suspension_rate,2024,overall,,,3186.0,49634.0,6.41899,,6.41899,100,,"DfE, Suspensions and permanent exclusions in England",academic year 2023/24,released
E08000031,suspension_rate,2024,by_ethnicity,Other,,49.0,867.0,5.65167,,5.65167,100,,"DfE, Suspensions and permanent exclusions in England",academic year 2023/24,released
E08000031,suspension_rate,2024,by_ethnicity,White,,1660.0,21494.0,7.72309,,7.72309,100,,"DfE, Suspensions and permanent exclusions in England",academic year 2023/24,released
E08000031,suspension_rate,2025,by_ethnicity,Asian,,366.0,13934.0,2.62667,,2.62667,100,,"DfE, Suspensions and permanent exclusions in England",academic year 2024/25,released
E08000031,suspension_rate,2025,by_ethnicity,Black,,393.0,7656.0,5.13323,,5.13323,100,,"DfE, Suspensions and permanent exclusions in England",academic year 2024/25,released
E08000031,suspension_rate,2025,by_ethnicity,Mixed,,639.0,6162.0,10.37001,,10.37001,100,,"DfE, Suspensions and permanent exclusions in England",academic year 2024/25,released
E08000031,suspension_rate,2025,overall,,,3228.0,49993.0,6.4569,,6.4569,100,,"DfE, Suspensions and permanent exclusions in England",academic year 2024/25,released
E08000031,suspension_rate,2025,by_ethnicity,Other,,65.0,912.0,7.12719,,7.12719,100,,"DfE, Suspensions and permanent exclusions in England",academic year 2024/25,released
E08000031,suspension_rate,2025,by_ethnicity,White,,1685.0,20750.0,8.12048,,8.12048,100,,"DfE, Suspensions and permanent exclusions in England",academic year 2024/25,released
E08000032,suspension_rate,2024,by_ethnicity,Asian,,6213.0,42315.0,14.68274,,14.68274,100,,"DfE, Suspensions and permanent exclusions in England",academic year 2023/24,released
E08000032,suspension_rate,2024,by_ethnicity,Black,,326.0,3385.0,9.63072,,9.63072,100,,"DfE, Suspensions and permanent exclusions in England",academic year 2023/24,released
E08000032,suspension_rate,2024,by_ethnicity,Mixed,,2043.0,6671.0,30.62509,,30.62509,100,,"DfE, Suspensions and permanent exclusions in England",academic year 2023/24,released
E08000032,suspension_rate,2024,overall,,,21928.0,99791.0,21.97393,,21.97393,100,,"DfE, Suspensions and permanent exclusions in England",academic year 2023/24,released
E08000032,suspension_rate,2024,by_ethnicity,Other,,323.0,2011.0,16.06166,,16.06166,100,,"DfE, Suspensions and permanent exclusions in England",academic year 2023/24,released
E08000032,suspension_rate,2024,by_ethnicity,White,,12651.0,43975.0,28.76862,,28.76862,100,,"DfE, Suspensions and permanent exclusions in England",academic year 2023/24,released
E08000032,suspension_rate,2025,by_ethnicity,Asian,,5003.0,42309.0,11.82491,,11.82491,100,,"DfE, Suspensions and permanent exclusions in England",academic year 2024/25,released
E08000032,suspension_rate,2025,by_ethnicity,Black,,326.0,3554.0,9.17276,,9.17276,100,,"DfE, Suspensions and permanent exclusions in England",academic year 2024/25,released
E08000032,suspension_rate,2025,by_ethnicity,Mixed,,2043.0,6567.0,31.1101,,31.1101,100,,"DfE, Suspensions and permanent exclusions in England",academic year 2024/25,released
E08000032,suspension_rate,2025,overall,,,21450.0,98362.0,21.8072,,21.8072,100,,"DfE, Suspensions and permanent exclusions in England",academic year 2024/25,released
E08000032,suspension_rate,2025,by_ethnicity,Other,,255.0,2080.0,12.25962,,12.25962,100,,"DfE, Suspensions and permanent exclusions in England",academic year 2024/25,released
E08000032,suspension_rate,2025,by_ethnicity,White,,13448.0,42448.0,31.68112,,31.68112,100,,"DfE, Suspensions and permanent exclusions in England",academic year 2024/25,released
E08000033,suspension_rate,2024,by_ethnicity,Asian,,849.0,6789.0,12.50552,,12.50552,100,,"DfE, Suspensions and permanent exclusions in England",academic year 2023/24,released
E08000033,suspension_rate,2024,by_ethnicity,Black,,42.0,545.0,7.70642,,7.70642,100,,"DfE, Suspensions and permanent exclusions in England",academic year 2023/24,released
E08000033,suspension_rate,2024,by_ethnicity,Mixed,,250.0,1719.0,14.54334,,14.54334,100,,"DfE, Suspensions and permanent exclusions in England",academic year 2023/24,released
E08000033,suspension_rate,2024,overall,,,4561.0,35876.0,12.71323,,12.71323,100,,"DfE, Suspensions and permanent exclusions in England",academic year 2023/24,released
E08000033,suspension_rate,2024,by_ethnicity,Other,,12.0,311.0,3.85852,,3.85852,100,,"DfE, Suspensions and permanent exclusions in England",academic year 2023/24,released
E08000033,suspension_rate,2024,by_ethnicity,White,,3380.0,26229.0,12.8865,,12.8865,100,,"DfE, Suspensions and permanent exclusions in England",academic year 2023/24,released
E08000033,suspension_rate,2025,by_ethnicity,Asian,,802.0,6809.0,11.77853,,11.77853,100,,"DfE, Suspensions and permanent exclusions in England",academic year 2024/25,released
E08000033,suspension_rate,2025,by_ethnicity,Black,,43.0,603.0,7.13101,,7.13101,100,,"DfE, Suspensions and permanent exclusions in England",academic year 2024/25,released
E08000033,suspension_rate,2025,by_ethnicity,Mixed,,253.0,1741.0,14.53188,,14.53188,100,,"DfE, Suspensions and permanent exclusions in England",academic year 2024/25,released
E08000033,suspension_rate,2025,overall,,,4339.0,35258.0,12.30643,,12.30643,100,,"DfE, Suspensions and permanent exclusions in England",academic year 2024/25,released
E08000033,suspension_rate,2025,by_ethnicity,Other,,24.0,325.0,7.38462,,7.38462,100,,"DfE, Suspensions and permanent exclusions in England",academic year 2024/25,released
E08000033,suspension_rate,2025,by_ethnicity,White,,3172.0,25474.0,12.45191,,12.45191,100,,"DfE, Suspensions and permanent exclusions in England",academic year 2024/25,released
E08000034,suspension_rate,2024,by_ethnicity,Asian,,916.0,19038.0,4.81143,,4.81143,100,,"DfE, Suspensions and permanent exclusions in England",academic year 2023/24,released
E08000034,suspension_rate,2024,by_ethnicity,Black,,184.0,2315.0,7.94816,,7.94816,100,,"DfE, Suspensions and permanent exclusions in England",academic year 2023/24,released
E08000034,suspension_rate,2024,by_ethnicity,Mixed,,984.0,5118.0,19.22626,,19.22626,100,,"DfE, Suspensions and permanent exclusions in England",academic year 2023/24,released
E08000034,suspension_rate,2024,overall,,,8576.0,66858.0,12.82719,,12.82719,100,,"DfE, Suspensions and permanent exclusions in England",academic year 2023/24,released
E08000034,suspension_rate,2024,by_ethnicity,Other,,82.0,1041.0,7.87704,,7.87704,100,,"DfE, Suspensions and permanent exclusions in England",academic year 2023/24,released
E08000034,suspension_rate,2024,by_ethnicity,White,,6220.0,38293.0,16.24318,,16.24318,100,,"DfE, Suspensions and permanent exclusions in England",academic year 2023/24,released
E08000034,suspension_rate,2025,by_ethnicity,Asian,,918.0,19099.0,4.80653,,4.80653,100,,"DfE, Suspensions and permanent exclusions in England",academic year 2024/25,released
E08000034,suspension_rate,2025,by_ethnicity,Black,,169.0,2415.0,6.99793,,6.99793,100,,"DfE, Suspensions and permanent exclusions in England",academic year 2024/25,released
E08000034,suspension_rate,2025,by_ethnicity,Mixed,,1228.0,5307.0,23.13925,,23.13925,100,,"DfE, Suspensions and permanent exclusions in England",academic year 2024/25,released
E08000034,suspension_rate,2025,overall,,,8770.0,66128.0,13.26216,,13.26216,100,,"DfE, Suspensions and permanent exclusions in England",academic year 2024/25,released
E08000034,suspension_rate,2025,by_ethnicity,Other,,78.0,1091.0,7.1494,,7.1494,100,,"DfE, Suspensions and permanent exclusions in England",academic year 2024/25,released
E08000034,suspension_rate,2025,by_ethnicity,White,,6115.0,37191.0,16.44215,,16.44215,100,,"DfE, Suspensions and permanent exclusions in England",academic year 2024/25,released
E08000035,suspension_rate,2024,by_ethnicity,Asian,,1055.0,17968.0,5.87155,,5.87155,100,,"DfE, Suspensions and permanent exclusions in England",academic year 2023/24,released
E08000035,suspension_rate,2024,by_ethnicity,Black,,836.0,12107.0,6.9051,,6.9051,100,,"DfE, Suspensions and permanent exclusions in England",academic year 2023/24,released
E08000035,suspension_rate,2024,by_ethnicity,Mixed,,1554.0,9871.0,15.74309,,15.74309,100,,"DfE, Suspensions and permanent exclusions in England",academic year 2023/24,released
E08000035,suspension_rate,2024,overall,,,16842.0,132013.0,12.75783,,12.75783,100,,"DfE, Suspensions and permanent exclusions in England",academic year 2023/24,released
E08000035,suspension_rate,2024,by_ethnicity,Other,,196.0,3219.0,6.08885,,6.08885,100,,"DfE, Suspensions and permanent exclusions in England",academic year 2023/24,released
E08000035,suspension_rate,2024,by_ethnicity,White,,12355.0,85958.0,14.3733,,14.3733,100,,"DfE, Suspensions and permanent exclusions in England",academic year 2023/24,released
E08000035,suspension_rate,2025,by_ethnicity,Asian,,911.0,18298.0,4.97869,,4.97869,100,,"DfE, Suspensions and permanent exclusions in England",academic year 2024/25,released
E08000035,suspension_rate,2025,by_ethnicity,Black,,683.0,13030.0,5.24175,,5.24175,100,,"DfE, Suspensions and permanent exclusions in England",academic year 2024/25,released
E08000035,suspension_rate,2025,by_ethnicity,Mixed,,1261.0,9906.0,12.72966,,12.72966,100,,"DfE, Suspensions and permanent exclusions in England",academic year 2024/25,released
E08000035,suspension_rate,2025,overall,,,13870.0,132211.0,10.49081,,10.49081,100,,"DfE, Suspensions and permanent exclusions in England",academic year 2024/25,released
E08000035,suspension_rate,2025,by_ethnicity,Other,,167.0,3571.0,4.67656,,4.67656,100,,"DfE, Suspensions and permanent exclusions in England",academic year 2024/25,released
E08000035,suspension_rate,2025,by_ethnicity,White,,10124.0,84450.0,11.98816,,11.98816,100,,"DfE, Suspensions and permanent exclusions in England",academic year 2024/25,released
E08000036,suspension_rate,2024,by_ethnicity,Asian,,113.0,2809.0,4.02278,,4.02278,100,,"DfE, Suspensions and permanent exclusions in England",academic year 2023/24,released
E08000036,suspension_rate,2024,by_ethnicity,Black,,108.0,1561.0,6.91864,,6.91864,100,,"DfE, Suspensions and permanent exclusions in England",academic year 2023/24,released
E08000036,suspension_rate,2024,by_ethnicity,Mixed,,424.0,2229.0,19.02198,,19.02198,100,,"DfE, Suspensions and permanent exclusions in England",academic year 2023/24,released
E08000036,suspension_rate,2024,overall,,,11790.0,54864.0,21.4895,,21.4895,100,,"DfE, Suspensions and permanent exclusions in England",academic year 2023/24,released
E08000036,suspension_rate,2024,by_ethnicity,Other,,36.0,650.0,5.53846,,5.53846,100,,"DfE, Suspensions and permanent exclusions in England",academic year 2023/24,released
E08000036,suspension_rate,2024,by_ethnicity,White,,10889.0,46760.0,23.287,,23.287,100,,"DfE, Suspensions and permanent exclusions in England",academic year 2023/24,released
E08000036,suspension_rate,2025,by_ethnicity,Asian,,102.0,3010.0,3.3887,,3.3887,100,,"DfE, Suspensions and permanent exclusions in England",academic year 2024/25,released
E08000036,suspension_rate,2025,by_ethnicity,Black,,139.0,1957.0,7.10271,,7.10271,100,,"DfE, Suspensions and permanent exclusions in England",academic year 2024/25,released
E08000036,suspension_rate,2025,by_ethnicity,Mixed,,539.0,2307.0,23.36368,,23.36368,100,,"DfE, Suspensions and permanent exclusions in England",academic year 2024/25,released
E08000036,suspension_rate,2025,overall,,,11428.0,54709.0,20.8887,,20.8887,100,,"DfE, Suspensions and permanent exclusions in England",academic year 2024/25,released
E08000036,suspension_rate,2025,by_ethnicity,Other,,33.0,702.0,4.70085,,4.70085,100,,"DfE, Suspensions and permanent exclusions in England",academic year 2024/25,released
E08000036,suspension_rate,2025,by_ethnicity,White,,10315.0,45958.0,22.44441,,22.44441,100,,"DfE, Suspensions and permanent exclusions in England",academic year 2024/25,released
E08000037,suspension_rate,2024,by_ethnicity,Asian,,34.0,1264.0,2.68987,,2.68987,100,,"DfE, Suspensions and permanent exclusions in England",academic year 2023/24,released
E08000037,suspension_rate,2024,by_ethnicity,Black,,52.0,1141.0,4.55741,,4.55741,100,,"DfE, Suspensions and permanent exclusions in England",academic year 2023/24,released
E08000037,suspension_rate,2024,by_ethnicity,Mixed,,65.0,899.0,7.23026,,7.23026,100,,"DfE, Suspensions and permanent exclusions in England",academic year 2023/24,released
E08000037,suspension_rate,2024,overall,,,4196.0,28908.0,14.51501,,14.51501,100,,"DfE, Suspensions and permanent exclusions in England",academic year 2023/24,released
E08000037,suspension_rate,2024,by_ethnicity,Other,,93.0,910.0,10.21978,,10.21978,100,,"DfE, Suspensions and permanent exclusions in England",academic year 2023/24,released
E08000037,suspension_rate,2024,by_ethnicity,White,,3905.0,24378.0,16.01854,,16.01854,100,,"DfE, Suspensions and permanent exclusions in England",academic year 2023/24,released
E08000037,suspension_rate,2025,by_ethnicity,Asian,,27.0,1355.0,1.99262,,1.99262,100,,"DfE, Suspensions and permanent exclusions in England",academic year 2024/25,released
E08000037,suspension_rate,2025,by_ethnicity,Black,,54.0,1310.0,4.12214,,4.12214,100,,"DfE, Suspensions and permanent exclusions in England",academic year 2024/25,released
E08000037,suspension_rate,2025,by_ethnicity,Mixed,,79.0,969.0,8.15273,,8.15273,100,,"DfE, Suspensions and permanent exclusions in England",academic year 2024/25,released
E08000037,suspension_rate,2025,overall,,,3671.0,28595.0,12.83791,,12.83791,100,,"DfE, Suspensions and permanent exclusions in England",academic year 2024/25,released
E08000037,suspension_rate,2025,by_ethnicity,Other,,66.0,996.0,6.62651,,6.62651,100,,"DfE, Suspensions and permanent exclusions in England",academic year 2024/25,released
E08000037,suspension_rate,2025,by_ethnicity,White,,3363.0,23613.0,14.24215,,14.24215,100,,"DfE, Suspensions and permanent exclusions in England",academic year 2024/25,released
E09000001,suspension_rate,2024,by_ethnicity,Asian,,0.0,104.0,0.0,,0.0,100,,"DfE, Suspensions and permanent exclusions in England",academic year 2023/24,released
E09000001,suspension_rate,2024,by_ethnicity,Black,,0.0,15.0,0.0,,0.0,100,,"DfE, Suspensions and permanent exclusions in England",academic year 2023/24,released
E09000001,suspension_rate,2024,by_ethnicity,Mixed,,0.0,43.0,0.0,,0.0,100,,"DfE, Suspensions and permanent exclusions in England",academic year 2023/24,released
E09000001,suspension_rate,2024,overall,,,1.0,244.0,0.40984,,0.40984,100,,"DfE, Suspensions and permanent exclusions in England",academic year 2023/24,released
E09000001,suspension_rate,2024,by_ethnicity,Other,,0.0,17.0,0.0,,0.0,100,,"DfE, Suspensions and permanent exclusions in England",academic year 2023/24,released
E09000001,suspension_rate,2024,by_ethnicity,White,,1.0,65.0,1.53846,,1.53846,100,,"DfE, Suspensions and permanent exclusions in England",academic year 2023/24,released
E09000001,suspension_rate,2025,by_ethnicity,Asian,,0.0,103.0,0.0,,0.0,100,,"DfE, Suspensions and permanent exclusions in England",academic year 2024/25,released
E09000001,suspension_rate,2025,by_ethnicity,Black,,0.0,12.0,0.0,,0.0,100,,"DfE, Suspensions and permanent exclusions in England",academic year 2024/25,released
E09000001,suspension_rate,2025,by_ethnicity,Mixed,,0.0,49.0,0.0,,0.0,100,,"DfE, Suspensions and permanent exclusions in England",academic year 2024/25,released
E09000001,suspension_rate,2025,overall,,,6.0,249.0,2.40964,,2.40964,100,,"DfE, Suspensions and permanent exclusions in England",academic year 2024/25,released
E09000001,suspension_rate,2025,by_ethnicity,Other,,0.0,15.0,0.0,,0.0,100,,"DfE, Suspensions and permanent exclusions in England",academic year 2024/25,released
E09000001,suspension_rate,2025,by_ethnicity,White,,6.0,70.0,8.57143,,8.57143,100,,"DfE, Suspensions and permanent exclusions in England",academic year 2024/25,released
E09000002,suspension_rate,2024,by_ethnicity,Asian,,196.0,14576.0,1.34468,,1.34468,100,,"DfE, Suspensions and permanent exclusions in England",academic year 2023/24,released
E09000002,suspension_rate,2024,by_ethnicity,Black,,307.0,10812.0,2.83944,,2.83944,100,,"DfE, Suspensions and permanent exclusions in England",academic year 2023/24,released
E09000002,suspension_rate,2024,by_ethnicity,Mixed,,225.0,4248.0,5.29661,,5.29661,100,,"DfE, Suspensions and permanent exclusions in England",academic year 2023/24,released
E09000002,suspension_rate,2024,overall,,,1415.0,45773.0,3.09134,,3.09134,100,,"DfE, Suspensions and permanent exclusions in England",academic year 2023/24,released
E09000002,suspension_rate,2024,by_ethnicity,Other,,21.0,973.0,2.15827,,2.15827,100,,"DfE, Suspensions and permanent exclusions in England",academic year 2023/24,released
E09000002,suspension_rate,2024,by_ethnicity,White,,636.0,14246.0,4.46441,,4.46441,100,,"DfE, Suspensions and permanent exclusions in England",academic year 2023/24,released
E09000002,suspension_rate,2025,by_ethnicity,Asian,,204.0,15571.0,1.31013,,1.31013,100,,"DfE, Suspensions and permanent exclusions in England",academic year 2024/25,released
E09000002,suspension_rate,2025,by_ethnicity,Black,,264.0,10751.0,2.45559,,2.45559,100,,"DfE, Suspensions and permanent exclusions in England",academic year 2024/25,released
E09000002,suspension_rate,2025,by_ethnicity,Mixed,,207.0,4283.0,4.83306,,4.83306,100,,"DfE, Suspensions and permanent exclusions in England",academic year 2024/25,released
E09000002,suspension_rate,2025,overall,,,1488.0,46044.0,3.23169,,3.23169,100,,"DfE, Suspensions and permanent exclusions in England",academic year 2024/25,released
E09000002,suspension_rate,2025,by_ethnicity,Other,,24.0,972.0,2.46914,,2.46914,100,,"DfE, Suspensions and permanent exclusions in England",academic year 2024/25,released
E09000002,suspension_rate,2025,by_ethnicity,White,,745.0,13657.0,5.45508,,5.45508,100,,"DfE, Suspensions and permanent exclusions in England",academic year 2024/25,released
E09000003,suspension_rate,2024,by_ethnicity,Asian,,211.0,9591.0,2.19998,,2.19998,100,,"DfE, Suspensions and permanent exclusions in England",academic year 2023/24,released
E09000003,suspension_rate,2024,by_ethnicity,Black,,517.0,6213.0,8.32126,,8.32126,100,,"DfE, Suspensions and permanent exclusions in England",academic year 2023/24,released
E09000003,suspension_rate,2024,by_ethnicity,Mixed,,480.0,7173.0,6.69176,,6.69176,100,,"DfE, Suspensions and permanent exclusions in England",academic year 2023/24,released
E09000003,suspension_rate,2024,overall,,,3412.0,61786.0,5.52229,,5.52229,100,,"DfE, Suspensions and permanent exclusions in England",academic year 2023/24,released
E09000003,suspension_rate,2024,by_ethnicity,Other,,600.0,7258.0,8.26674,,8.26674,100,,"DfE, Suspensions and permanent exclusions in England",academic year 2023/24,released
E09000003,suspension_rate,2024,by_ethnicity,White,,1431.0,29794.0,4.80298,,4.80298,100,,"DfE, Suspensions and permanent exclusions in England",academic year 2023/24,released
E09000003,suspension_rate,2025,by_ethnicity,Asian,,253.0,9644.0,2.62339,,2.62339,100,,"DfE, Suspensions and permanent exclusions in England",academic year 2024/25,released
E09000003,suspension_rate,2025,by_ethnicity,Black,,454.0,6136.0,7.39896,,7.39896,100,,"DfE, Suspensions and permanent exclusions in England",academic year 2024/25,released
E09000003,suspension_rate,2025,by_ethnicity,Mixed,,491.0,7309.0,6.71775,,6.71775,100,,"DfE, Suspensions and permanent exclusions in England",academic year 2024/25,released
E09000003,suspension_rate,2025,overall,,,3168.0,61380.0,5.16129,,5.16129,100,,"DfE, Suspensions and permanent exclusions in England",academic year 2024/25,released
E09000003,suspension_rate,2025,by_ethnicity,Other,,498.0,7416.0,6.71521,,6.71521,100,,"DfE, Suspensions and permanent exclusions in England",academic year 2024/25,released
E09000003,suspension_rate,2025,by_ethnicity,White,,1336.0,29190.0,4.57691,,4.57691,100,,"DfE, Suspensions and permanent exclusions in England",academic year 2024/25,released
E09000004,suspension_rate,2024,by_ethnicity,Asian,,107.0,5894.0,1.81541,,1.81541,100,,"DfE, Suspensions and permanent exclusions in England",academic year 2023/24,released
E09000004,suspension_rate,2024,by_ethnicity,Black,,518.0,7580.0,6.83377,,6.83377,100,,"DfE, Suspensions and permanent exclusions in England",academic year 2023/24,released
E09000004,suspension_rate,2024,by_ethnicity,Mixed,,459.0,4357.0,10.53477,,10.53477,100,,"DfE, Suspensions and permanent exclusions in England",academic year 2023/24,released
E09000004,suspension_rate,2024,overall,,,4061.0,43318.0,9.37486,,9.37486,100,,"DfE, Suspensions and permanent exclusions in England",academic year 2023/24,released
E09000004,suspension_rate,2024,by_ethnicity,Other,,35.0,677.0,5.16987,,5.16987,100,,"DfE, Suspensions and permanent exclusions in England",academic year 2023/24,released
E09000004,suspension_rate,2024,by_ethnicity,White,,2851.0,24073.0,11.84314,,11.84314,100,,"DfE, Suspensions and permanent exclusions in England",academic year 2023/24,released
E09000004,suspension_rate,2025,by_ethnicity,Asian,,96.0,6265.0,1.53232,,1.53232,100,,"DfE, Suspensions and permanent exclusions in England",academic year 2024/25,released
E09000004,suspension_rate,2025,by_ethnicity,Black,,519.0,7715.0,6.72715,,6.72715,100,,"DfE, Suspensions and permanent exclusions in England",academic year 2024/25,released
E09000004,suspension_rate,2025,by_ethnicity,Mixed,,388.0,4452.0,8.71518,,8.71518,100,,"DfE, Suspensions and permanent exclusions in England",academic year 2024/25,released
E09000004,suspension_rate,2025,overall,,,3399.0,42935.0,7.91662,,7.91662,100,,"DfE, Suspensions and permanent exclusions in England",academic year 2024/25,released
E09000004,suspension_rate,2025,by_ethnicity,Other,,42.0,712.0,5.89888,,5.89888,100,,"DfE, Suspensions and permanent exclusions in England",academic year 2024/25,released
E09000004,suspension_rate,2025,by_ethnicity,White,,2271.0,23131.0,9.81799,,9.81799,100,,"DfE, Suspensions and permanent exclusions in England",academic year 2024/25,released
E09000005,suspension_rate,2024,by_ethnicity,Asian,,388.0,15621.0,2.48384,,2.48384,100,,"DfE, Suspensions and permanent exclusions in England",academic year 2023/24,released
E09000005,suspension_rate,2024,by_ethnicity,Black,,985.0,8505.0,11.58142,,11.58142,100,,"DfE, Suspensions and permanent exclusions in England",academic year 2023/24,released
E09000005,suspension_rate,2024,by_ethnicity,Mixed,,446.0,3932.0,11.34283,,11.34283,100,,"DfE, Suspensions and permanent exclusions in England",academic year 2023/24,released
E09000005,suspension_rate,2024,overall,,,3506.0,48293.0,7.25985,,7.25985,100,,"DfE, Suspensions and permanent exclusions in England",academic year 2023/24,released
E09000005,suspension_rate,2024,by_ethnicity,Other,,791.0,6827.0,11.58635,,11.58635,100,,"DfE, Suspensions and permanent exclusions in England",academic year 2023/24,released
E09000005,suspension_rate,2024,by_ethnicity,White,,733.0,12424.0,5.89987,,5.89987,100,,"DfE, Suspensions and permanent exclusions in England",academic year 2023/24,released
E09000005,suspension_rate,2025,by_ethnicity,Asian,,308.0,15614.0,1.97259,,1.97259,100,,"DfE, Suspensions and permanent exclusions in England",academic year 2024/25,released
E09000005,suspension_rate,2025,by_ethnicity,Black,,671.0,8236.0,8.14716,,8.14716,100,,"DfE, Suspensions and permanent exclusions in England",academic year 2024/25,released
E09000005,suspension_rate,2025,by_ethnicity,Mixed,,350.0,4076.0,8.58685,,8.58685,100,,"DfE, Suspensions and permanent exclusions in England",academic year 2024/25,released
E09000005,suspension_rate,2025,overall,,,2584.0,48390.0,5.33995,,5.33995,100,,"DfE, Suspensions and permanent exclusions in England",academic year 2024/25,released
E09000005,suspension_rate,2025,by_ethnicity,Other,,602.0,7245.0,8.30918,,8.30918,100,,"DfE, Suspensions and permanent exclusions in England",academic year 2024/25,released
E09000005,suspension_rate,2025,by_ethnicity,White,,543.0,12331.0,4.40354,,4.40354,100,,"DfE, Suspensions and permanent exclusions in England",academic year 2024/25,released
E09000006,suspension_rate,2024,by_ethnicity,Asian,,65.0,5572.0,1.16655,,1.16655,100,,"DfE, Suspensions and permanent exclusions in England",academic year 2023/24,released
E09000006,suspension_rate,2024,by_ethnicity,Black,,509.0,5855.0,8.69342,,8.69342,100,,"DfE, Suspensions and permanent exclusions in England",academic year 2023/24,released
E09000006,suspension_rate,2024,by_ethnicity,Mixed,,535.0,6860.0,7.79883,,7.79883,100,,"DfE, Suspensions and permanent exclusions in England",academic year 2023/24,released
E09000006,suspension_rate,2024,overall,,,3356.0,53170.0,6.31183,,6.31183,100,,"DfE, Suspensions and permanent exclusions in England",academic year 2023/24,released
E09000006,suspension_rate,2024,by_ethnicity,Other,,50.0,908.0,5.50661,,5.50661,100,,"DfE, Suspensions and permanent exclusions in England",academic year 2023/24,released
E09000006,suspension_rate,2024,by_ethnicity,White,,2072.0,32717.0,6.3331,,6.3331,100,,"DfE, Suspensions and permanent exclusions in England",academic year 2023/24,released
E09000006,suspension_rate,2025,by_ethnicity,Asian,,92.0,5807.0,1.58429,,1.58429,100,,"DfE, Suspensions and permanent exclusions in England",academic year 2024/25,released
E09000006,suspension_rate,2025,by_ethnicity,Black,,495.0,6006.0,8.24176,,8.24176,100,,"DfE, Suspensions and permanent exclusions in England",academic year 2024/25,released
E09000006,suspension_rate,2025,by_ethnicity,Mixed,,491.0,7056.0,6.95862,,6.95862,100,,"DfE, Suspensions and permanent exclusions in England",academic year 2024/25,released
E09000006,suspension_rate,2025,overall,,,3179.0,53033.0,5.99438,,5.99438,100,,"DfE, Suspensions and permanent exclusions in England",academic year 2024/25,released
E09000006,suspension_rate,2025,by_ethnicity,Other,,41.0,996.0,4.11647,,4.11647,100,,"DfE, Suspensions and permanent exclusions in England",academic year 2024/25,released
E09000006,suspension_rate,2025,by_ethnicity,White,,1917.0,32032.0,5.98464,,5.98464,100,,"DfE, Suspensions and permanent exclusions in England",academic year 2024/25,released
E09000007,suspension_rate,2024,by_ethnicity,Asian,,109.0,3975.0,2.74214,,2.74214,100,,"DfE, Suspensions and permanent exclusions in England",academic year 2023/24,released
E09000007,suspension_rate,2024,by_ethnicity,Black,,234.0,3506.0,6.67427,,6.67427,100,,"DfE, Suspensions and permanent exclusions in England",academic year 2023/24,released
E09000007,suspension_rate,2024,by_ethnicity,Mixed,,245.0,3074.0,7.97007,,7.97007,100,,"DfE, Suspensions and permanent exclusions in England",academic year 2023/24,released
E09000007,suspension_rate,2024,overall,,,1224.0,20838.0,5.87388,,5.87388,100,,"DfE, Suspensions and permanent exclusions in England",academic year 2023/24,released
E09000007,suspension_rate,2024,by_ethnicity,Other,,122.0,1717.0,7.10542,,7.10542,100,,"DfE, Suspensions and permanent exclusions in England",academic year 2023/24,released
E09000007,suspension_rate,2024,by_ethnicity,White,,480.0,7977.0,6.0173,,6.0173,100,,"DfE, Suspensions and permanent exclusions in England",academic year 2023/24,released
E09000007,suspension_rate,2025,by_ethnicity,Asian,,94.0,3888.0,2.4177,,2.4177,100,,"DfE, Suspensions and permanent exclusions in England",academic year 2024/25,released
E09000007,suspension_rate,2025,by_ethnicity,Black,,239.0,3348.0,7.13859,,7.13859,100,,"DfE, Suspensions and permanent exclusions in England",academic year 2024/25,released
E09000007,suspension_rate,2025,by_ethnicity,Mixed,,260.0,3110.0,8.36013,,8.36013,100,,"DfE, Suspensions and permanent exclusions in England",academic year 2024/25,released
E09000007,suspension_rate,2025,overall,,,1311.0,20307.0,6.4559,,6.4559,100,,"DfE, Suspensions and permanent exclusions in England",academic year 2024/25,released
E09000007,suspension_rate,2025,by_ethnicity,Other,,122.0,1714.0,7.11785,,7.11785,100,,"DfE, Suspensions and permanent exclusions in England",academic year 2024/25,released
E09000007,suspension_rate,2025,by_ethnicity,White,,523.0,7738.0,6.75885,,6.75885,100,,"DfE, Suspensions and permanent exclusions in England",academic year 2024/25,released
E09000008,suspension_rate,2024,by_ethnicity,Asian,,239.0,10436.0,2.29015,,2.29015,100,,"DfE, Suspensions and permanent exclusions in England",academic year 2023/24,released
E09000008,suspension_rate,2024,by_ethnicity,Black,,1468.0,15924.0,9.21879,,9.21879,100,,"DfE, Suspensions and permanent exclusions in England",academic year 2023/24,released
E09000008,suspension_rate,2024,by_ethnicity,Mixed,,755.0,9220.0,8.18872,,8.18872,100,,"DfE, Suspensions and permanent exclusions in England",academic year 2023/24,released
E09000008,suspension_rate,2024,overall,,,3904.0,57701.0,6.76591,,6.76591,100,,"DfE, Suspensions and permanent exclusions in England",academic year 2023/24,released
E09000008,suspension_rate,2024,by_ethnicity,Other,,69.0,1637.0,4.21503,,4.21503,100,,"DfE, Suspensions and permanent exclusions in England",academic year 2023/24,released
E09000008,suspension_rate,2024,by_ethnicity,White,,1143.0,18985.0,6.02054,,6.02054,100,,"DfE, Suspensions and permanent exclusions in England",academic year 2023/24,released
E09000008,suspension_rate,2025,by_ethnicity,Asian,,180.0,10591.0,1.69956,,1.69956,100,,"DfE, Suspensions and permanent exclusions in England",academic year 2024/25,released
E09000008,suspension_rate,2025,by_ethnicity,Black,,1386.0,15884.0,8.72576,,8.72576,100,,"DfE, Suspensions and permanent exclusions in England",academic year 2024/25,released
E09000008,suspension_rate,2025,by_ethnicity,Mixed,,715.0,9217.0,7.7574,,7.7574,100,,"DfE, Suspensions and permanent exclusions in England",academic year 2024/25,released
E09000008,suspension_rate,2025,overall,,,3600.0,56949.0,6.32145,,6.32145,100,,"DfE, Suspensions and permanent exclusions in England",academic year 2024/25,released
E09000008,suspension_rate,2025,by_ethnicity,Other,,96.0,1704.0,5.6338,,5.6338,100,,"DfE, Suspensions and permanent exclusions in England",academic year 2024/25,released
E09000008,suspension_rate,2025,by_ethnicity,White,,1068.0,18229.0,5.8588,,5.8588,100,,"DfE, Suspensions and permanent exclusions in England",academic year 2024/25,released
E09000009,suspension_rate,2024,by_ethnicity,Asian,,346.0,16673.0,2.07521,,2.07521,100,,"DfE, Suspensions and permanent exclusions in England",academic year 2023/24,released
E09000009,suspension_rate,2024,by_ethnicity,Black,,525.0,6966.0,7.53661,,7.53661,100,,"DfE, Suspensions and permanent exclusions in England",academic year 2023/24,released
E09000009,suspension_rate,2024,by_ethnicity,Mixed,,335.0,5319.0,6.29818,,6.29818,100,,"DfE, Suspensions and permanent exclusions in England",academic year 2023/24,released
E09000009,suspension_rate,2024,overall,,,2240.0,54630.0,4.10031,,4.10031,100,,"DfE, Suspensions and permanent exclusions in England",academic year 2023/24,released
E09000009,suspension_rate,2024,by_ethnicity,Other,,445.0,9575.0,4.64752,,4.64752,100,,"DfE, Suspensions and permanent exclusions in England",academic year 2023/24,released
E09000009,suspension_rate,2024,by_ethnicity,White,,541.0,15230.0,3.5522,,3.5522,100,,"DfE, Suspensions and permanent exclusions in England",academic year 2023/24,released
E09000009,suspension_rate,2025,by_ethnicity,Asian,,260.0,16483.0,1.57738,,1.57738,100,,"DfE, Suspensions and permanent exclusions in England",academic year 2024/25,released
E09000009,suspension_rate,2025,by_ethnicity,Black,,539.0,6872.0,7.84342,,7.84342,100,,"DfE, Suspensions and permanent exclusions in England",academic year 2024/25,released
E09000009,suspension_rate,2025,by_ethnicity,Mixed,,343.0,5318.0,6.44979,,6.44979,100,,"DfE, Suspensions and permanent exclusions in England",academic year 2024/25,released
E09000009,suspension_rate,2025,overall,,,2127.0,54130.0,3.92943,,3.92943,100,,"DfE, Suspensions and permanent exclusions in England",academic year 2024/25,released
E09000009,suspension_rate,2025,by_ethnicity,Other,,504.0,9826.0,5.12925,,5.12925,100,,"DfE, Suspensions and permanent exclusions in England",academic year 2024/25,released
E09000009,suspension_rate,2025,by_ethnicity,White,,438.0,14793.0,2.96086,,2.96086,100,,"DfE, Suspensions and permanent exclusions in England",academic year 2024/25,released
E09000010,suspension_rate,2024,by_ethnicity,Asian,,70.0,4890.0,1.43149,,1.43149,100,,"DfE, Suspensions and permanent exclusions in England",academic year 2023/24,released
E09000010,suspension_rate,2024,by_ethnicity,Black,,865.0,11771.0,7.34857,,7.34857,100,,"DfE, Suspensions and permanent exclusions in England",academic year 2023/24,released
E09000010,suspension_rate,2024,by_ethnicity,Mixed,,415.0,6633.0,6.2566,,6.2566,100,,"DfE, Suspensions and permanent exclusions in England",academic year 2023/24,released
E09000010,suspension_rate,2024,overall,,,3169.0,55763.0,5.68298,,5.68298,100,,"DfE, Suspensions and permanent exclusions in England",academic year 2023/24,released
E09000010,suspension_rate,2024,by_ethnicity,Other,,165.0,3522.0,4.68484,,4.68484,100,,"DfE, Suspensions and permanent exclusions in England",academic year 2023/24,released
E09000010,suspension_rate,2024,by_ethnicity,White,,1491.0,26755.0,5.57279,,5.57279,100,,"DfE, Suspensions and permanent exclusions in England",academic year 2023/24,released
E09000010,suspension_rate,2025,by_ethnicity,Asian,,85.0,4961.0,1.71336,,1.71336,100,,"DfE, Suspensions and permanent exclusions in England",academic year 2024/25,released
E09000010,suspension_rate,2025,by_ethnicity,Black,,915.0,11557.0,7.91728,,7.91728,100,,"DfE, Suspensions and permanent exclusions in England",academic year 2024/25,released
E09000010,suspension_rate,2025,by_ethnicity,Mixed,,502.0,6707.0,7.48472,,7.48472,100,,"DfE, Suspensions and permanent exclusions in England",academic year 2024/25,released
E09000010,suspension_rate,2025,overall,,,3501.0,54795.0,6.38927,,6.38927,100,,"DfE, Suspensions and permanent exclusions in England",academic year 2024/25,released
E09000010,suspension_rate,2025,by_ethnicity,Other,,191.0,3593.0,5.31589,,5.31589,100,,"DfE, Suspensions and permanent exclusions in England",academic year 2024/25,released
E09000010,suspension_rate,2025,by_ethnicity,White,,1651.0,26061.0,6.33514,,6.33514,100,,"DfE, Suspensions and permanent exclusions in England",academic year 2024/25,released
E09000011,suspension_rate,2024,by_ethnicity,Asian,,64.0,4875.0,1.31282,,1.31282,100,,"DfE, Suspensions and permanent exclusions in England",academic year 2023/24,released
E09000011,suspension_rate,2024,by_ethnicity,Black,,926.0,12976.0,7.13625,,7.13625,100,,"DfE, Suspensions and permanent exclusions in England",academic year 2023/24,released
E09000011,suspension_rate,2024,by_ethnicity,Mixed,,471.0,5798.0,8.12349,,8.12349,100,,"DfE, Suspensions and permanent exclusions in England",academic year 2023/24,released
E09000011,suspension_rate,2024,overall,,,3045.0,44478.0,6.84608,,6.84608,100,,"DfE, Suspensions and permanent exclusions in England",academic year 2023/24,released
E09000011,suspension_rate,2024,by_ethnicity,Other,,63.0,1434.0,4.39331,,4.39331,100,,"DfE, Suspensions and permanent exclusions in England",academic year 2023/24,released
E09000011,suspension_rate,2024,by_ethnicity,White,,1419.0,18342.0,7.73634,,7.73634,100,,"DfE, Suspensions and permanent exclusions in England",academic year 2023/24,released
E09000011,suspension_rate,2025,by_ethnicity,Asian,,84.0,4897.0,1.71534,,1.71534,100,,"DfE, Suspensions and permanent exclusions in England",academic year 2024/25,released
E09000011,suspension_rate,2025,by_ethnicity,Black,,966.0,12645.0,7.63938,,7.63938,100,,"DfE, Suspensions and permanent exclusions in England",academic year 2024/25,released
E09000011,suspension_rate,2025,by_ethnicity,Mixed,,476.0,5888.0,8.08424,,8.08424,100,,"DfE, Suspensions and permanent exclusions in England",academic year 2024/25,released
E09000011,suspension_rate,2025,overall,,,3045.0,43557.0,6.99084,,6.99084,100,,"DfE, Suspensions and permanent exclusions in England",academic year 2024/25,released
E09000011,suspension_rate,2025,by_ethnicity,Other,,96.0,1438.0,6.67594,,6.67594,100,,"DfE, Suspensions and permanent exclusions in England",academic year 2024/25,released
E09000011,suspension_rate,2025,by_ethnicity,White,,1286.0,17707.0,7.26266,,7.26266,100,,"DfE, Suspensions and permanent exclusions in England",academic year 2024/25,released
E09000012,suspension_rate,2024,by_ethnicity,Asian,,218.0,3910.0,5.57545,,5.57545,100,,"DfE, Suspensions and permanent exclusions in England",academic year 2023/24,released
E09000012,suspension_rate,2024,by_ethnicity,Black,,1441.0,10342.0,13.93348,,13.93348,100,,"DfE, Suspensions and permanent exclusions in England",academic year 2023/24,released
E09000012,suspension_rate,2024,by_ethnicity,Mixed,,525.0,4281.0,12.26349,,12.26349,100,,"DfE, Suspensions and permanent exclusions in England",academic year 2023/24,released
E09000012,suspension_rate,2024,overall,,,3207.0,32946.0,9.73411,,9.73411,100,,"DfE, Suspensions and permanent exclusions in England",academic year 2023/24,released
E09000012,suspension_rate,2024,by_ethnicity,Other,,142.0,2136.0,6.64794,,6.64794,100,,"DfE, Suspensions and permanent exclusions in England",academic year 2023/24,released
E09000012,suspension_rate,2024,by_ethnicity,White,,830.0,11796.0,7.03628,,7.03628,100,,"DfE, Suspensions and permanent exclusions in England",academic year 2023/24,released
E09000012,suspension_rate,2025,by_ethnicity,Asian,,210.0,3714.0,5.65428,,5.65428,100,,"DfE, Suspensions and permanent exclusions in England",academic year 2024/25,released
E09000012,suspension_rate,2025,by_ethnicity,Black,,1273.0,9853.0,12.91992,,12.91992,100,,"DfE, Suspensions and permanent exclusions in England",academic year 2024/25,released
E09000012,suspension_rate,2025,by_ethnicity,Mixed,,520.0,4426.0,11.74876,,11.74876,100,,"DfE, Suspensions and permanent exclusions in England",academic year 2024/25,released
E09000012,suspension_rate,2025,overall,,,3047.0,32217.0,9.45774,,9.45774,100,,"DfE, Suspensions and permanent exclusions in England",academic year 2024/25,released
E09000012,suspension_rate,2025,by_ethnicity,Other,,145.0,2117.0,6.84932,,6.84932,100,,"DfE, Suspensions and permanent exclusions in England",academic year 2024/25,released
E09000012,suspension_rate,2025,by_ethnicity,White,,860.0,11620.0,7.40103,,7.40103,100,,"DfE, Suspensions and permanent exclusions in England",academic year 2024/25,released
E09000013,suspension_rate,2024,by_ethnicity,Asian,,51.0,1715.0,2.97376,,2.97376,100,,"DfE, Suspensions and permanent exclusions in England",academic year 2023/24,released
E09000013,suspension_rate,2024,by_ethnicity,Black,,423.0,3977.0,10.63616,,10.63616,100,,"DfE, Suspensions and permanent exclusions in England",academic year 2023/24,released
E09000013,suspension_rate,2024,by_ethnicity,Mixed,,259.0,2901.0,8.92796,,8.92796,100,,"DfE, Suspensions and permanent exclusions in England",academic year 2023/24,released
E09000013,suspension_rate,2024,overall,,,1397.0,19849.0,7.03814,,7.03814,100,,"DfE, Suspensions and permanent exclusions in England",academic year 2023/24,released
E09000013,suspension_rate,2024,by_ethnicity,Other,,157.0,2455.0,6.39511,,6.39511,100,,"DfE, Suspensions and permanent exclusions in England",academic year 2023/24,released
E09000013,suspension_rate,2024,by_ethnicity,White,,416.0,7903.0,5.26382,,5.26382,100,,"DfE, Suspensions and permanent exclusions in England",academic year 2023/24,released
E09000013,suspension_rate,2025,by_ethnicity,Asian,,52.0,1777.0,2.92628,,2.92628,100,,"DfE, Suspensions and permanent exclusions in England",academic year 2024/25,released
E09000013,suspension_rate,2025,by_ethnicity,Black,,365.0,3912.0,9.33027,,9.33027,100,,"DfE, Suspensions and permanent exclusions in England",academic year 2024/25,released
E09000013,suspension_rate,2025,by_ethnicity,Mixed,,226.0,2872.0,7.86908,,7.86908,100,,"DfE, Suspensions and permanent exclusions in England",academic year 2024/25,released
E09000013,suspension_rate,2025,overall,,,1225.0,19472.0,6.29108,,6.29108,100,,"DfE, Suspensions and permanent exclusions in England",academic year 2024/25,released
E09000013,suspension_rate,2025,by_ethnicity,Other,,128.0,2356.0,5.43294,,5.43294,100,,"DfE, Suspensions and permanent exclusions in England",academic year 2024/25,released
E09000013,suspension_rate,2025,by_ethnicity,White,,400.0,7742.0,5.16662,,5.16662,100,,"DfE, Suspensions and permanent exclusions in England",academic year 2024/25,released
E09000014,suspension_rate,2024,by_ethnicity,Asian,,59.0,2649.0,2.22726,,2.22726,100,,"DfE, Suspensions and permanent exclusions in England",academic year 2023/24,released
E09000014,suspension_rate,2024,by_ethnicity,Black,,767.0,7700.0,9.96104,,9.96104,100,,"DfE, Suspensions and permanent exclusions in England",academic year 2023/24,released
E09000014,suspension_rate,2024,by_ethnicity,Mixed,,367.0,5030.0,7.29622,,7.29622,100,,"DfE, Suspensions and permanent exclusions in England",academic year 2023/24,released
E09000014,suspension_rate,2024,overall,,,2445.0,37531.0,6.51461,,6.51461,100,,"DfE, Suspensions and permanent exclusions in England",academic year 2023/24,released
E09000014,suspension_rate,2024,by_ethnicity,Other,,228.0,3176.0,7.17884,,7.17884,100,,"DfE, Suspensions and permanent exclusions in England",academic year 2023/24,released
E09000014,suspension_rate,2024,by_ethnicity,White,,858.0,17316.0,4.95495,,4.95495,100,,"DfE, Suspensions and permanent exclusions in England",academic year 2023/24,released
E09000014,suspension_rate,2025,by_ethnicity,Asian,,37.0,2592.0,1.42747,,1.42747,100,,"DfE, Suspensions and permanent exclusions in England",academic year 2024/25,released
E09000014,suspension_rate,2025,by_ethnicity,Black,,734.0,7556.0,9.71413,,9.71413,100,,"DfE, Suspensions and permanent exclusions in England",academic year 2024/25,released
E09000014,suspension_rate,2025,by_ethnicity,Mixed,,291.0,5126.0,5.67694,,5.67694,100,,"DfE, Suspensions and permanent exclusions in England",academic year 2024/25,released
E09000014,suspension_rate,2025,overall,,,2076.0,36937.0,5.62038,,5.62038,100,,"DfE, Suspensions and permanent exclusions in England",academic year 2024/25,released
E09000014,suspension_rate,2025,by_ethnicity,Other,,184.0,3195.0,5.759,,5.759,100,,"DfE, Suspensions and permanent exclusions in England",academic year 2024/25,released
E09000014,suspension_rate,2025,by_ethnicity,White,,742.0,16996.0,4.36573,,4.36573,100,,"DfE, Suspensions and permanent exclusions in England",academic year 2024/25,released
E09000015,suspension_rate,2024,by_ethnicity,Asian,,335.0,20129.0,1.66427,,1.66427,100,,"DfE, Suspensions and permanent exclusions in England",academic year 2023/24,released
E09000015,suspension_rate,2024,by_ethnicity,Black,,221.0,3049.0,7.24828,,7.24828,100,,"DfE, Suspensions and permanent exclusions in England",academic year 2023/24,released
E09000015,suspension_rate,2024,by_ethnicity,Mixed,,156.0,3224.0,4.83871,,4.83871,100,,"DfE, Suspensions and permanent exclusions in England",academic year 2023/24,released
E09000015,suspension_rate,2024,overall,,,1270.0,39049.0,3.25232,,3.25232,100,,"DfE, Suspensions and permanent exclusions in England",academic year 2023/24,released
E09000015,suspension_rate,2024,by_ethnicity,Other,,129.0,2139.0,6.03086,,6.03086,100,,"DfE, Suspensions and permanent exclusions in England",academic year 2023/24,released
E09000015,suspension_rate,2024,by_ethnicity,White,,406.0,9894.0,4.1035,,4.1035,100,,"DfE, Suspensions and permanent exclusions in England",academic year 2023/24,released
E09000015,suspension_rate,2025,by_ethnicity,Asian,,371.0,20152.0,1.84101,,1.84101,100,,"DfE, Suspensions and permanent exclusions in England",academic year 2024/25,released
E09000015,suspension_rate,2025,by_ethnicity,Black,,232.0,2976.0,7.7957,,7.7957,100,,"DfE, Suspensions and permanent exclusions in England",academic year 2024/25,released
E09000015,suspension_rate,2025,by_ethnicity,Mixed,,137.0,3243.0,4.22448,,4.22448,100,,"DfE, Suspensions and permanent exclusions in England",academic year 2024/25,released
E09000015,suspension_rate,2025,overall,,,1354.0,38737.0,3.49537,,3.49537,100,,"DfE, Suspensions and permanent exclusions in England",academic year 2024/25,released
E09000015,suspension_rate,2025,by_ethnicity,Other,,148.0,2297.0,6.44319,,6.44319,100,,"DfE, Suspensions and permanent exclusions in England",academic year 2024/25,released
E09000015,suspension_rate,2025,by_ethnicity,White,,432.0,9496.0,4.54928,,4.54928,100,,"DfE, Suspensions and permanent exclusions in England",academic year 2024/25,released
E09000016,suspension_rate,2024,by_ethnicity,Asian,,73.0,6255.0,1.16707,,1.16707,100,,"DfE, Suspensions and permanent exclusions in England",academic year 2023/24,released
E09000016,suspension_rate,2024,by_ethnicity,Black,,175.0,4692.0,3.72975,,3.72975,100,,"DfE, Suspensions and permanent exclusions in England",academic year 2023/24,released
E09000016,suspension_rate,2024,by_ethnicity,Mixed,,311.0,3854.0,8.06954,,8.06954,100,,"DfE, Suspensions and permanent exclusions in England",academic year 2023/24,released
E09000016,suspension_rate,2024,overall,,,2139.0,43013.0,4.97292,,4.97292,100,,"DfE, Suspensions and permanent exclusions in England",academic year 2023/24,released
E09000016,suspension_rate,2024,by_ethnicity,Other,,15.0,553.0,2.71248,,2.71248,100,,"DfE, Suspensions and permanent exclusions in England",academic year 2023/24,released
E09000016,suspension_rate,2024,by_ethnicity,White,,1534.0,26986.0,5.68443,,5.68443,100,,"DfE, Suspensions and permanent exclusions in England",academic year 2023/24,released
E09000016,suspension_rate,2025,by_ethnicity,Asian,,61.0,6899.0,0.88419,,0.88419,100,,"DfE, Suspensions and permanent exclusions in England",academic year 2024/25,released
E09000016,suspension_rate,2025,by_ethnicity,Black,,147.0,4889.0,3.00675,,3.00675,100,,"DfE, Suspensions and permanent exclusions in England",academic year 2024/25,released
E09000016,suspension_rate,2025,by_ethnicity,Mixed,,242.0,3975.0,6.08805,,6.08805,100,,"DfE, Suspensions and permanent exclusions in England",academic year 2024/25,released
E09000016,suspension_rate,2025,overall,,,1903.0,43260.0,4.39898,,4.39898,100,,"DfE, Suspensions and permanent exclusions in England",academic year 2024/25,released
E09000016,suspension_rate,2025,by_ethnicity,Other,,19.0,603.0,3.15091,,3.15091,100,,"DfE, Suspensions and permanent exclusions in England",academic year 2024/25,released
E09000016,suspension_rate,2025,by_ethnicity,White,,1406.0,26228.0,5.36068,,5.36068,100,,"DfE, Suspensions and permanent exclusions in England",academic year 2024/25,released
E09000017,suspension_rate,2024,by_ethnicity,Asian,,268.0,17056.0,1.57129,,1.57129,100,,"DfE, Suspensions and permanent exclusions in England",academic year 2023/24,released
E09000017,suspension_rate,2024,by_ethnicity,Black,,374.0,5021.0,7.44872,,7.44872,100,,"DfE, Suspensions and permanent exclusions in England",academic year 2023/24,released
E09000017,suspension_rate,2024,by_ethnicity,Mixed,,321.0,7348.0,4.36854,,4.36854,100,,"DfE, Suspensions and permanent exclusions in England",academic year 2023/24,released
E09000017,suspension_rate,2024,overall,,,2604.0,53027.0,4.91071,,4.91071,100,,"DfE, Suspensions and permanent exclusions in England",academic year 2023/24,released
E09000017,suspension_rate,2024,by_ethnicity,Other,,188.0,4846.0,3.87949,,3.87949,100,,"DfE, Suspensions and permanent exclusions in England",academic year 2023/24,released
E09000017,suspension_rate,2024,by_ethnicity,White,,1369.0,17742.0,7.71615,,7.71615,100,,"DfE, Suspensions and permanent exclusions in England",academic year 2023/24,released
E09000017,suspension_rate,2025,by_ethnicity,Asian,,253.0,17198.0,1.4711,,1.4711,100,,"DfE, Suspensions and permanent exclusions in England",academic year 2024/25,released
E09000017,suspension_rate,2025,by_ethnicity,Black,,319.0,4990.0,6.39279,,6.39279,100,,"DfE, Suspensions and permanent exclusions in England",academic year 2024/25,released
E09000017,suspension_rate,2025,by_ethnicity,Mixed,,324.0,7414.0,4.37011,,4.37011,100,,"DfE, Suspensions and permanent exclusions in England",academic year 2024/25,released
E09000017,suspension_rate,2025,overall,,,2626.0,52582.0,4.9941,,4.9941,100,,"DfE, Suspensions and permanent exclusions in England",academic year 2024/25,released
E09000017,suspension_rate,2025,by_ethnicity,Other,,252.0,4969.0,5.07144,,5.07144,100,,"DfE, Suspensions and permanent exclusions in England",academic year 2024/25,released
E09000017,suspension_rate,2025,by_ethnicity,White,,1384.0,17018.0,8.13257,,8.13257,100,,"DfE, Suspensions and permanent exclusions in England",academic year 2024/25,released
E09000018,suspension_rate,2024,by_ethnicity,Asian,,387.0,17244.0,2.24426,,2.24426,100,,"DfE, Suspensions and permanent exclusions in England",academic year 2023/24,released
E09000018,suspension_rate,2024,by_ethnicity,Black,,378.0,4461.0,8.47344,,8.47344,100,,"DfE, Suspensions and permanent exclusions in England",academic year 2023/24,released
E09000018,suspension_rate,2024,by_ethnicity,Mixed,,393.0,4483.0,8.76645,,8.76645,100,,"DfE, Suspensions and permanent exclusions in England",academic year 2023/24,released
E09000018,suspension_rate,2024,overall,,,2495.0,45875.0,5.43869,,5.43869,100,,"DfE, Suspensions and permanent exclusions in England",academic year 2023/24,released
E09000018,suspension_rate,2024,by_ethnicity,Other,,307.0,5293.0,5.80011,,5.80011,100,,"DfE, Suspensions and permanent exclusions in England",academic year 2023/24,released
E09000018,suspension_rate,2024,by_ethnicity,White,,990.0,13236.0,7.4796,,7.4796,100,,"DfE, Suspensions and permanent exclusions in England",academic year 2023/24,released
E09000018,suspension_rate,2025,by_ethnicity,Asian,,332.0,17660.0,1.87995,,1.87995,100,,"DfE, Suspensions and permanent exclusions in England",academic year 2024/25,released
E09000018,suspension_rate,2025,by_ethnicity,Black,,425.0,4408.0,9.64156,,9.64156,100,,"DfE, Suspensions and permanent exclusions in England",academic year 2024/25,released
E09000018,suspension_rate,2025,by_ethnicity,Mixed,,452.0,4620.0,9.78355,,9.78355,100,,"DfE, Suspensions and permanent exclusions in England",academic year 2024/25,released
E09000018,suspension_rate,2025,overall,,,2597.0,45425.0,5.71712,,5.71712,100,,"DfE, Suspensions and permanent exclusions in England",academic year 2024/25,released
E09000018,suspension_rate,2025,by_ethnicity,Other,,330.0,5265.0,6.26781,,6.26781,100,,"DfE, Suspensions and permanent exclusions in England",academic year 2024/25,released
E09000018,suspension_rate,2025,by_ethnicity,White,,988.0,12639.0,7.81707,,7.81707,100,,"DfE, Suspensions and permanent exclusions in England",academic year 2024/25,released
E09000019,suspension_rate,2024,by_ethnicity,Asian,,46.0,2041.0,2.2538,,2.2538,100,,"DfE, Suspensions and permanent exclusions in England",academic year 2023/24,released
E09000019,suspension_rate,2024,by_ethnicity,Black,,603.0,5286.0,11.40749,,11.40749,100,,"DfE, Suspensions and permanent exclusions in England",academic year 2023/24,released
E09000019,suspension_rate,2024,by_ethnicity,Mixed,,488.0,4174.0,11.69142,,11.69142,100,,"DfE, Suspensions and permanent exclusions in England",academic year 2023/24,released
E09000019,suspension_rate,2024,overall,,,2147.0,23146.0,9.2759,,9.2759,100,,"DfE, Suspensions and permanent exclusions in England",academic year 2023/24,released
E09000019,suspension_rate,2024,by_ethnicity,Other,,120.0,1768.0,6.78733,,6.78733,100,,"DfE, Suspensions and permanent exclusions in England",academic year 2023/24,released
E09000019,suspension_rate,2024,by_ethnicity,White,,877.0,9537.0,9.19576,,9.19576,100,,"DfE, Suspensions and permanent exclusions in England",academic year 2023/24,released
E09000019,suspension_rate,2025,by_ethnicity,Asian,,54.0,1966.0,2.74669,,2.74669,100,,"DfE, Suspensions and permanent exclusions in England",academic year 2024/25,released
E09000019,suspension_rate,2025,by_ethnicity,Black,,598.0,5194.0,11.51328,,11.51328,100,,"DfE, Suspensions and permanent exclusions in England",academic year 2024/25,released
E09000019,suspension_rate,2025,by_ethnicity,Mixed,,664.0,4192.0,15.83969,,15.83969,100,,"DfE, Suspensions and permanent exclusions in England",academic year 2024/25,released
E09000019,suspension_rate,2025,overall,,,2506.0,22737.0,11.02168,,11.02168,100,,"DfE, Suspensions and permanent exclusions in England",academic year 2024/25,released
E09000019,suspension_rate,2025,by_ethnicity,Other,,129.0,1809.0,7.13101,,7.13101,100,,"DfE, Suspensions and permanent exclusions in England",academic year 2024/25,released
E09000019,suspension_rate,2025,by_ethnicity,White,,1027.0,9225.0,11.13279,,11.13279,100,,"DfE, Suspensions and permanent exclusions in England",academic year 2024/25,released
E09000020,suspension_rate,2024,by_ethnicity,Asian,,28.0,693.0,4.0404,,4.0404,100,,"DfE, Suspensions and permanent exclusions in England",academic year 2023/24,released
E09000020,suspension_rate,2024,by_ethnicity,Black,,412.0,2261.0,18.22203,,18.22203,100,,"DfE, Suspensions and permanent exclusions in England",academic year 2023/24,released
E09000020,suspension_rate,2024,by_ethnicity,Mixed,,326.0,2519.0,12.94164,,12.94164,100,,"DfE, Suspensions and permanent exclusions in England",academic year 2023/24,released
E09000020,suspension_rate,2024,overall,,,1441.0,12948.0,11.12913,,11.12913,100,,"DfE, Suspensions and permanent exclusions in England",academic year 2023/24,released
E09000020,suspension_rate,2024,by_ethnicity,Other,,181.0,1987.0,9.10921,,9.10921,100,,"DfE, Suspensions and permanent exclusions in England",academic year 2023/24,released
E09000020,suspension_rate,2024,by_ethnicity,White,,421.0,4905.0,8.58308,,8.58308,100,,"DfE, Suspensions and permanent exclusions in England",academic year 2023/24,released
E09000020,suspension_rate,2025,by_ethnicity,Asian,,19.0,717.0,2.64993,,2.64993,100,,"DfE, Suspensions and permanent exclusions in England",academic year 2024/25,released
E09000020,suspension_rate,2025,by_ethnicity,Black,,296.0,2218.0,13.34536,,13.34536,100,,"DfE, Suspensions and permanent exclusions in England",academic year 2024/25,released
E09000020,suspension_rate,2025,by_ethnicity,Mixed,,206.0,2440.0,8.44262,,8.44262,100,,"DfE, Suspensions and permanent exclusions in England",academic year 2024/25,released
E09000020,suspension_rate,2025,overall,,,1023.0,12797.0,7.99406,,7.99406,100,,"DfE, Suspensions and permanent exclusions in England",academic year 2024/25,released
E09000020,suspension_rate,2025,by_ethnicity,Other,,116.0,1950.0,5.94872,,5.94872,100,,"DfE, Suspensions and permanent exclusions in England",academic year 2024/25,released
E09000020,suspension_rate,2025,by_ethnicity,White,,324.0,4918.0,6.58804,,6.58804,100,,"DfE, Suspensions and permanent exclusions in England",academic year 2024/25,released
E09000021,suspension_rate,2024,by_ethnicity,Asian,,46.0,5857.0,0.78539,,0.78539,100,,"DfE, Suspensions and permanent exclusions in England",academic year 2023/24,released
E09000021,suspension_rate,2024,by_ethnicity,Black,,30.0,812.0,3.69458,,3.69458,100,,"DfE, Suspensions and permanent exclusions in England",academic year 2023/24,released
E09000021,suspension_rate,2024,by_ethnicity,Mixed,,100.0,3436.0,2.91036,,2.91036,100,,"DfE, Suspensions and permanent exclusions in England",academic year 2023/24,released
E09000021,suspension_rate,2024,overall,,,571.0,26857.0,2.12608,,2.12608,100,,"DfE, Suspensions and permanent exclusions in England",academic year 2023/24,released
E09000021,suspension_rate,2024,by_ethnicity,Other,,32.0,1603.0,1.99626,,1.99626,100,,"DfE, Suspensions and permanent exclusions in England",academic year 2023/24,released
E09000021,suspension_rate,2024,by_ethnicity,White,,329.0,14573.0,2.2576,,2.2576,100,,"DfE, Suspensions and permanent exclusions in England",academic year 2023/24,released
E09000021,suspension_rate,2025,by_ethnicity,Asian,,74.0,5768.0,1.28294,,1.28294,100,,"DfE, Suspensions and permanent exclusions in England",academic year 2024/25,released
E09000021,suspension_rate,2025,by_ethnicity,Black,,40.0,894.0,4.47427,,4.47427,100,,"DfE, Suspensions and permanent exclusions in England",academic year 2024/25,released
E09000021,suspension_rate,2025,by_ethnicity,Mixed,,134.0,3527.0,3.79926,,3.79926,100,,"DfE, Suspensions and permanent exclusions in England",academic year 2024/25,released
E09000021,suspension_rate,2025,overall,,,824.0,26556.0,3.10288,,3.10288,100,,"DfE, Suspensions and permanent exclusions in England",academic year 2024/25,released
E09000021,suspension_rate,2025,by_ethnicity,Other,,39.0,1581.0,2.46679,,2.46679,100,,"DfE, Suspensions and permanent exclusions in England",academic year 2024/25,released
E09000021,suspension_rate,2025,by_ethnicity,White,,502.0,14318.0,3.50608,,3.50608,100,,"DfE, Suspensions and permanent exclusions in England",academic year 2024/25,released
E09000022,suspension_rate,2024,by_ethnicity,Asian,,74.0,2135.0,3.46604,,3.46604,100,,"DfE, Suspensions and permanent exclusions in England",academic year 2023/24,released
E09000022,suspension_rate,2024,by_ethnicity,Black,,1225.0,13390.0,9.14862,,9.14862,100,,"DfE, Suspensions and permanent exclusions in England",academic year 2023/24,released
E09000022,suspension_rate,2024,by_ethnicity,Mixed,,421.0,5622.0,7.48844,,7.48844,100,,"DfE, Suspensions and permanent exclusions in England",academic year 2023/24,released
E09000022,suspension_rate,2024,overall,,,2143.0,35289.0,6.07271,,6.07271,100,,"DfE, Suspensions and permanent exclusions in England",academic year 2023/24,released
E09000022,suspension_rate,2024,by_ethnicity,Other,,90.0,2183.0,4.12277,,4.12277,100,,"DfE, Suspensions and permanent exclusions in England",academic year 2023/24,released
E09000022,suspension_rate,2024,by_ethnicity,White,,261.0,10823.0,2.41153,,2.41153,100,,"DfE, Suspensions and permanent exclusions in England",academic year 2023/24,released
E09000022,suspension_rate,2025,by_ethnicity,Asian,,66.0,2197.0,3.0041,,3.0041,100,,"DfE, Suspensions and permanent exclusions in England",academic year 2024/25,released
E09000022,suspension_rate,2025,by_ethnicity,Black,,978.0,12879.0,7.59376,,7.59376,100,,"DfE, Suspensions and permanent exclusions in England",academic year 2024/25,released
E09000022,suspension_rate,2025,by_ethnicity,Mixed,,427.0,5683.0,7.51364,,7.51364,100,,"DfE, Suspensions and permanent exclusions in England",academic year 2024/25,released
E09000022,suspension_rate,2025,overall,,,1952.0,34527.0,5.65355,,5.65355,100,,"DfE, Suspensions and permanent exclusions in England",academic year 2024/25,released
E09000022,suspension_rate,2025,by_ethnicity,Other,,116.0,2162.0,5.3654,,5.3654,100,,"DfE, Suspensions and permanent exclusions in England",academic year 2024/25,released
E09000022,suspension_rate,2025,by_ethnicity,White,,296.0,10490.0,2.82173,,2.82173,100,,"DfE, Suspensions and permanent exclusions in England",academic year 2024/25,released
E09000023,suspension_rate,2024,by_ethnicity,Asian,,53.0,2767.0,1.91543,,1.91543,100,,"DfE, Suspensions and permanent exclusions in England",academic year 2023/24,released
E09000023,suspension_rate,2024,by_ethnicity,Black,,974.0,11617.0,8.38426,,8.38426,100,,"DfE, Suspensions and permanent exclusions in England",academic year 2023/24,released
E09000023,suspension_rate,2024,by_ethnicity,Mixed,,487.0,6694.0,7.27517,,7.27517,100,,"DfE, Suspensions and permanent exclusions in England",academic year 2023/24,released
E09000023,suspension_rate,2024,overall,,,2209.0,37622.0,5.87156,,5.87156,100,,"DfE, Suspensions and permanent exclusions in England",academic year 2023/24,released
E09000023,suspension_rate,2024,by_ethnicity,Other,,90.0,1570.0,5.73248,,5.73248,100,,"DfE, Suspensions and permanent exclusions in England",academic year 2023/24,released
E09000023,suspension_rate,2024,by_ethnicity,White,,493.0,13428.0,3.67143,,3.67143,100,,"DfE, Suspensions and permanent exclusions in England",academic year 2023/24,released
E09000023,suspension_rate,2025,by_ethnicity,Asian,,50.0,2695.0,1.85529,,1.85529,100,,"DfE, Suspensions and permanent exclusions in England",academic year 2024/25,released
E09000023,suspension_rate,2025,by_ethnicity,Black,,817.0,11488.0,7.11177,,7.11177,100,,"DfE, Suspensions and permanent exclusions in England",academic year 2024/25,released
E09000023,suspension_rate,2025,by_ethnicity,Mixed,,390.0,6791.0,5.7429,,5.7429,100,,"DfE, Suspensions and permanent exclusions in England",academic year 2024/25,released
E09000023,suspension_rate,2025,overall,,,1862.0,37428.0,4.97489,,4.97489,100,,"DfE, Suspensions and permanent exclusions in England",academic year 2024/25,released
E09000023,suspension_rate,2025,by_ethnicity,Other,,54.0,1636.0,3.30073,,3.30073,100,,"DfE, Suspensions and permanent exclusions in England",academic year 2024/25,released
E09000023,suspension_rate,2025,by_ethnicity,White,,465.0,13388.0,3.47326,,3.47326,100,,"DfE, Suspensions and permanent exclusions in England",academic year 2024/25,released
E09000024,suspension_rate,2024,by_ethnicity,Asian,,62.0,6027.0,1.0287,,1.0287,100,,"DfE, Suspensions and permanent exclusions in England",academic year 2023/24,released
E09000024,suspension_rate,2024,by_ethnicity,Black,,209.0,3483.0,6.00057,,6.00057,100,,"DfE, Suspensions and permanent exclusions in England",academic year 2023/24,released
E09000024,suspension_rate,2024,by_ethnicity,Mixed,,165.0,3610.0,4.57064,,4.57064,100,,"DfE, Suspensions and permanent exclusions in England",academic year 2023/24,released
E09000024,suspension_rate,2024,overall,,,894.0,27827.0,3.21271,,3.21271,100,,"DfE, Suspensions and permanent exclusions in England",academic year 2023/24,released
E09000024,suspension_rate,2024,by_ethnicity,Other,,31.0,946.0,3.27696,,3.27696,100,,"DfE, Suspensions and permanent exclusions in England",academic year 2023/24,released
E09000024,suspension_rate,2024,by_ethnicity,White,,410.0,13282.0,3.08688,,3.08688,100,,"DfE, Suspensions and permanent exclusions in England",academic year 2023/24,released
E09000024,suspension_rate,2025,by_ethnicity,Asian,,55.0,6005.0,0.9159,,0.9159,100,,"DfE, Suspensions and permanent exclusions in England",academic year 2024/25,released
E09000024,suspension_rate,2025,by_ethnicity,Black,,162.0,3460.0,4.68208,,4.68208,100,,"DfE, Suspensions and permanent exclusions in England",academic year 2024/25,released
E09000024,suspension_rate,2025,by_ethnicity,Mixed,,133.0,3675.0,3.61905,,3.61905,100,,"DfE, Suspensions and permanent exclusions in England",academic year 2024/25,released
E09000024,suspension_rate,2025,overall,,,719.0,27566.0,2.60829,,2.60829,100,,"DfE, Suspensions and permanent exclusions in England",academic year 2024/25,released
E09000024,suspension_rate,2025,by_ethnicity,Other,,24.0,976.0,2.45902,,2.45902,100,,"DfE, Suspensions and permanent exclusions in England",academic year 2024/25,released
E09000024,suspension_rate,2025,by_ethnicity,White,,338.0,13049.0,2.59024,,2.59024,100,,"DfE, Suspensions and permanent exclusions in England",academic year 2024/25,released
E09000025,suspension_rate,2024,by_ethnicity,Asian,,724.0,31727.0,2.28197,,2.28197,100,,"DfE, Suspensions and permanent exclusions in England",academic year 2023/24,released
E09000025,suspension_rate,2024,by_ethnicity,Black,,1044.0,11350.0,9.19824,,9.19824,100,,"DfE, Suspensions and permanent exclusions in England",academic year 2023/24,released
E09000025,suspension_rate,2024,by_ethnicity,Mixed,,475.0,5018.0,9.46592,,9.46592,100,,"DfE, Suspensions and permanent exclusions in England",academic year 2023/24,released
E09000025,suspension_rate,2024,overall,,,3394.0,63114.0,5.37757,,5.37757,100,,"DfE, Suspensions and permanent exclusions in England",academic year 2023/24,released
E09000025,suspension_rate,2024,by_ethnicity,Other,,138.0,3235.0,4.26584,,4.26584,100,,"DfE, Suspensions and permanent exclusions in England",academic year 2023/24,released
E09000025,suspension_rate,2024,by_ethnicity,White,,913.0,10992.0,8.30604,,8.30604,100,,"DfE, Suspensions and permanent exclusions in England",academic year 2023/24,released
E09000025,suspension_rate,2025,by_ethnicity,Asian,,557.0,31514.0,1.76747,,1.76747,100,,"DfE, Suspensions and permanent exclusions in England",academic year 2024/25,released
E09000025,suspension_rate,2025,by_ethnicity,Black,,726.0,10808.0,6.71725,,6.71725,100,,"DfE, Suspensions and permanent exclusions in England",academic year 2024/25,released
E09000025,suspension_rate,2025,by_ethnicity,Mixed,,383.0,5102.0,7.50686,,7.50686,100,,"DfE, Suspensions and permanent exclusions in England",academic year 2024/25,released
E09000025,suspension_rate,2025,overall,,,2451.0,61848.0,3.96294,,3.96294,100,,"DfE, Suspensions and permanent exclusions in England",academic year 2024/25,released
E09000025,suspension_rate,2025,by_ethnicity,Other,,120.0,3143.0,3.81801,,3.81801,100,,"DfE, Suspensions and permanent exclusions in England",academic year 2024/25,released
E09000025,suspension_rate,2025,by_ethnicity,White,,631.0,10581.0,5.96352,,5.96352,100,,"DfE, Suspensions and permanent exclusions in England",academic year 2024/25,released
E09000026,suspension_rate,2024,by_ethnicity,Asian,,990.0,33627.0,2.94406,,2.94406,100,,"DfE, Suspensions and permanent exclusions in England",academic year 2023/24,released
E09000026,suspension_rate,2024,by_ethnicity,Black,,424.0,4936.0,8.58995,,8.58995,100,,"DfE, Suspensions and permanent exclusions in England",academic year 2023/24,released
E09000026,suspension_rate,2024,by_ethnicity,Mixed,,289.0,4769.0,6.05997,,6.05997,100,,"DfE, Suspensions and permanent exclusions in England",academic year 2023/24,released
E09000026,suspension_rate,2024,overall,,,2403.0,58389.0,4.1155,,4.1155,100,,"DfE, Suspensions and permanent exclusions in England",academic year 2023/24,released
E09000026,suspension_rate,2024,by_ethnicity,Other,,51.0,1047.0,4.87106,,4.87106,100,,"DfE, Suspensions and permanent exclusions in England",academic year 2023/24,released
E09000026,suspension_rate,2024,by_ethnicity,White,,615.0,13022.0,4.72278,,4.72278,100,,"DfE, Suspensions and permanent exclusions in England",academic year 2023/24,released
E09000026,suspension_rate,2025,by_ethnicity,Asian,,897.0,33245.0,2.69815,,2.69815,100,,"DfE, Suspensions and permanent exclusions in England",academic year 2024/25,released
E09000026,suspension_rate,2025,by_ethnicity,Black,,345.0,4773.0,7.22816,,7.22816,100,,"DfE, Suspensions and permanent exclusions in England",academic year 2024/25,released
E09000026,suspension_rate,2025,by_ethnicity,Mixed,,252.0,4780.0,5.27197,,5.27197,100,,"DfE, Suspensions and permanent exclusions in England",academic year 2024/25,released
E09000026,suspension_rate,2025,overall,,,2101.0,57559.0,3.65017,,3.65017,100,,"DfE, Suspensions and permanent exclusions in England",academic year 2024/25,released
E09000026,suspension_rate,2025,by_ethnicity,Other,,73.0,1091.0,6.69111,,6.69111,100,,"DfE, Suspensions and permanent exclusions in England",academic year 2024/25,released
E09000026,suspension_rate,2025,by_ethnicity,White,,495.0,12713.0,3.89365,,3.89365,100,,"DfE, Suspensions and permanent exclusions in England",academic year 2024/25,released
E09000027,suspension_rate,2024,by_ethnicity,Asian,,51.0,3393.0,1.50309,,1.50309,100,,"DfE, Suspensions and permanent exclusions in England",academic year 2023/24,released
E09000027,suspension_rate,2024,by_ethnicity,Black,,63.0,783.0,8.04598,,8.04598,100,,"DfE, Suspensions and permanent exclusions in England",academic year 2023/24,released
E09000027,suspension_rate,2024,by_ethnicity,Mixed,,142.0,3616.0,3.92699,,3.92699,100,,"DfE, Suspensions and permanent exclusions in England",academic year 2023/24,released
E09000027,suspension_rate,2024,overall,,,947.0,28915.0,3.27512,,3.27512,100,,"DfE, Suspensions and permanent exclusions in England",academic year 2023/24,released
E09000027,suspension_rate,2024,by_ethnicity,Other,,38.0,999.0,3.8038,,3.8038,100,,"DfE, Suspensions and permanent exclusions in England",academic year 2023/24,released
E09000027,suspension_rate,2024,by_ethnicity,White,,606.0,19311.0,3.13811,,3.13811,100,,"DfE, Suspensions and permanent exclusions in England",academic year 2023/24,released
E09000027,suspension_rate,2025,by_ethnicity,Asian,,32.0,3489.0,0.91717,,0.91717,100,,"DfE, Suspensions and permanent exclusions in England",academic year 2024/25,released
E09000027,suspension_rate,2025,by_ethnicity,Black,,47.0,765.0,6.14379,,6.14379,100,,"DfE, Suspensions and permanent exclusions in England",academic year 2024/25,released
E09000027,suspension_rate,2025,by_ethnicity,Mixed,,116.0,3726.0,3.11326,,3.11326,100,,"DfE, Suspensions and permanent exclusions in England",academic year 2024/25,released
E09000027,suspension_rate,2025,overall,,,696.0,28862.0,2.41148,,2.41148,100,,"DfE, Suspensions and permanent exclusions in England",academic year 2024/25,released
E09000027,suspension_rate,2025,by_ethnicity,Other,,21.0,1005.0,2.08955,,2.08955,100,,"DfE, Suspensions and permanent exclusions in England",academic year 2024/25,released
E09000027,suspension_rate,2025,by_ethnicity,White,,427.0,19230.0,2.22049,,2.22049,100,,"DfE, Suspensions and permanent exclusions in England",academic year 2024/25,released
E09000028,suspension_rate,2024,by_ethnicity,Asian,,86.0,2920.0,2.94521,,2.94521,100,,"DfE, Suspensions and permanent exclusions in England",academic year 2023/24,released
E09000028,suspension_rate,2024,by_ethnicity,Black,,1321.0,15769.0,8.3772,,8.3772,100,,"DfE, Suspensions and permanent exclusions in England",academic year 2023/24,released
E09000028,suspension_rate,2024,by_ethnicity,Mixed,,483.0,5860.0,8.24232,,8.24232,100,,"DfE, Suspensions and permanent exclusions in England",academic year 2023/24,released
E09000028,suspension_rate,2024,overall,,,2693.0,41780.0,6.44567,,6.44567,100,,"DfE, Suspensions and permanent exclusions in England",academic year 2023/24,released
E09000028,suspension_rate,2024,by_ethnicity,Other,,134.0,3187.0,4.20458,,4.20458,100,,"DfE, Suspensions and permanent exclusions in England",academic year 2023/24,released
E09000028,suspension_rate,2024,by_ethnicity,White,,533.0,12235.0,4.35635,,4.35635,100,,"DfE, Suspensions and permanent exclusions in England",academic year 2023/24,released
E09000028,suspension_rate,2025,by_ethnicity,Asian,,75.0,2867.0,2.61597,,2.61597,100,,"DfE, Suspensions and permanent exclusions in England",academic year 2024/25,released
E09000028,suspension_rate,2025,by_ethnicity,Black,,1323.0,15285.0,8.65554,,8.65554,100,,"DfE, Suspensions and permanent exclusions in England",academic year 2024/25,released
E09000028,suspension_rate,2025,by_ethnicity,Mixed,,487.0,5925.0,8.21941,,8.21941,100,,"DfE, Suspensions and permanent exclusions in England",academic year 2024/25,released
E09000028,suspension_rate,2025,overall,,,2589.0,40938.0,6.3242,,6.3242,100,,"DfE, Suspensions and permanent exclusions in England",academic year 2024/25,released
E09000028,suspension_rate,2025,by_ethnicity,Other,,106.0,3132.0,3.38442,,3.38442,100,,"DfE, Suspensions and permanent exclusions in England",academic year 2024/25,released
E09000028,suspension_rate,2025,by_ethnicity,White,,524.0,12173.0,4.30461,,4.30461,100,,"DfE, Suspensions and permanent exclusions in England",academic year 2024/25,released
E09000029,suspension_rate,2024,by_ethnicity,Asian,,202.0,12466.0,1.62041,,1.62041,100,,"DfE, Suspensions and permanent exclusions in England",academic year 2023/24,released
E09000029,suspension_rate,2024,by_ethnicity,Black,,308.0,3245.0,9.49153,,9.49153,100,,"DfE, Suspensions and permanent exclusions in England",academic year 2023/24,released
E09000029,suspension_rate,2024,by_ethnicity,Mixed,,274.0,4421.0,6.19769,,6.19769,100,,"DfE, Suspensions and permanent exclusions in England",academic year 2023/24,released
E09000029,suspension_rate,2024,overall,,,2336.0,41083.0,5.68605,,5.68605,100,,"DfE, Suspensions and permanent exclusions in England",academic year 2023/24,released
E09000029,suspension_rate,2024,by_ethnicity,Other,,39.0,977.0,3.99181,,3.99181,100,,"DfE, Suspensions and permanent exclusions in England",academic year 2023/24,released
E09000029,suspension_rate,2024,by_ethnicity,White,,1474.0,19285.0,7.64325,,7.64325,100,,"DfE, Suspensions and permanent exclusions in England",academic year 2023/24,released
E09000029,suspension_rate,2025,by_ethnicity,Asian,,169.0,12878.0,1.31232,,1.31232,100,,"DfE, Suspensions and permanent exclusions in England",academic year 2024/25,released
E09000029,suspension_rate,2025,by_ethnicity,Black,,226.0,3291.0,6.86721,,6.86721,100,,"DfE, Suspensions and permanent exclusions in England",academic year 2024/25,released
E09000029,suspension_rate,2025,by_ethnicity,Mixed,,260.0,4487.0,5.79452,,5.79452,100,,"DfE, Suspensions and permanent exclusions in England",academic year 2024/25,released
E09000029,suspension_rate,2025,overall,,,1969.0,40942.0,4.80924,,4.80924,100,,"DfE, Suspensions and permanent exclusions in England",academic year 2024/25,released
E09000029,suspension_rate,2025,by_ethnicity,Other,,33.0,985.0,3.35025,,3.35025,100,,"DfE, Suspensions and permanent exclusions in England",academic year 2024/25,released
E09000029,suspension_rate,2025,by_ethnicity,White,,1247.0,18611.0,6.70034,,6.70034,100,,"DfE, Suspensions and permanent exclusions in England",academic year 2024/25,released
E09000030,suspension_rate,2024,by_ethnicity,Asian,,508.0,29956.0,1.69582,,1.69582,100,,"DfE, Suspensions and permanent exclusions in England",academic year 2023/24,released
E09000030,suspension_rate,2024,by_ethnicity,Black,,287.0,4225.0,6.7929,,6.7929,100,,"DfE, Suspensions and permanent exclusions in England",academic year 2023/24,released
E09000030,suspension_rate,2024,by_ethnicity,Mixed,,250.0,3653.0,6.84369,,6.84369,100,,"DfE, Suspensions and permanent exclusions in England",academic year 2023/24,released
E09000030,suspension_rate,2024,overall,,,1566.0,45261.0,3.45993,,3.45993,100,,"DfE, Suspensions and permanent exclusions in England",academic year 2023/24,released
E09000030,suspension_rate,2024,by_ethnicity,Other,,47.0,1357.0,3.46352,,3.46352,100,,"DfE, Suspensions and permanent exclusions in England",academic year 2023/24,released
E09000030,suspension_rate,2024,by_ethnicity,White,,452.0,5716.0,7.90763,,7.90763,100,,"DfE, Suspensions and permanent exclusions in England",academic year 2023/24,released
E09000030,suspension_rate,2025,by_ethnicity,Asian,,598.0,29554.0,2.02341,,2.02341,100,,"DfE, Suspensions and permanent exclusions in England",academic year 2024/25,released
E09000030,suspension_rate,2025,by_ethnicity,Black,,217.0,4014.0,5.40608,,5.40608,100,,"DfE, Suspensions and permanent exclusions in England",academic year 2024/25,released
E09000030,suspension_rate,2025,by_ethnicity,Mixed,,207.0,3657.0,5.66038,,5.66038,100,,"DfE, Suspensions and permanent exclusions in England",academic year 2024/25,released
E09000030,suspension_rate,2025,overall,,,1490.0,44310.0,3.36267,,3.36267,100,,"DfE, Suspensions and permanent exclusions in England",academic year 2024/25,released
E09000030,suspension_rate,2025,by_ethnicity,Other,,59.0,1319.0,4.47309,,4.47309,100,,"DfE, Suspensions and permanent exclusions in England",academic year 2024/25,released
E09000030,suspension_rate,2025,by_ethnicity,White,,395.0,5371.0,7.35431,,7.35431,100,,"DfE, Suspensions and permanent exclusions in England",academic year 2024/25,released
E09000031,suspension_rate,2024,by_ethnicity,Asian,,331.0,10299.0,3.2139,,3.2139,100,,"DfE, Suspensions and permanent exclusions in England",academic year 2023/24,released
E09000031,suspension_rate,2024,by_ethnicity,Black,,620.0,6636.0,9.34298,,9.34298,100,,"DfE, Suspensions and permanent exclusions in England",academic year 2023/24,released
E09000031,suspension_rate,2024,by_ethnicity,Mixed,,472.0,5612.0,8.41055,,8.41055,100,,"DfE, Suspensions and permanent exclusions in England",academic year 2023/24,released
E09000031,suspension_rate,2024,overall,,,2231.0,42142.0,5.29401,,5.29401,100,,"DfE, Suspensions and permanent exclusions in England",academic year 2023/24,released
E09000031,suspension_rate,2024,by_ethnicity,Other,,99.0,1644.0,6.0219,,6.0219,100,,"DfE, Suspensions and permanent exclusions in England",academic year 2023/24,released
E09000031,suspension_rate,2024,by_ethnicity,White,,693.0,17381.0,3.98711,,3.98711,100,,"DfE, Suspensions and permanent exclusions in England",academic year 2023/24,released
E09000031,suspension_rate,2025,by_ethnicity,Asian,,347.0,9935.0,3.4927,,3.4927,100,,"DfE, Suspensions and permanent exclusions in England",academic year 2024/25,released
E09000031,suspension_rate,2025,by_ethnicity,Black,,529.0,6366.0,8.30977,,8.30977,100,,"DfE, Suspensions and permanent exclusions in England",academic year 2024/25,released
E09000031,suspension_rate,2025,by_ethnicity,Mixed,,387.0,5608.0,6.90086,,6.90086,100,,"DfE, Suspensions and permanent exclusions in England",academic year 2024/25,released
E09000031,suspension_rate,2025,overall,,,2152.0,41529.0,5.18192,,5.18192,100,,"DfE, Suspensions and permanent exclusions in England",academic year 2024/25,released
E09000031,suspension_rate,2025,by_ethnicity,Other,,86.0,1744.0,4.93119,,4.93119,100,,"DfE, Suspensions and permanent exclusions in England",academic year 2024/25,released
E09000031,suspension_rate,2025,by_ethnicity,White,,785.0,17124.0,4.58421,,4.58421,100,,"DfE, Suspensions and permanent exclusions in England",academic year 2024/25,released
E09000032,suspension_rate,2024,by_ethnicity,Asian,,131.0,5737.0,2.28342,,2.28342,100,,"DfE, Suspensions and permanent exclusions in England",academic year 2023/24,released
E09000032,suspension_rate,2024,by_ethnicity,Black,,463.0,6082.0,7.61263,,7.61263,100,,"DfE, Suspensions and permanent exclusions in England",academic year 2023/24,released
E09000032,suspension_rate,2024,by_ethnicity,Mixed,,301.0,4892.0,6.1529,,6.1529,100,,"DfE, Suspensions and permanent exclusions in England",academic year 2023/24,released
E09000032,suspension_rate,2024,overall,,,1389.0,32444.0,4.28122,,4.28122,100,,"DfE, Suspensions and permanent exclusions in England",academic year 2023/24,released
E09000032,suspension_rate,2024,by_ethnicity,Other,,63.0,1695.0,3.71681,,3.71681,100,,"DfE, Suspensions and permanent exclusions in England",academic year 2023/24,released
E09000032,suspension_rate,2024,by_ethnicity,White,,381.0,13249.0,2.87569,,2.87569,100,,"DfE, Suspensions and permanent exclusions in England",academic year 2023/24,released
E09000032,suspension_rate,2025,by_ethnicity,Asian,,93.0,5522.0,1.68417,,1.68417,100,,"DfE, Suspensions and permanent exclusions in England",academic year 2024/25,released
E09000032,suspension_rate,2025,by_ethnicity,Black,,365.0,5855.0,6.23399,,6.23399,100,,"DfE, Suspensions and permanent exclusions in England",academic year 2024/25,released
E09000032,suspension_rate,2025,by_ethnicity,Mixed,,240.0,4967.0,4.83189,,4.83189,100,,"DfE, Suspensions and permanent exclusions in England",academic year 2024/25,released
E09000032,suspension_rate,2025,overall,,,1095.0,31698.0,3.45448,,3.45448,100,,"DfE, Suspensions and permanent exclusions in England",academic year 2024/25,released
E09000032,suspension_rate,2025,by_ethnicity,Other,,40.0,1629.0,2.45549,,2.45549,100,,"DfE, Suspensions and permanent exclusions in England",academic year 2024/25,released
E09000032,suspension_rate,2025,by_ethnicity,White,,322.0,12992.0,2.47845,,2.47845,100,,"DfE, Suspensions and permanent exclusions in England",academic year 2024/25,released
E09000033,suspension_rate,2024,by_ethnicity,Asian,,150.0,3160.0,4.74684,,4.74684,100,,"DfE, Suspensions and permanent exclusions in England",academic year 2023/24,released
E09000033,suspension_rate,2024,by_ethnicity,Black,,516.0,4071.0,12.67502,,12.67502,100,,"DfE, Suspensions and permanent exclusions in England",academic year 2023/24,released
E09000033,suspension_rate,2024,by_ethnicity,Mixed,,253.0,2577.0,9.81762,,9.81762,100,,"DfE, Suspensions and permanent exclusions in England",academic year 2023/24,released
E09000033,suspension_rate,2024,overall,,,1910.0,20826.0,9.17123,,9.17123,100,,"DfE, Suspensions and permanent exclusions in England",academic year 2023/24,released
E09000033,suspension_rate,2024,by_ethnicity,Other,,647.0,5270.0,12.27704,,12.27704,100,,"DfE, Suspensions and permanent exclusions in England",academic year 2023/24,released
E09000033,suspension_rate,2024,by_ethnicity,White,,252.0,5243.0,4.80641,,4.80641,100,,"DfE, Suspensions and permanent exclusions in England",academic year 2023/24,released
E09000033,suspension_rate,2025,by_ethnicity,Asian,,135.0,3117.0,4.33109,,4.33109,100,,"DfE, Suspensions and permanent exclusions in England",academic year 2024/25,released
E09000033,suspension_rate,2025,by_ethnicity,Black,,446.0,4059.0,10.98793,,10.98793,100,,"DfE, Suspensions and permanent exclusions in England",academic year 2024/25,released
E09000033,suspension_rate,2025,by_ethnicity,Mixed,,224.0,2610.0,8.58238,,8.58238,100,,"DfE, Suspensions and permanent exclusions in England",academic year 2024/25,released
E09000033,suspension_rate,2025,overall,,,1640.0,20537.0,7.98559,,7.98559,100,,"DfE, Suspensions and permanent exclusions in England",academic year 2024/25,released
E09000033,suspension_rate,2025,by_ethnicity,Other,,534.0,5145.0,10.37901,,10.37901,100,,"DfE, Suspensions and permanent exclusions in England",academic year 2024/25,released
E09000033,suspension_rate,2025,by_ethnicity,White,,241.0,5180.0,4.65251,,4.65251,100,,"DfE, Suspensions and permanent exclusions in England",academic year 2024/25,released
E10000003,suspension_rate,2024,by_ethnicity,Asian,,109.0,6086.0,1.791,,1.791,100,,"DfE, Suspensions and permanent exclusions in England",academic year 2023/24,released
E10000003,suspension_rate,2024,by_ethnicity,Black,,120.0,2023.0,5.93178,,5.93178,100,,"DfE, Suspensions and permanent exclusions in England",academic year 2023/24,released
E10000003,suspension_rate,2024,by_ethnicity,Mixed,,606.0,6431.0,9.42311,,9.42311,100,,"DfE, Suspensions and permanent exclusions in England",academic year 2023/24,released
E10000003,suspension_rate,2024,overall,,,8371.0,91396.0,9.15904,,9.15904,100,,"DfE, Suspensions and permanent exclusions in England",academic year 2023/24,released
E10000003,suspension_rate,2024,by_ethnicity,Other,,26.0,1216.0,2.13816,,2.13816,100,,"DfE, Suspensions and permanent exclusions in England",academic year 2023/24,released
E10000003,suspension_rate,2024,by_ethnicity,White,,7300.0,73606.0,9.91767,,9.91767,100,,"DfE, Suspensions and permanent exclusions in England",academic year 2023/24,released
E10000003,suspension_rate,2025,by_ethnicity,Asian,,90.0,6539.0,1.37636,,1.37636,100,,"DfE, Suspensions and permanent exclusions in England",academic year 2024/25,released
E10000003,suspension_rate,2025,by_ethnicity,Black,,122.0,2548.0,4.78807,,4.78807,100,,"DfE, Suspensions and permanent exclusions in England",academic year 2024/25,released
E10000003,suspension_rate,2025,by_ethnicity,Mixed,,488.0,6726.0,7.25543,,7.25543,100,,"DfE, Suspensions and permanent exclusions in England",academic year 2024/25,released
E10000003,suspension_rate,2025,overall,,,7854.0,91505.0,8.58314,,8.58314,100,,"DfE, Suspensions and permanent exclusions in England",academic year 2024/25,released
E10000003,suspension_rate,2025,by_ethnicity,Other,,49.0,1345.0,3.64312,,3.64312,100,,"DfE, Suspensions and permanent exclusions in England",academic year 2024/25,released
E10000003,suspension_rate,2025,by_ethnicity,White,,6978.0,72408.0,9.63706,,9.63706,100,,"DfE, Suspensions and permanent exclusions in England",academic year 2024/25,released
E10000007,suspension_rate,2024,by_ethnicity,Asian,,38.0,2349.0,1.61771,,1.61771,100,,"DfE, Suspensions and permanent exclusions in England",academic year 2023/24,released
E10000007,suspension_rate,2024,by_ethnicity,Black,,72.0,1184.0,6.08108,,6.08108,100,,"DfE, Suspensions and permanent exclusions in England",academic year 2023/24,released
E10000007,suspension_rate,2024,by_ethnicity,Mixed,,553.0,3945.0,14.01774,,14.01774,100,,"DfE, Suspensions and permanent exclusions in England",academic year 2023/24,released
E10000007,suspension_rate,2024,overall,,,15142.0,108133.0,14.00313,,14.00313,100,,"DfE, Suspensions and permanent exclusions in England",academic year 2023/24,released
E10000007,suspension_rate,2024,by_ethnicity,Other,,54.0,399.0,13.53383,,13.53383,100,,"DfE, Suspensions and permanent exclusions in England",academic year 2023/24,released
E10000007,suspension_rate,2024,by_ethnicity,White,,14096.0,98996.0,14.23896,,14.23896,100,,"DfE, Suspensions and permanent exclusions in England",academic year 2023/24,released
E10000007,suspension_rate,2025,by_ethnicity,Asian,,45.0,2621.0,1.7169,,1.7169,100,,"DfE, Suspensions and permanent exclusions in England",academic year 2024/25,released
E10000007,suspension_rate,2025,by_ethnicity,Black,,69.0,1511.0,4.56651,,4.56651,100,,"DfE, Suspensions and permanent exclusions in England",academic year 2024/25,released
E10000007,suspension_rate,2025,by_ethnicity,Mixed,,517.0,4085.0,12.65606,,12.65606,100,,"DfE, Suspensions and permanent exclusions in England",academic year 2024/25,released
E10000007,suspension_rate,2025,overall,,,13073.0,107085.0,12.20806,,12.20806,100,,"DfE, Suspensions and permanent exclusions in England",academic year 2024/25,released
E10000007,suspension_rate,2025,by_ethnicity,Other,,30.0,453.0,6.62252,,6.62252,100,,"DfE, Suspensions and permanent exclusions in England",academic year 2024/25,released
E10000007,suspension_rate,2025,by_ethnicity,White,,12076.0,97239.0,12.41889,,12.41889,100,,"DfE, Suspensions and permanent exclusions in England",academic year 2024/25,released
E10000008,suspension_rate,2024,by_ethnicity,Asian,,43.0,1779.0,2.41709,,2.41709,100,,"DfE, Suspensions and permanent exclusions in England",academic year 2023/24,released
E10000008,suspension_rate,2024,by_ethnicity,Black,,99.0,606.0,16.33663,,16.33663,100,,"DfE, Suspensions and permanent exclusions in England",academic year 2023/24,released
E10000008,suspension_rate,2024,by_ethnicity,Mixed,,586.0,2902.0,20.19297,,20.19297,100,,"DfE, Suspensions and permanent exclusions in England",academic year 2023/24,released
E10000008,suspension_rate,2024,overall,,,18952.0,100451.0,18.86691,,18.86691,100,,"DfE, Suspensions and permanent exclusions in England",academic year 2023/24,released
E10000008,suspension_rate,2024,by_ethnicity,Other,,56.0,1128.0,4.96454,,4.96454,100,,"DfE, Suspensions and permanent exclusions in England",academic year 2023/24,released
E10000008,suspension_rate,2024,by_ethnicity,White,,17884.0,92551.0,19.3234,,19.3234,100,,"DfE, Suspensions and permanent exclusions in England",academic year 2023/24,released
E10000008,suspension_rate,2025,by_ethnicity,Asian,,40.0,2032.0,1.9685,,1.9685,100,,"DfE, Suspensions and permanent exclusions in England",academic year 2024/25,released
E10000008,suspension_rate,2025,by_ethnicity,Black,,48.0,913.0,5.25739,,5.25739,100,,"DfE, Suspensions and permanent exclusions in England",academic year 2024/25,released
E10000008,suspension_rate,2025,by_ethnicity,Mixed,,511.0,2933.0,17.42243,,17.42243,100,,"DfE, Suspensions and permanent exclusions in England",academic year 2024/25,released
E10000008,suspension_rate,2025,overall,,,16993.0,99088.0,17.1494,,17.1494,100,,"DfE, Suspensions and permanent exclusions in England",academic year 2024/25,released
E10000008,suspension_rate,2025,by_ethnicity,Other,,122.0,1175.0,10.38298,,10.38298,100,,"DfE, Suspensions and permanent exclusions in England",academic year 2024/25,released
E10000008,suspension_rate,2025,by_ethnicity,White,,16038.0,90527.0,17.71626,,17.71626,100,,"DfE, Suspensions and permanent exclusions in England",academic year 2024/25,released
E10000011,suspension_rate,2024,by_ethnicity,Asian,,78.0,2147.0,3.63298,,3.63298,100,,"DfE, Suspensions and permanent exclusions in England",academic year 2023/24,released
E10000011,suspension_rate,2024,by_ethnicity,Black,,80.0,938.0,8.52878,,8.52878,100,,"DfE, Suspensions and permanent exclusions in England",academic year 2023/24,released
E10000011,suspension_rate,2024,by_ethnicity,Mixed,,627.0,3825.0,16.39216,,16.39216,100,,"DfE, Suspensions and permanent exclusions in England",academic year 2023/24,released
E10000011,suspension_rate,2024,overall,,,12031.0,68000.0,17.69265,,17.69265,100,,"DfE, Suspensions and permanent exclusions in England",academic year 2023/24,released
E10000011,suspension_rate,2024,by_ethnicity,Other,,107.0,425.0,25.17647,,25.17647,100,,"DfE, Suspensions and permanent exclusions in England",academic year 2023/24,released
E10000011,suspension_rate,2024,by_ethnicity,White,,10802.0,59326.0,18.20787,,18.20787,100,,"DfE, Suspensions and permanent exclusions in England",academic year 2023/24,released
E10000011,suspension_rate,2025,by_ethnicity,Asian,,63.0,2335.0,2.69807,,2.69807,100,,"DfE, Suspensions and permanent exclusions in England",academic year 2024/25,released
E10000011,suspension_rate,2025,by_ethnicity,Black,,73.0,1267.0,5.76164,,5.76164,100,,"DfE, Suspensions and permanent exclusions in England",academic year 2024/25,released
E10000011,suspension_rate,2025,by_ethnicity,Mixed,,603.0,3936.0,15.32012,,15.32012,100,,"DfE, Suspensions and permanent exclusions in England",academic year 2024/25,released
E10000011,suspension_rate,2025,overall,,,10013.0,67246.0,14.8901,,14.8901,100,,"DfE, Suspensions and permanent exclusions in England",academic year 2024/25,released
E10000011,suspension_rate,2025,by_ethnicity,Other,,80.0,498.0,16.06426,,16.06426,100,,"DfE, Suspensions and permanent exclusions in England",academic year 2024/25,released
E10000011,suspension_rate,2025,by_ethnicity,White,,8915.0,58137.0,15.33447,,15.33447,100,,"DfE, Suspensions and permanent exclusions in England",academic year 2024/25,released
E10000012,suspension_rate,2024,by_ethnicity,Asian,,293.0,11383.0,2.57401,,2.57401,100,,"DfE, Suspensions and permanent exclusions in England",academic year 2023/24,released
E10000012,suspension_rate,2024,by_ethnicity,Black,,800.0,10669.0,7.49836,,7.49836,100,,"DfE, Suspensions and permanent exclusions in England",academic year 2023/24,released
E10000012,suspension_rate,2024,by_ethnicity,Mixed,,1479.0,13479.0,10.97262,,10.97262,100,,"DfE, Suspensions and permanent exclusions in England",academic year 2023/24,released
E10000012,suspension_rate,2024,overall,,,23848.0,223162.0,10.68641,,10.68641,100,,"DfE, Suspensions and permanent exclusions in England",academic year 2023/24,released
E10000012,suspension_rate,2024,by_ethnicity,Other,,110.0,2344.0,4.69283,,4.69283,100,,"DfE, Suspensions and permanent exclusions in England",academic year 2023/24,released
E10000012,suspension_rate,2024,by_ethnicity,White,,20718.0,181594.0,11.40897,,11.40897,100,,"DfE, Suspensions and permanent exclusions in England",academic year 2023/24,released
E10000012,suspension_rate,2025,by_ethnicity,Asian,,257.0,12484.0,2.05864,,2.05864,100,,"DfE, Suspensions and permanent exclusions in England",academic year 2024/25,released
E10000012,suspension_rate,2025,by_ethnicity,Black,,903.0,11579.0,7.7986,,7.7986,100,,"DfE, Suspensions and permanent exclusions in England",academic year 2024/25,released
E10000012,suspension_rate,2025,by_ethnicity,Mixed,,1392.0,13803.0,10.08476,,10.08476,100,,"DfE, Suspensions and permanent exclusions in England",academic year 2024/25,released
E10000012,suspension_rate,2025,overall,,,22150.0,222902.0,9.9371,,9.9371,100,,"DfE, Suspensions and permanent exclusions in England",academic year 2024/25,released
E10000012,suspension_rate,2025,by_ethnicity,Other,,104.0,2468.0,4.21394,,4.21394,100,,"DfE, Suspensions and permanent exclusions in England",academic year 2024/25,released
E10000012,suspension_rate,2025,by_ethnicity,White,,19023.0,178943.0,10.63076,,10.63076,100,,"DfE, Suspensions and permanent exclusions in England",academic year 2024/25,released
E10000013,suspension_rate,2024,by_ethnicity,Asian,,111.0,5409.0,2.05214,,2.05214,100,,"DfE, Suspensions and permanent exclusions in England",academic year 2023/24,released
E10000013,suspension_rate,2024,by_ethnicity,Black,,225.0,2316.0,9.71503,,9.71503,100,,"DfE, Suspensions and permanent exclusions in England",academic year 2023/24,released
E10000013,suspension_rate,2024,by_ethnicity,Mixed,,722.0,5039.0,14.32824,,14.32824,100,,"DfE, Suspensions and permanent exclusions in England",academic year 2023/24,released
E10000013,suspension_rate,2024,overall,,,9661.0,92813.0,10.4091,,10.4091,100,,"DfE, Suspensions and permanent exclusions in England",academic year 2023/24,released
E10000013,suspension_rate,2024,by_ethnicity,Other,,106.0,481.0,22.03742,,22.03742,100,,"DfE, Suspensions and permanent exclusions in England",academic year 2023/24,released
E10000013,suspension_rate,2024,by_ethnicity,White,,8245.0,77576.0,10.62829,,10.62829,100,,"DfE, Suspensions and permanent exclusions in England",academic year 2023/24,released
E10000013,suspension_rate,2025,by_ethnicity,Asian,,106.0,6044.0,1.75381,,1.75381,100,,"DfE, Suspensions and permanent exclusions in England",academic year 2024/25,released
E10000013,suspension_rate,2025,by_ethnicity,Black,,246.0,2732.0,9.00439,,9.00439,100,,"DfE, Suspensions and permanent exclusions in England",academic year 2024/25,released
E10000013,suspension_rate,2025,by_ethnicity,Mixed,,836.0,5186.0,16.12032,,16.12032,100,,"DfE, Suspensions and permanent exclusions in England",academic year 2024/25,released
E10000013,suspension_rate,2025,overall,,,9845.0,93013.0,10.58454,,10.58454,100,,"DfE, Suspensions and permanent exclusions in England",academic year 2024/25,released
E10000013,suspension_rate,2025,by_ethnicity,Other,,73.0,617.0,11.83144,,11.83144,100,,"DfE, Suspensions and permanent exclusions in England",academic year 2024/25,released
E10000013,suspension_rate,2025,by_ethnicity,White,,8326.0,76587.0,10.8713,,10.8713,100,,"DfE, Suspensions and permanent exclusions in England",academic year 2024/25,released
E10000014,suspension_rate,2024,by_ethnicity,Asian,,180.0,9089.0,1.98042,,1.98042,100,,"DfE, Suspensions and permanent exclusions in England",academic year 2023/24,released
E10000014,suspension_rate,2024,by_ethnicity,Black,,194.0,3856.0,5.03112,,5.03112,100,,"DfE, Suspensions and permanent exclusions in England",academic year 2023/24,released
E10000014,suspension_rate,2024,by_ethnicity,Mixed,,896.0,9116.0,9.82887,,9.82887,100,,"DfE, Suspensions and permanent exclusions in England",academic year 2023/24,released
E10000014,suspension_rate,2024,overall,,,18938.0,183459.0,10.32274,,10.32274,100,,"DfE, Suspensions and permanent exclusions in England",academic year 2023/24,released
E10000014,suspension_rate,2024,by_ethnicity,Other,,98.0,1314.0,7.45814,,7.45814,100,,"DfE, Suspensions and permanent exclusions in England",academic year 2023/24,released
E10000014,suspension_rate,2024,by_ethnicity,White,,17457.0,158646.0,11.00374,,11.00374,100,,"DfE, Suspensions and permanent exclusions in England",academic year 2023/24,released
E10000014,suspension_rate,2025,by_ethnicity,Asian,,203.0,9690.0,2.09494,,2.09494,100,,"DfE, Suspensions and permanent exclusions in England",academic year 2024/25,released
E10000014,suspension_rate,2025,by_ethnicity,Black,,251.0,4548.0,5.51891,,5.51891,100,,"DfE, Suspensions and permanent exclusions in England",academic year 2024/25,released
E10000014,suspension_rate,2025,by_ethnicity,Mixed,,895.0,9366.0,9.55584,,9.55584,100,,"DfE, Suspensions and permanent exclusions in England",academic year 2024/25,released
E10000014,suspension_rate,2025,overall,,,19021.0,182523.0,10.42115,,10.42115,100,,"DfE, Suspensions and permanent exclusions in England",academic year 2024/25,released
E10000014,suspension_rate,2025,by_ethnicity,Other,,117.0,1420.0,8.23944,,8.23944,100,,"DfE, Suspensions and permanent exclusions in England",academic year 2024/25,released
E10000014,suspension_rate,2025,by_ethnicity,White,,17424.0,156125.0,11.16029,,11.16029,100,,"DfE, Suspensions and permanent exclusions in England",academic year 2024/25,released
E10000015,suspension_rate,2024,by_ethnicity,Asian,,613.0,21947.0,2.79309,,2.79309,100,,"DfE, Suspensions and permanent exclusions in England",academic year 2023/24,released
E10000015,suspension_rate,2024,by_ethnicity,Black,,864.0,10503.0,8.22622,,8.22622,100,,"DfE, Suspensions and permanent exclusions in England",academic year 2023/24,released
E10000015,suspension_rate,2024,by_ethnicity,Mixed,,1531.0,17704.0,8.64776,,8.64776,100,,"DfE, Suspensions and permanent exclusions in England",academic year 2023/24,released
E10000015,suspension_rate,2024,overall,,,15835.0,201212.0,7.86981,,7.86981,100,,"DfE, Suspensions and permanent exclusions in England",academic year 2023/24,released
E10000015,suspension_rate,2024,by_ethnicity,Other,,249.0,2951.0,8.43782,,8.43782,100,,"DfE, Suspensions and permanent exclusions in England",academic year 2023/24,released
E10000015,suspension_rate,2024,by_ethnicity,White,,12185.0,145235.0,8.38985,,8.38985,100,,"DfE, Suspensions and permanent exclusions in England",academic year 2023/24,released
E10000015,suspension_rate,2025,by_ethnicity,Asian,,519.0,22722.0,2.28413,,2.28413,100,,"DfE, Suspensions and permanent exclusions in England",academic year 2024/25,released
E10000015,suspension_rate,2025,by_ethnicity,Black,,874.0,11113.0,7.86466,,7.86466,100,,"DfE, Suspensions and permanent exclusions in England",academic year 2024/25,released
E10000015,suspension_rate,2025,by_ethnicity,Mixed,,1620.0,18362.0,8.82257,,8.82257,100,,"DfE, Suspensions and permanent exclusions in England",academic year 2024/25,released
E10000015,suspension_rate,2025,overall,,,16360.0,200721.0,8.15062,,8.15062,100,,"DfE, Suspensions and permanent exclusions in England",academic year 2024/25,released
E10000015,suspension_rate,2025,by_ethnicity,Other,,279.0,3136.0,8.89668,,8.89668,100,,"DfE, Suspensions and permanent exclusions in England",academic year 2024/25,released
E10000015,suspension_rate,2025,by_ethnicity,White,,12754.0,142725.0,8.93607,,8.93607,100,,"DfE, Suspensions and permanent exclusions in England",academic year 2024/25,released
E10000016,suspension_rate,2024,by_ethnicity,Asian,,219.0,15604.0,1.40349,,1.40349,100,,"DfE, Suspensions and permanent exclusions in England",academic year 2023/24,released
E10000016,suspension_rate,2024,by_ethnicity,Black,,584.0,12263.0,4.76229,,4.76229,100,,"DfE, Suspensions and permanent exclusions in England",academic year 2023/24,released
E10000016,suspension_rate,2024,by_ethnicity,Mixed,,1285.0,17118.0,7.50672,,7.50672,100,,"DfE, Suspensions and permanent exclusions in England",academic year 2023/24,released
E10000016,suspension_rate,2024,overall,,,20450.0,251645.0,8.12653,,8.12653,100,,"DfE, Suspensions and permanent exclusions in England",academic year 2023/24,released
E10000016,suspension_rate,2024,by_ethnicity,Other,,181.0,3391.0,5.33766,,5.33766,100,,"DfE, Suspensions and permanent exclusions in England",academic year 2023/24,released
E10000016,suspension_rate,2024,by_ethnicity,White,,17678.0,199706.0,8.85201,,8.85201,100,,"DfE, Suspensions and permanent exclusions in England",academic year 2023/24,released
E10000016,suspension_rate,2025,by_ethnicity,Asian,,214.0,16778.0,1.27548,,1.27548,100,,"DfE, Suspensions and permanent exclusions in England",academic year 2024/25,released
E10000016,suspension_rate,2025,by_ethnicity,Black,,605.0,13869.0,4.36225,,4.36225,100,,"DfE, Suspensions and permanent exclusions in England",academic year 2024/25,released
E10000016,suspension_rate,2025,by_ethnicity,Mixed,,1298.0,17607.0,7.37207,,7.37207,100,,"DfE, Suspensions and permanent exclusions in England",academic year 2024/25,released
E10000016,suspension_rate,2025,overall,,,20754.0,251660.0,8.24684,,8.24684,100,,"DfE, Suspensions and permanent exclusions in England",academic year 2024/25,released
E10000016,suspension_rate,2025,by_ethnicity,Other,,173.0,3551.0,4.87187,,4.87187,100,,"DfE, Suspensions and permanent exclusions in England",academic year 2024/25,released
E10000016,suspension_rate,2025,by_ethnicity,White,,18031.0,196444.0,9.1787,,9.1787,100,,"DfE, Suspensions and permanent exclusions in England",academic year 2024/25,released
E10000017,suspension_rate,2024,by_ethnicity,Asian,,1266.0,23137.0,5.47176,,5.47176,100,,"DfE, Suspensions and permanent exclusions in England",academic year 2023/24,released
E10000017,suspension_rate,2024,by_ethnicity,Black,,112.0,2176.0,5.14706,,5.14706,100,,"DfE, Suspensions and permanent exclusions in England",academic year 2023/24,released
E10000017,suspension_rate,2024,by_ethnicity,Mixed,,821.0,6962.0,11.79259,,11.79259,100,,"DfE, Suspensions and permanent exclusions in England",academic year 2023/24,released
E10000017,suspension_rate,2024,overall,,,17620.0,176252.0,9.99705,,9.99705,100,,"DfE, Suspensions and permanent exclusions in England",academic year 2023/24,released
E10000017,suspension_rate,2024,by_ethnicity,Other,,99.0,1662.0,5.95668,,5.95668,100,,"DfE, Suspensions and permanent exclusions in England",academic year 2023/24,released
E10000017,suspension_rate,2024,by_ethnicity,White,,14957.0,140375.0,10.65503,,10.65503,100,,"DfE, Suspensions and permanent exclusions in England",academic year 2023/24,released
E10000017,suspension_rate,2025,by_ethnicity,Asian,,1156.0,23941.0,4.82854,,4.82854,100,,"DfE, Suspensions and permanent exclusions in England",academic year 2024/25,released
E10000017,suspension_rate,2025,by_ethnicity,Black,,122.0,2953.0,4.13139,,4.13139,100,,"DfE, Suspensions and permanent exclusions in England",academic year 2024/25,released
E10000017,suspension_rate,2025,by_ethnicity,Mixed,,823.0,7134.0,11.53631,,11.53631,100,,"DfE, Suspensions and permanent exclusions in England",academic year 2024/25,released
E10000017,suspension_rate,2025,overall,,,18480.0,175184.0,10.54891,,10.54891,100,,"DfE, Suspensions and permanent exclusions in England",academic year 2024/25,released
E10000017,suspension_rate,2025,by_ethnicity,Other,,94.0,1811.0,5.1905,,5.1905,100,,"DfE, Suspensions and permanent exclusions in England",academic year 2024/25,released
E10000017,suspension_rate,2025,by_ethnicity,White,,15948.0,137681.0,11.5833,,11.5833,100,,"DfE, Suspensions and permanent exclusions in England",academic year 2024/25,released
E10000018,suspension_rate,2024,by_ethnicity,Asian,,280.0,10113.0,2.76871,,2.76871,100,,"DfE, Suspensions and permanent exclusions in England",academic year 2023/24,released
E10000018,suspension_rate,2024,by_ethnicity,Black,,171.0,2068.0,8.26886,,8.26886,100,,"DfE, Suspensions and permanent exclusions in England",academic year 2023/24,released
E10000018,suspension_rate,2024,by_ethnicity,Mixed,,743.0,6063.0,12.25466,,12.25466,100,,"DfE, Suspensions and permanent exclusions in England",academic year 2023/24,released
E10000018,suspension_rate,2024,overall,,,10622.0,100937.0,10.5234,,10.5234,100,,"DfE, Suspensions and permanent exclusions in England",academic year 2023/24,released
E10000018,suspension_rate,2024,by_ethnicity,Other,,44.0,671.0,6.55738,,6.55738,100,,"DfE, Suspensions and permanent exclusions in England",academic year 2023/24,released
E10000018,suspension_rate,2024,by_ethnicity,White,,9314.0,80933.0,11.50828,,11.50828,100,,"DfE, Suspensions and permanent exclusions in England",academic year 2023/24,released
E10000018,suspension_rate,2025,by_ethnicity,Asian,,231.0,10492.0,2.20168,,2.20168,100,,"DfE, Suspensions and permanent exclusions in England",academic year 2024/25,released
E10000018,suspension_rate,2025,by_ethnicity,Black,,140.0,2455.0,5.70265,,5.70265,100,,"DfE, Suspensions and permanent exclusions in England",academic year 2024/25,released
E10000018,suspension_rate,2025,by_ethnicity,Mixed,,665.0,6225.0,10.68273,,10.68273,100,,"DfE, Suspensions and permanent exclusions in England",academic year 2024/25,released
E10000018,suspension_rate,2025,overall,,,9933.0,100693.0,9.86464,,9.86464,100,,"DfE, Suspensions and permanent exclusions in England",academic year 2024/25,released
E10000018,suspension_rate,2025,by_ethnicity,Other,,51.0,731.0,6.97674,,6.97674,100,,"DfE, Suspensions and permanent exclusions in England",academic year 2024/25,released
E10000018,suspension_rate,2025,by_ethnicity,White,,8684.0,79624.0,10.90626,,10.90626,100,,"DfE, Suspensions and permanent exclusions in England",academic year 2024/25,released
E10000019,suspension_rate,2024,by_ethnicity,Asian,,64.0,3187.0,2.00816,,2.00816,100,,"DfE, Suspensions and permanent exclusions in England",academic year 2023/24,released
E10000019,suspension_rate,2024,by_ethnicity,Black,,138.0,1717.0,8.03727,,8.03727,100,,"DfE, Suspensions and permanent exclusions in England",academic year 2023/24,released
E10000019,suspension_rate,2024,by_ethnicity,Mixed,,513.0,4188.0,12.24928,,12.24928,100,,"DfE, Suspensions and permanent exclusions in England",academic year 2023/24,released
E10000019,suspension_rate,2024,overall,,,17438.0,108334.0,16.09652,,16.09652,100,,"DfE, Suspensions and permanent exclusions in England",academic year 2023/24,released
E10000019,suspension_rate,2024,by_ethnicity,Other,,49.0,879.0,5.57452,,5.57452,100,,"DfE, Suspensions and permanent exclusions in England",academic year 2023/24,released
E10000019,suspension_rate,2024,by_ethnicity,White,,15916.0,96417.0,16.50746,,16.50746,100,,"DfE, Suspensions and permanent exclusions in England",academic year 2023/24,released
E10000019,suspension_rate,2025,by_ethnicity,Asian,,44.0,3608.0,1.21951,,1.21951,100,,"DfE, Suspensions and permanent exclusions in England",academic year 2024/25,released
E10000019,suspension_rate,2025,by_ethnicity,Black,,125.0,2124.0,5.88512,,5.88512,100,,"DfE, Suspensions and permanent exclusions in England",academic year 2024/25,released
E10000019,suspension_rate,2025,by_ethnicity,Mixed,,458.0,4274.0,10.71596,,10.71596,100,,"DfE, Suspensions and permanent exclusions in England",academic year 2024/25,released
E10000019,suspension_rate,2025,overall,,,14773.0,106903.0,13.81907,,13.81907,100,,"DfE, Suspensions and permanent exclusions in England",academic year 2024/25,released
E10000019,suspension_rate,2025,by_ethnicity,Other,,77.0,964.0,7.98755,,7.98755,100,,"DfE, Suspensions and permanent exclusions in England",academic year 2024/25,released
E10000019,suspension_rate,2025,by_ethnicity,White,,13359.0,93752.0,14.2493,,14.2493,100,,"DfE, Suspensions and permanent exclusions in England",academic year 2024/25,released
E10000020,suspension_rate,2024,by_ethnicity,Asian,,42.0,3525.0,1.19149,,1.19149,100,,"DfE, Suspensions and permanent exclusions in England",academic year 2023/24,released
E10000020,suspension_rate,2024,by_ethnicity,Black,,143.0,2484.0,5.75684,,5.75684,100,,"DfE, Suspensions and permanent exclusions in England",academic year 2023/24,released
E10000020,suspension_rate,2024,by_ethnicity,Mixed,,512.0,4846.0,10.56541,,10.56541,100,,"DfE, Suspensions and permanent exclusions in England",academic year 2023/24,released
E10000020,suspension_rate,2024,overall,,,15505.0,118470.0,13.0877,,13.0877,100,,"DfE, Suspensions and permanent exclusions in England",academic year 2023/24,released
E10000020,suspension_rate,2024,by_ethnicity,Other,,61.0,1189.0,5.13036,,5.13036,100,,"DfE, Suspensions and permanent exclusions in England",academic year 2023/24,released
E10000020,suspension_rate,2024,by_ethnicity,White,,14337.0,104210.0,13.7578,,13.7578,100,,"DfE, Suspensions and permanent exclusions in England",academic year 2023/24,released
E10000020,suspension_rate,2025,by_ethnicity,Asian,,65.0,3825.0,1.69935,,1.69935,100,,"DfE, Suspensions and permanent exclusions in England",academic year 2024/25,released
E10000020,suspension_rate,2025,by_ethnicity,Black,,138.0,3012.0,4.58167,,4.58167,100,,"DfE, Suspensions and permanent exclusions in England",academic year 2024/25,released
E10000020,suspension_rate,2025,by_ethnicity,Mixed,,513.0,4992.0,10.27644,,10.27644,100,,"DfE, Suspensions and permanent exclusions in England",academic year 2024/25,released
E10000020,suspension_rate,2025,overall,,,14778.0,117490.0,12.57809,,12.57809,100,,"DfE, Suspensions and permanent exclusions in England",academic year 2024/25,released
E10000020,suspension_rate,2025,by_ethnicity,Other,,94.0,1276.0,7.36677,,7.36677,100,,"DfE, Suspensions and permanent exclusions in England",academic year 2024/25,released
E10000020,suspension_rate,2025,by_ethnicity,White,,13620.0,102457.0,13.29338,,13.29338,100,,"DfE, Suspensions and permanent exclusions in England",academic year 2024/25,released
E10000024,suspension_rate,2024,by_ethnicity,Asian,,160.0,7099.0,2.25384,,2.25384,100,,"DfE, Suspensions and permanent exclusions in England",academic year 2023/24,released
E10000024,suspension_rate,2024,by_ethnicity,Black,,189.0,3190.0,5.92476,,5.92476,100,,"DfE, Suspensions and permanent exclusions in England",academic year 2023/24,released
E10000024,suspension_rate,2024,by_ethnicity,Mixed,,1012.0,7169.0,14.11633,,14.11633,100,,"DfE, Suspensions and permanent exclusions in England",academic year 2023/24,released
E10000024,suspension_rate,2024,overall,,,17659.0,128184.0,13.77629,,13.77629,100,,"DfE, Suspensions and permanent exclusions in England",academic year 2023/24,released
E10000024,suspension_rate,2024,by_ethnicity,Other,,69.0,1189.0,5.8032,,5.8032,100,,"DfE, Suspensions and permanent exclusions in England",academic year 2023/24,released
E10000024,suspension_rate,2024,by_ethnicity,White,,15657.0,106706.0,14.67303,,14.67303,100,,"DfE, Suspensions and permanent exclusions in England",academic year 2023/24,released
E10000024,suspension_rate,2025,by_ethnicity,Asian,,188.0,7552.0,2.48941,,2.48941,100,,"DfE, Suspensions and permanent exclusions in England",academic year 2024/25,released
E10000024,suspension_rate,2025,by_ethnicity,Black,,182.0,3991.0,4.56026,,4.56026,100,,"DfE, Suspensions and permanent exclusions in England",academic year 2024/25,released
E10000024,suspension_rate,2025,by_ethnicity,Mixed,,948.0,7463.0,12.70267,,12.70267,100,,"DfE, Suspensions and permanent exclusions in England",academic year 2024/25,released
E10000024,suspension_rate,2025,overall,,,17934.0,127247.0,14.09385,,14.09385,100,,"DfE, Suspensions and permanent exclusions in England",academic year 2024/25,released
E10000024,suspension_rate,2025,by_ethnicity,Other,,104.0,1219.0,8.53158,,8.53158,100,,"DfE, Suspensions and permanent exclusions in England",academic year 2024/25,released
E10000024,suspension_rate,2025,by_ethnicity,White,,16013.0,104511.0,15.32183,,15.32183,100,,"DfE, Suspensions and permanent exclusions in England",academic year 2024/25,released
E10000025,suspension_rate,2024,by_ethnicity,Asian,,327.0,8166.0,4.00441,,4.00441,100,,"DfE, Suspensions and permanent exclusions in England",academic year 2023/24,released
E10000025,suspension_rate,2024,by_ethnicity,Black,,329.0,3570.0,9.21569,,9.21569,100,,"DfE, Suspensions and permanent exclusions in England",academic year 2023/24,released
E10000025,suspension_rate,2024,by_ethnicity,Mixed,,1179.0,8023.0,14.69525,,14.69525,100,,"DfE, Suspensions and permanent exclusions in England",academic year 2023/24,released
E10000025,suspension_rate,2024,overall,,,11116.0,100986.0,11.00747,,11.00747,100,,"DfE, Suspensions and permanent exclusions in England",academic year 2023/24,released
E10000025,suspension_rate,2024,by_ethnicity,Other,,130.0,1885.0,6.89655,,6.89655,100,,"DfE, Suspensions and permanent exclusions in England",academic year 2023/24,released
E10000025,suspension_rate,2024,by_ethnicity,White,,8927.0,76698.0,11.63916,,11.63916,100,,"DfE, Suspensions and permanent exclusions in England",academic year 2023/24,released
E10000025,suspension_rate,2025,by_ethnicity,Asian,,304.0,8656.0,3.51201,,3.51201,100,,"DfE, Suspensions and permanent exclusions in England",academic year 2024/25,released
E10000025,suspension_rate,2025,by_ethnicity,Black,,366.0,4068.0,8.99705,,8.99705,100,,"DfE, Suspensions and permanent exclusions in England",academic year 2024/25,released
E10000025,suspension_rate,2025,by_ethnicity,Mixed,,1015.0,8076.0,12.5681,,12.5681,100,,"DfE, Suspensions and permanent exclusions in England",academic year 2024/25,released
E10000025,suspension_rate,2025,overall,,,10925.0,101270.0,10.78799,,10.78799,100,,"DfE, Suspensions and permanent exclusions in England",academic year 2024/25,released
E10000025,suspension_rate,2025,by_ethnicity,Other,,186.0,2102.0,8.84872,,8.84872,100,,"DfE, Suspensions and permanent exclusions in England",academic year 2024/25,released
E10000025,suspension_rate,2025,by_ethnicity,White,,8830.0,75656.0,11.67125,,11.67125,100,,"DfE, Suspensions and permanent exclusions in England",academic year 2024/25,released
E10000028,suspension_rate,2024,by_ethnicity,Asian,,422.0,6741.0,6.2602,,6.2602,100,,"DfE, Suspensions and permanent exclusions in England",academic year 2023/24,released
E10000028,suspension_rate,2024,by_ethnicity,Black,,167.0,1750.0,9.54286,,9.54286,100,,"DfE, Suspensions and permanent exclusions in England",academic year 2023/24,released
E10000028,suspension_rate,2024,by_ethnicity,Mixed,,731.0,5745.0,12.72411,,12.72411,100,,"DfE, Suspensions and permanent exclusions in England",academic year 2023/24,released
E10000028,suspension_rate,2024,overall,,,12799.0,125237.0,10.21982,,10.21982,100,,"DfE, Suspensions and permanent exclusions in England",academic year 2023/24,released
E10000028,suspension_rate,2024,by_ethnicity,Other,,71.0,823.0,8.62697,,8.62697,100,,"DfE, Suspensions and permanent exclusions in England",academic year 2023/24,released
E10000028,suspension_rate,2024,by_ethnicity,White,,11170.0,108933.0,10.25401,,10.25401,100,,"DfE, Suspensions and permanent exclusions in England",academic year 2023/24,released
E10000028,suspension_rate,2025,by_ethnicity,Asian,,390.0,7111.0,5.48446,,5.48446,100,,"DfE, Suspensions and permanent exclusions in England",academic year 2024/25,released
E10000028,suspension_rate,2025,by_ethnicity,Black,,146.0,2123.0,6.87706,,6.87706,100,,"DfE, Suspensions and permanent exclusions in England",academic year 2024/25,released
E10000028,suspension_rate,2025,by_ethnicity,Mixed,,728.0,6012.0,12.10912,,12.10912,100,,"DfE, Suspensions and permanent exclusions in England",academic year 2024/25,released
E10000028,suspension_rate,2025,overall,,,11818.0,124890.0,9.46273,,9.46273,100,,"DfE, Suspensions and permanent exclusions in England",academic year 2024/25,released
E10000028,suspension_rate,2025,by_ethnicity,Other,,91.0,883.0,10.30578,,10.30578,100,,"DfE, Suspensions and permanent exclusions in England",academic year 2024/25,released
E10000028,suspension_rate,2025,by_ethnicity,White,,10176.0,107580.0,9.45901,,9.45901,100,,"DfE, Suspensions and permanent exclusions in England",academic year 2024/25,released
E10000029,suspension_rate,2024,by_ethnicity,Asian,,48.0,2719.0,1.76535,,1.76535,100,,"DfE, Suspensions and permanent exclusions in England",academic year 2023/24,released
E10000029,suspension_rate,2024,by_ethnicity,Black,,112.0,1862.0,6.01504,,6.01504,100,,"DfE, Suspensions and permanent exclusions in England",academic year 2023/24,released
E10000029,suspension_rate,2024,by_ethnicity,Mixed,,969.0,6690.0,14.4843,,14.4843,100,,"DfE, Suspensions and permanent exclusions in England",academic year 2023/24,released
E10000029,suspension_rate,2024,overall,,,15188.0,104119.0,14.58716,,14.58716,100,,"DfE, Suspensions and permanent exclusions in England",academic year 2023/24,released
E10000029,suspension_rate,2024,by_ethnicity,Other,,72.0,1277.0,5.63821,,5.63821,100,,"DfE, Suspensions and permanent exclusions in England",academic year 2023/24,released
E10000029,suspension_rate,2024,by_ethnicity,White,,13393.0,89031.0,15.04307,,15.04307,100,,"DfE, Suspensions and permanent exclusions in England",academic year 2023/24,released
E10000029,suspension_rate,2025,by_ethnicity,Asian,,59.0,2975.0,1.98319,,1.98319,100,,"DfE, Suspensions and permanent exclusions in England",academic year 2024/25,released
E10000029,suspension_rate,2025,by_ethnicity,Black,,152.0,2374.0,6.4027,,6.4027,100,,"DfE, Suspensions and permanent exclusions in England",academic year 2024/25,released
E10000029,suspension_rate,2025,by_ethnicity,Mixed,,1224.0,6853.0,17.86079,,17.86079,100,,"DfE, Suspensions and permanent exclusions in England",academic year 2024/25,released
E10000029,suspension_rate,2025,overall,,,17165.0,103092.0,16.65018,,16.65018,100,,"DfE, Suspensions and permanent exclusions in England",academic year 2024/25,released
E10000029,suspension_rate,2025,by_ethnicity,Other,,193.0,1387.0,13.91492,,13.91492,100,,"DfE, Suspensions and permanent exclusions in England",academic year 2024/25,released
E10000029,suspension_rate,2025,by_ethnicity,White,,15025.0,87431.0,17.18498,,17.18498,100,,"DfE, Suspensions and permanent exclusions in England",academic year 2024/25,released
E10000030,suspension_rate,2024,by_ethnicity,Asian,,448.0,15833.0,2.82953,,2.82953,100,,"DfE, Suspensions and permanent exclusions in England",academic year 2023/24,released
E10000030,suspension_rate,2024,by_ethnicity,Black,,314.0,4367.0,7.19029,,7.19029,100,,"DfE, Suspensions and permanent exclusions in England",academic year 2023/24,released
E10000030,suspension_rate,2024,by_ethnicity,Mixed,,1239.0,12844.0,9.64653,,9.64653,100,,"DfE, Suspensions and permanent exclusions in England",academic year 2023/24,released
E10000030,suspension_rate,2024,overall,,,13913.0,163543.0,8.50724,,8.50724,100,,"DfE, Suspensions and permanent exclusions in England",academic year 2023/24,released
E10000030,suspension_rate,2024,by_ethnicity,Other,,116.0,2306.0,5.03036,,5.03036,100,,"DfE, Suspensions and permanent exclusions in England",academic year 2023/24,released
E10000030,suspension_rate,2024,by_ethnicity,White,,11531.0,125047.0,9.22133,,9.22133,100,,"DfE, Suspensions and permanent exclusions in England",academic year 2023/24,released
E10000030,suspension_rate,2025,by_ethnicity,Asian,,458.0,16528.0,2.77106,,2.77106,100,,"DfE, Suspensions and permanent exclusions in England",academic year 2024/25,released
E10000030,suspension_rate,2025,by_ethnicity,Black,,312.0,4863.0,6.41579,,6.41579,100,,"DfE, Suspensions and permanent exclusions in England",academic year 2024/25,released
E10000030,suspension_rate,2025,by_ethnicity,Mixed,,1164.0,13310.0,8.7453,,8.7453,100,,"DfE, Suspensions and permanent exclusions in England",academic year 2024/25,released
E10000030,suspension_rate,2025,overall,,,12809.0,163061.0,7.85534,,7.85534,100,,"DfE, Suspensions and permanent exclusions in England",academic year 2024/25,released
E10000030,suspension_rate,2025,by_ethnicity,Other,,161.0,2467.0,6.52615,,6.52615,100,,"DfE, Suspensions and permanent exclusions in England",academic year 2024/25,released
E10000030,suspension_rate,2025,by_ethnicity,White,,10504.0,122914.0,8.54581,,8.54581,100,,"DfE, Suspensions and permanent exclusions in England",academic year 2024/25,released
E10000031,suspension_rate,2024,by_ethnicity,Asian,,129.0,8555.0,1.50789,,1.50789,100,,"DfE, Suspensions and permanent exclusions in England",academic year 2023/24,released
E10000031,suspension_rate,2024,by_ethnicity,Black,,101.0,2104.0,4.80038,,4.80038,100,,"DfE, Suspensions and permanent exclusions in England",academic year 2023/24,released
E10000031,suspension_rate,2024,by_ethnicity,Mixed,,601.0,5351.0,11.23155,,11.23155,100,,"DfE, Suspensions and permanent exclusions in England",academic year 2023/24,released
E10000031,suspension_rate,2024,overall,,,8920.0,89707.0,9.94348,,9.94348,100,,"DfE, Suspensions and permanent exclusions in England",academic year 2023/24,released
E10000031,suspension_rate,2024,by_ethnicity,Other,,47.0,975.0,4.82051,,4.82051,100,,"DfE, Suspensions and permanent exclusions in England",academic year 2023/24,released
E10000031,suspension_rate,2024,by_ethnicity,White,,7774.0,71188.0,10.92038,,10.92038,100,,"DfE, Suspensions and permanent exclusions in England",academic year 2023/24,released
E10000031,suspension_rate,2025,by_ethnicity,Asian,,175.0,9448.0,1.85224,,1.85224,100,,"DfE, Suspensions and permanent exclusions in England",academic year 2024/25,released
E10000031,suspension_rate,2025,by_ethnicity,Black,,150.0,2523.0,5.9453,,5.9453,100,,"DfE, Suspensions and permanent exclusions in England",academic year 2024/25,released
E10000031,suspension_rate,2025,by_ethnicity,Mixed,,610.0,5506.0,11.07882,,11.07882,100,,"DfE, Suspensions and permanent exclusions in England",academic year 2024/25,released
E10000031,suspension_rate,2025,overall,,,8222.0,90303.0,9.1049,,9.1049,100,,"DfE, Suspensions and permanent exclusions in England",academic year 2024/25,released
E10000031,suspension_rate,2025,by_ethnicity,Other,,73.0,1117.0,6.53536,,6.53536,100,,"DfE, Suspensions and permanent exclusions in England",academic year 2024/25,released
E10000031,suspension_rate,2025,by_ethnicity,White,,6924.0,70088.0,9.87901,,9.87901,100,,"DfE, Suspensions and permanent exclusions in England",academic year 2024/25,released
E10000032,suspension_rate,2024,by_ethnicity,Asian,,190.0,7769.0,2.44562,,2.44562,100,,"DfE, Suspensions and permanent exclusions in England",academic year 2023/24,released
E10000032,suspension_rate,2024,by_ethnicity,Black,,177.0,2597.0,6.81556,,6.81556,100,,"DfE, Suspensions and permanent exclusions in England",academic year 2023/24,released
E10000032,suspension_rate,2024,by_ethnicity,Mixed,,629.0,7363.0,8.54271,,8.54271,100,,"DfE, Suspensions and permanent exclusions in England",academic year 2023/24,released
E10000032,suspension_rate,2024,overall,,,10514.0,118075.0,8.90451,,8.90451,100,,"DfE, Suspensions and permanent exclusions in England",academic year 2023/24,released
E10000032,suspension_rate,2024,by_ethnicity,Other,,66.0,1018.0,6.4833,,6.4833,100,,"DfE, Suspensions and permanent exclusions in England",academic year 2023/24,released
E10000032,suspension_rate,2024,by_ethnicity,White,,9282.0,97663.0,9.50411,,9.50411,100,,"DfE, Suspensions and permanent exclusions in England",academic year 2023/24,released
E10000032,suspension_rate,2025,by_ethnicity,Asian,,176.0,8215.0,2.14242,,2.14242,100,,"DfE, Suspensions and permanent exclusions in England",academic year 2024/25,released
E10000032,suspension_rate,2025,by_ethnicity,Black,,196.0,3193.0,6.13843,,6.13843,100,,"DfE, Suspensions and permanent exclusions in England",academic year 2024/25,released
E10000032,suspension_rate,2025,by_ethnicity,Mixed,,786.0,7608.0,10.33123,,10.33123,100,,"DfE, Suspensions and permanent exclusions in England",academic year 2024/25,released
E10000032,suspension_rate,2025,overall,,,10220.0,117569.0,8.69277,,8.69277,100,,"DfE, Suspensions and permanent exclusions in England",academic year 2024/25,released
E10000032,suspension_rate,2025,by_ethnicity,Other,,106.0,1126.0,9.41385,,9.41385,100,,"DfE, Suspensions and permanent exclusions in England",academic year 2024/25,released
E10000032,suspension_rate,2025,by_ethnicity,White,,8773.0,95525.0,9.18398,,9.18398,100,,"DfE, Suspensions and permanent exclusions in England",academic year 2024/25,released
E10000034,suspension_rate,2024,by_ethnicity,Asian,,83.0,4045.0,2.05192,,2.05192,100,,"DfE, Suspensions and permanent exclusions in England",academic year 2023/24,released
E10000034,suspension_rate,2024,by_ethnicity,Black,,87.0,1062.0,8.19209,,8.19209,100,,"DfE, Suspensions and permanent exclusions in England",academic year 2023/24,released
E10000034,suspension_rate,2024,by_ethnicity,Mixed,,348.0,3769.0,9.23322,,9.23322,100,,"DfE, Suspensions and permanent exclusions in England",academic year 2023/24,released
E10000034,suspension_rate,2024,overall,,,6479.0,82340.0,7.86859,,7.86859,100,,"DfE, Suspensions and permanent exclusions in England",academic year 2023/24,released
E10000034,suspension_rate,2024,by_ethnicity,Other,,22.0,484.0,4.54545,,4.54545,100,,"DfE, Suspensions and permanent exclusions in England",academic year 2023/24,released
E10000034,suspension_rate,2024,by_ethnicity,White,,5812.0,71079.0,8.17682,,8.17682,100,,"DfE, Suspensions and permanent exclusions in England",academic year 2023/24,released
E10000034,suspension_rate,2025,by_ethnicity,Asian,,126.0,4299.0,2.93091,,2.93091,100,,"DfE, Suspensions and permanent exclusions in England",academic year 2024/25,released
E10000034,suspension_rate,2025,by_ethnicity,Black,,82.0,1345.0,6.09665,,6.09665,100,,"DfE, Suspensions and permanent exclusions in England",academic year 2024/25,released
E10000034,suspension_rate,2025,by_ethnicity,Mixed,,366.0,3954.0,9.25645,,9.25645,100,,"DfE, Suspensions and permanent exclusions in England",academic year 2024/25,released
E10000034,suspension_rate,2025,overall,,,6372.0,81955.0,7.775,,7.775,100,,"DfE, Suspensions and permanent exclusions in England",academic year 2024/25,released
E10000034,suspension_rate,2025,by_ethnicity,Other,,16.0,496.0,3.22581,,3.22581,100,,"DfE, Suspensions and permanent exclusions in England",academic year 2024/25,released
E10000034,suspension_rate,2025,by_ethnicity,White,,5658.0,70130.0,8.06787,,8.06787,100,,"DfE, Suspensions and permanent exclusions in England",academic year 2024/25,released
W06000001,suspension_rate,2024,overall,,,,,7.72599,,77.259931185486,1000,,"StatsWales, Permanent and fixed-term exclusions from schools",academic year 2023/24,released
W06000002,suspension_rate,2024,overall,,,,,5.69729,,56.972940826642,1000,,"StatsWales, Permanent and fixed-term exclusions from schools",academic year 2023/24,released
W06000003,suspension_rate,2024,overall,,,,,7.17972,,71.797187459682,1000,,"StatsWales, Permanent and fixed-term exclusions from schools",academic year 2023/24,released
W06000004,suspension_rate,2024,overall,,,,,17.899,,178.990024937655,1000,,"StatsWales, Permanent and fixed-term exclusions from schools",academic year 2023/24,released
W06000005,suspension_rate,2024,overall,,,,,10.61185,,106.118504853516,1000,,"StatsWales, Permanent and fixed-term exclusions from schools",academic year 2023/24,released
W06000006,suspension_rate,2024,overall,,,,,9.91943,,99.194307837187,1000,,"StatsWales, Permanent and fixed-term exclusions from schools",academic year 2023/24,released
W06000008,suspension_rate,2024,overall,,,,,4.0081,,40.081014817183,1000,,"StatsWales, Permanent and fixed-term exclusions from schools",academic year 2023/24,released
W06000009,suspension_rate,2024,overall,,,,,3.63414,,36.341363821968,1000,,"StatsWales, Permanent and fixed-term exclusions from schools",academic year 2023/24,released
W06000010,suspension_rate,2024,overall,,,,,5.98818,,59.88177846312,1000,,"StatsWales, Permanent and fixed-term exclusions from schools",academic year 2023/24,released
W06000011,suspension_rate,2024,overall,,,,,5.44087,,54.408696607005,1000,,"StatsWales, Permanent and fixed-term exclusions from schools",academic year 2023/24,released
W06000012,suspension_rate,2024,overall,,,,,9.13029,,91.30288299562,1000,,"StatsWales, Permanent and fixed-term exclusions from schools",academic year 2023/24,released
W06000013,suspension_rate,2024,overall,,,,,7.59639,,75.963919349133,1000,,"StatsWales, Permanent and fixed-term exclusions from schools",academic year 2023/24,released
W06000014,suspension_rate,2024,overall,,,,,5.1525,,51.524983776768,1000,,"StatsWales, Permanent and fixed-term exclusions from schools",academic year 2023/24,released
W06000015,suspension_rate,2024,overall,,,,,4.81205,,48.120484878168,1000,,"StatsWales, Permanent and fixed-term exclusions from schools",academic year 2023/24,released
W06000016,suspension_rate,2024,overall,,,,,7.34906,,73.490607936881,1000,,"StatsWales, Permanent and fixed-term exclusions from schools",academic year 2023/24,released
W06000018,suspension_rate,2024,overall,,,,,7.97067,,79.706691109074,1000,,"StatsWales, Permanent and fixed-term exclusions from schools",academic year 2023/24,released
W06000019,suspension_rate,2024,overall,,,,,11.0339,,110.339018740787,1000,,"StatsWales, Permanent and fixed-term exclusions from schools",academic year 2023/24,released
W06000020,suspension_rate,2024,overall,,,,,14.4813,,144.812985179957,1000,,"StatsWales, Permanent and fixed-term exclusions from schools",academic year 2023/24,released
W06000021,suspension_rate,2024,overall,,,,,16.24826,,162.482566248256,1000,,"StatsWales, Permanent and fixed-term exclusions from schools",academic year 2023/24,released
W06000022,suspension_rate,2024,overall,,,,,6.39474,,63.947396943531,1000,,"StatsWales, Permanent and fixed-term exclusions from schools",academic year 2023/24,released
W06000023,suspension_rate,2024,overall,,,,,5.59309,,55.930862394254,1000,,"StatsWales, Permanent and fixed-term exclusions from schools",academic year 2023/24,released
W06000024,suspension_rate,2024,overall,,,,,7.38965,,73.896457765667,1000,,"StatsWales, Permanent and fixed-term exclusions from schools",academic year 2023/24,released
nat-england,suspension_rate,2024,by_ethnicity,Asian,,42031.0,1121787.0,3.74679,,3.74679,100,,"DfE, Suspensions and permanent exclusions in England",academic year 2023/24,released
nat-england,suspension_rate,2024,by_ethnicity,Black,,42842.0,546750.0,7.83576,,7.83576,100,,"DfE, Suspensions and permanent exclusions in England",academic year 2023/24,released
nat-england,suspension_rate,2024,by_ethnicity,Mixed,,68702.0,589090.0,11.66239,,11.66239,100,,"DfE, Suspensions and permanent exclusions in England",academic year 2023/24,released
nat-england,suspension_rate,2024,overall,,,954952.0,8445343.0,11.30744,,11.30744,100,,"DfE, Suspensions and permanent exclusions in England",academic year 2023/24,released
nat-england,suspension_rate,2024,by_ethnicity,Other,,14552.0,202057.0,7.20193,,7.20193,100,,"DfE, Suspensions and permanent exclusions in England",academic year 2023/24,released
nat-england,suspension_rate,2024,by_ethnicity,White,,764156.0,5844848.0,13.07401,,13.07401,100,,"DfE, Suspensions and permanent exclusions in England",academic year 2023/24,released
nat-england,suspension_rate,2025,by_ethnicity,Asian,,39833.0,1150971.0,3.46082,,3.46082,100,,"DfE, Suspensions and permanent exclusions in England",academic year 2024/25,released
nat-england,suspension_rate,2025,by_ethnicity,Black,,41261.0,577200.0,7.14848,,7.14848,100,,"DfE, Suspensions and permanent exclusions in England",academic year 2024/25,released
nat-england,suspension_rate,2025,by_ethnicity,Mixed,,66993.0,600529.0,11.15566,,11.15566,100,,"DfE, Suspensions and permanent exclusions in England",academic year 2024/25,released
nat-england,suspension_rate,2025,overall,,,913000.0,8395291.0,10.87514,,10.87514,100,,"DfE, Suspensions and permanent exclusions in England",academic year 2024/25,released
nat-england,suspension_rate,2025,by_ethnicity,Other,,14849.0,211097.0,7.03421,,7.03421,100,,"DfE, Suspensions and permanent exclusions in England",academic year 2024/25,released
nat-england,suspension_rate,2025,by_ethnicity,White,,727596.0,5718353.0,12.72387,,12.72387,100,,"DfE, Suspensions and permanent exclusions in England",academic year 2024/25,released
rgn-east-midlands,suspension_rate,2024,by_ethnicity,Asian,,2509.0,80168.0,3.12968,,3.12968,100,,"DfE, Suspensions and permanent exclusions in England",academic year 2023/24,released
rgn-east-midlands,suspension_rate,2024,by_ethnicity,Black,,2354.0,33809.0,6.96264,,6.96264,100,,"DfE, Suspensions and permanent exclusions in England",academic year 2023/24,released
rgn-east-midlands,suspension_rate,2024,by_ethnicity,Mixed,,7335.0,45106.0,16.26169,,16.26169,100,,"DfE, Suspensions and permanent exclusions in England",academic year 2023/24,released
rgn-east-midlands,suspension_rate,2024,overall,,,98287.0,731174.0,13.44235,,13.44235,100,,"DfE, Suspensions and permanent exclusions in England",academic year 2023/24,released
rgn-east-midlands,suspension_rate,2024,by_ethnicity,Other,,813.0,9184.0,8.85235,,8.85235,100,,"DfE, Suspensions and permanent exclusions in England",academic year 2023/24,released
rgn-east-midlands,suspension_rate,2024,by_ethnicity,White,,82783.0,551301.0,15.01594,,15.01594,100,,"DfE, Suspensions and permanent exclusions in England",academic year 2023/24,released
rgn-east-midlands,suspension_rate,2025,by_ethnicity,Asian,,2278.0,83040.0,2.74326,,2.74326,100,,"DfE, Suspensions and permanent exclusions in England",academic year 2024/25,released
rgn-east-midlands,suspension_rate,2025,by_ethnicity,Black,,2347.0,37888.0,6.19457,,6.19457,100,,"DfE, Suspensions and permanent exclusions in England",academic year 2024/25,released
rgn-east-midlands,suspension_rate,2025,by_ethnicity,Mixed,,6338.0,45982.0,13.78365,,13.78365,100,,"DfE, Suspensions and permanent exclusions in England",academic year 2024/25,released
rgn-east-midlands,suspension_rate,2025,overall,,,89054.0,726794.0,12.25299,,12.25299,100,,"DfE, Suspensions and permanent exclusions in England",academic year 2024/25,released
rgn-east-midlands,suspension_rate,2025,by_ethnicity,Other,,820.0,9751.0,8.40939,,8.40939,100,,"DfE, Suspensions and permanent exclusions in England",academic year 2024/25,released
rgn-east-midlands,suspension_rate,2025,by_ethnicity,White,,74687.0,538555.0,13.86804,,13.86804,100,,"DfE, Suspensions and permanent exclusions in England",academic year 2024/25,released
rgn-eastern,suspension_rate,2024,by_ethnicity,Asian,,3323.0,86490.0,3.84206,,3.84206,100,,"DfE, Suspensions and permanent exclusions in England",academic year 2023/24,released
rgn-eastern,suspension_rate,2024,by_ethnicity,Black,,3303.0,47066.0,7.0178,,7.0178,100,,"DfE, Suspensions and permanent exclusions in England",academic year 2023/24,released
rgn-eastern,suspension_rate,2024,by_ethnicity,Mixed,,7474.0,68588.0,10.89695,,10.89695,100,,"DfE, Suspensions and permanent exclusions in England",academic year 2023/24,released
rgn-eastern,suspension_rate,2024,overall,,,101064.0,963968.0,10.48417,,10.48417,100,,"DfE, Suspensions and permanent exclusions in England",academic year 2023/24,released
rgn-eastern,suspension_rate,2024,by_ethnicity,Other,,796.0,12415.0,6.4116,,6.4116,100,,"DfE, Suspensions and permanent exclusions in England",academic year 2023/24,released
rgn-eastern,suspension_rate,2024,by_ethnicity,White,,83358.0,732024.0,11.38733,,11.38733,100,,"DfE, Suspensions and permanent exclusions in England",academic year 2023/24,released
rgn-eastern,suspension_rate,2025,by_ethnicity,Asian,,3254.0,90563.0,3.59308,,3.59308,100,,"DfE, Suspensions and permanent exclusions in England",academic year 2024/25,released
rgn-eastern,suspension_rate,2025,by_ethnicity,Black,,3436.0,51492.0,6.67288,,6.67288,100,,"DfE, Suspensions and permanent exclusions in England",academic year 2024/25,released
rgn-eastern,suspension_rate,2025,by_ethnicity,Mixed,,7485.0,70553.0,10.60905,,10.60905,100,,"DfE, Suspensions and permanent exclusions in England",academic year 2024/25,released
rgn-eastern,suspension_rate,2025,overall,,,100303.0,961170.0,10.43551,,10.43551,100,,"DfE, Suspensions and permanent exclusions in England",academic year 2024/25,released
rgn-eastern,suspension_rate,2025,by_ethnicity,Other,,987.0,13188.0,7.48408,,7.48408,100,,"DfE, Suspensions and permanent exclusions in England",academic year 2024/25,released
rgn-eastern,suspension_rate,2025,by_ethnicity,White,,82518.0,719158.0,11.47425,,11.47425,100,,"DfE, Suspensions and permanent exclusions in England",academic year 2024/25,released
rgn-london,suspension_rate,2024,by_ethnicity,Asian,,6668.0,313970.0,2.12377,,2.12377,100,,"DfE, Suspensions and permanent exclusions in England",academic year 2023/24,released
rgn-london,suspension_rate,2024,by_ethnicity,Black,,19132.0,223311.0,8.56742,,8.56742,100,,"DfE, Suspensions and permanent exclusions in England",academic year 2023/24,released
rgn-london,suspension_rate,2024,by_ethnicity,Mixed,,11624.0,154251.0,7.53577,,7.53577,100,,"DfE, Suspensions and permanent exclusions in England",academic year 2023/24,released
rgn-london,suspension_rate,2024,overall,,,73164.0,1294927.0,5.65005,,5.65005,100,,"DfE, Suspensions and permanent exclusions in England",academic year 2023/24,released
rgn-london,suspension_rate,2024,by_ethnicity,Other,,5327.0,84611.0,6.29587,,6.29587,100,,"DfE, Suspensions and permanent exclusions in England",academic year 2023/24,released
rgn-london,suspension_rate,2024,by_ethnicity,White,,27911.0,488463.0,5.71405,,5.71405,100,,"DfE, Suspensions and permanent exclusions in England",academic year 2023/24,released
rgn-london,suspension_rate,2025,by_ethnicity,Asian,,6193.0,315285.0,1.96425,,1.96425,100,,"DfE, Suspensions and permanent exclusions in England",academic year 2024/25,released
rgn-london,suspension_rate,2025,by_ethnicity,Black,,17058.0,219095.0,7.78566,,7.78566,100,,"DfE, Suspensions and permanent exclusions in England",academic year 2024/25,released
rgn-london,suspension_rate,2025,by_ethnicity,Mixed,,10925.0,156311.0,6.98927,,6.98927,100,,"DfE, Suspensions and permanent exclusions in England",academic year 2024/25,released
rgn-london,suspension_rate,2025,overall,,,67305.0,1280233.0,5.25725,,5.25725,100,,"DfE, Suspensions and permanent exclusions in England",academic year 2024/25,released
rgn-london,suspension_rate,2025,by_ethnicity,Other,,4972.0,85740.0,5.79893,,5.79893,100,,"DfE, Suspensions and permanent exclusions in England",academic year 2024/25,released
rgn-london,suspension_rate,2025,by_ethnicity,White,,26015.0,476041.0,5.46487,,5.46487,100,,"DfE, Suspensions and permanent exclusions in England",academic year 2024/25,released
rgn-north-east,suspension_rate,2024,by_ethnicity,Asian,,985.0,20414.0,4.82512,,4.82512,100,,"DfE, Suspensions and permanent exclusions in England",academic year 2023/24,released
rgn-north-east,suspension_rate,2024,by_ethnicity,Black,,632.0,12251.0,5.15876,,5.15876,100,,"DfE, Suspensions and permanent exclusions in England",academic year 2023/24,released
rgn-north-east,suspension_rate,2024,by_ethnicity,Mixed,,1855.0,12783.0,14.51146,,14.51146,100,,"DfE, Suspensions and permanent exclusions in England",academic year 2023/24,released
rgn-north-east,suspension_rate,2024,overall,,,72728.0,394854.0,18.41896,,18.41896,100,,"DfE, Suspensions and permanent exclusions in England",academic year 2023/24,released
rgn-north-east,suspension_rate,2024,by_ethnicity,Other,,542.0,5931.0,9.13843,,9.13843,100,,"DfE, Suspensions and permanent exclusions in England",academic year 2023/24,released
rgn-north-east,suspension_rate,2024,by_ethnicity,White,,67735.0,340194.0,19.9107,,19.9107,100,,"DfE, Suspensions and permanent exclusions in England",academic year 2023/24,released
rgn-north-east,suspension_rate,2025,by_ethnicity,Asian,,914.0,21402.0,4.27063,,4.27063,100,,"DfE, Suspensions and permanent exclusions in England",academic year 2024/25,released
rgn-north-east,suspension_rate,2025,by_ethnicity,Black,,679.0,14148.0,4.79926,,4.79926,100,,"DfE, Suspensions and permanent exclusions in England",academic year 2024/25,released
rgn-north-east,suspension_rate,2025,by_ethnicity,Mixed,,1694.0,13087.0,12.94414,,12.94414,100,,"DfE, Suspensions and permanent exclusions in England",academic year 2024/25,released
rgn-north-east,suspension_rate,2025,overall,,,68080.0,391093.0,17.40762,,17.40762,100,,"DfE, Suspensions and permanent exclusions in England",academic year 2024/25,released
rgn-north-east,suspension_rate,2025,by_ethnicity,Other,,527.0,6600.0,7.98485,,7.98485,100,,"DfE, Suspensions and permanent exclusions in England",academic year 2024/25,released
rgn-north-east,suspension_rate,2025,by_ethnicity,White,,63456.0,332735.0,19.07103,,19.07103,100,,"DfE, Suspensions and permanent exclusions in England",academic year 2024/25,released
rgn-north-west,suspension_rate,2024,by_ethnicity,Asian,,5977.0,148955.0,4.01262,,4.01262,100,,"DfE, Suspensions and permanent exclusions in England",academic year 2023/24,released
rgn-north-west,suspension_rate,2024,by_ethnicity,Black,,3572.0,50188.0,7.11724,,7.11724,100,,"DfE, Suspensions and permanent exclusions in England",academic year 2023/24,released
rgn-north-west,suspension_rate,2024,by_ethnicity,Mixed,,7071.0,59132.0,11.95799,,11.95799,100,,"DfE, Suspensions and permanent exclusions in England",academic year 2023/24,released
rgn-north-west,suspension_rate,2024,overall,,,126722.0,1144993.0,11.06749,,11.06749,100,,"DfE, Suspensions and permanent exclusions in England",academic year 2023/24,released
rgn-north-west,suspension_rate,2024,by_ethnicity,Other,,1962.0,25658.0,7.64674,,7.64674,100,,"DfE, Suspensions and permanent exclusions in England",academic year 2023/24,released
rgn-north-west,suspension_rate,2024,by_ethnicity,White,,105396.0,846802.0,12.44636,,12.44636,100,,"DfE, Suspensions and permanent exclusions in England",academic year 2023/24,released
rgn-north-west,suspension_rate,2025,by_ethnicity,Asian,,5827.0,154109.0,3.78109,,3.78109,100,,"DfE, Suspensions and permanent exclusions in England",academic year 2024/25,released
rgn-north-west,suspension_rate,2025,by_ethnicity,Black,,3603.0,55110.0,6.53783,,6.53783,100,,"DfE, Suspensions and permanent exclusions in England",academic year 2024/25,released
rgn-north-west,suspension_rate,2025,by_ethnicity,Mixed,,6903.0,60217.0,11.46354,,11.46354,100,,"DfE, Suspensions and permanent exclusions in England",academic year 2024/25,released
rgn-north-west,suspension_rate,2025,overall,,,124806.0,1139106.0,10.95649,,10.95649,100,,"DfE, Suspensions and permanent exclusions in England",academic year 2024/25,released
rgn-north-west,suspension_rate,2025,by_ethnicity,Other,,2194.0,27428.0,7.99912,,7.99912,100,,"DfE, Suspensions and permanent exclusions in England",academic year 2024/25,released
rgn-north-west,suspension_rate,2025,by_ethnicity,White,,103148.0,826796.0,12.47563,,12.47563,100,,"DfE, Suspensions and permanent exclusions in England",academic year 2024/25,released
rgn-south-east,suspension_rate,2024,by_ethnicity,Asian,,3836.0,140278.0,2.73457,,2.73457,100,,"DfE, Suspensions and permanent exclusions in England",academic year 2023/24,released
rgn-south-east,suspension_rate,2024,by_ethnicity,Black,,3678.0,57287.0,6.4203,,6.4203,100,,"DfE, Suspensions and permanent exclusions in England",academic year 2023/24,released
rgn-south-east,suspension_rate,2024,by_ethnicity,Mixed,,10217.0,97213.0,10.50991,,10.50991,100,,"DfE, Suspensions and permanent exclusions in England",academic year 2023/24,released
rgn-south-east,suspension_rate,2024,overall,,,133479.0,1343548.0,9.93481,,9.93481,100,,"DfE, Suspensions and permanent exclusions in England",academic year 2023/24,released
rgn-south-east,suspension_rate,2024,by_ethnicity,Other,,1272.0,18548.0,6.85788,,6.85788,100,,"DfE, Suspensions and permanent exclusions in England",academic year 2023/24,released
rgn-south-east,suspension_rate,2024,by_ethnicity,White,,111747.0,1008452.0,11.08104,,11.08104,100,,"DfE, Suspensions and permanent exclusions in England",academic year 2023/24,released
rgn-south-east,suspension_rate,2025,by_ethnicity,Asian,,3905.0,146766.0,2.6607,,2.6607,100,,"DfE, Suspensions and permanent exclusions in England",academic year 2024/25,released
rgn-south-east,suspension_rate,2025,by_ethnicity,Black,,3833.0,64034.0,5.98588,,5.98588,100,,"DfE, Suspensions and permanent exclusions in England",academic year 2024/25,released
rgn-south-east,suspension_rate,2025,by_ethnicity,Mixed,,10206.0,99683.0,10.23846,,10.23846,100,,"DfE, Suspensions and permanent exclusions in England",academic year 2024/25,released
rgn-south-east,suspension_rate,2025,overall,,,129669.0,1340372.0,9.67411,,9.67411,100,,"DfE, Suspensions and permanent exclusions in England",academic year 2024/25,released
rgn-south-east,suspension_rate,2025,by_ethnicity,Other,,1373.0,19694.0,6.97167,,6.97167,100,,"DfE, Suspensions and permanent exclusions in England",academic year 2024/25,released
rgn-south-east,suspension_rate,2025,by_ethnicity,White,,107864.0,989153.0,10.90468,,10.90468,100,,"DfE, Suspensions and permanent exclusions in England",academic year 2024/25,released
rgn-south-west,suspension_rate,2024,by_ethnicity,Asian,,919.0,33640.0,2.73187,,2.73187,100,,"DfE, Suspensions and permanent exclusions in England",academic year 2023/24,released
rgn-south-west,suspension_rate,2024,by_ethnicity,Black,,1903.0,19112.0,9.9571,,9.9571,100,,"DfE, Suspensions and permanent exclusions in England",academic year 2023/24,released
rgn-south-west,suspension_rate,2024,by_ethnicity,Mixed,,5745.0,36141.0,15.89607,,15.89607,100,,"DfE, Suspensions and permanent exclusions in England",academic year 2023/24,released
rgn-south-west,suspension_rate,2024,overall,,,116709.0,769881.0,15.15936,,15.15936,100,,"DfE, Suspensions and permanent exclusions in England",academic year 2023/24,released
rgn-south-west,suspension_rate,2024,by_ethnicity,Other,,689.0,7325.0,9.40614,,9.40614,100,,"DfE, Suspensions and permanent exclusions in England",academic year 2023/24,released
rgn-south-west,suspension_rate,2024,by_ethnicity,White,,104811.0,660666.0,15.86445,,15.86445,100,,"DfE, Suspensions and permanent exclusions in England",academic year 2023/24,released
rgn-south-west,suspension_rate,2025,by_ethnicity,Asian,,986.0,36573.0,2.69598,,2.69598,100,,"DfE, Suspensions and permanent exclusions in England",academic year 2024/25,released
rgn-south-west,suspension_rate,2025,by_ethnicity,Black,,2367.0,22737.0,10.41034,,10.41034,100,,"DfE, Suspensions and permanent exclusions in England",academic year 2024/25,released
rgn-south-west,suspension_rate,2025,by_ethnicity,Mixed,,5885.0,36908.0,15.94505,,15.94505,100,,"DfE, Suspensions and permanent exclusions in England",academic year 2024/25,released
rgn-south-west,suspension_rate,2025,overall,,,111432.0,763890.0,14.58744,,14.58744,100,,"DfE, Suspensions and permanent exclusions in England",academic year 2024/25,released
rgn-south-west,suspension_rate,2025,by_ethnicity,Other,,698.0,8080.0,8.63861,,8.63861,100,,"DfE, Suspensions and permanent exclusions in England",academic year 2024/25,released
rgn-south-west,suspension_rate,2025,by_ethnicity,White,,98476.0,646021.0,15.24347,,15.24347,100,,"DfE, Suspensions and permanent exclusions in England",academic year 2024/25,released
rgn-wales,suspension_rate,2024,by_ethnicity,Asian,,,,1.33379,,13.33794,1000,,"StatsWales, Permanent and fixed-term exclusions from schools",academic year 2023/24,released
rgn-wales,suspension_rate,2024,by_ethnicity,Black,,,,2.56534,,25.65344,1000,,"StatsWales, Permanent and fixed-term exclusions from schools",academic year 2023/24,released
rgn-wales,suspension_rate,2024,by_ethnicity,Mixed,,,,6.03028,,60.30284,1000,,"StatsWales, Permanent and fixed-term exclusions from schools",academic year 2023/24,released
rgn-wales,suspension_rate,2024,by_ethnicity,Other,,,,3.59589,,35.9589,1000,,"StatsWales, Permanent and fixed-term exclusions from schools",academic year 2023/24,released
rgn-wales,suspension_rate,2024,by_ethnicity,White,,,,7.96271,,79.62712,1000,,"StatsWales, Permanent and fixed-term exclusions from schools",academic year 2023/24,released
rgn-west-midlands,suspension_rate,2024,by_ethnicity,Asian,,7331.0,184512.0,3.97318,,3.97318,100,,"DfE, Suspensions and permanent exclusions in England",academic year 2023/24,released
rgn-west-midlands,suspension_rate,2024,by_ethnicity,Black,,5587.0,68869.0,8.1125,,8.1125,100,,"DfE, Suspensions and permanent exclusions in England",academic year 2023/24,released
rgn-west-midlands,suspension_rate,2024,by_ethnicity,Mixed,,8727.0,70506.0,12.37767,,12.37767,100,,"DfE, Suspensions and permanent exclusions in England",academic year 2023/24,released
rgn-west-midlands,suspension_rate,2024,overall,,,93077.0,955176.0,9.74449,,9.74449,100,,"DfE, Suspensions and permanent exclusions in England",academic year 2023/24,released
rgn-west-midlands,suspension_rate,2024,by_ethnicity,Other,,1523.0,22944.0,6.6379,,6.6379,100,,"DfE, Suspensions and permanent exclusions in England",academic year 2023/24,released
rgn-west-midlands,suspension_rate,2024,by_ethnicity,White,,67879.0,592839.0,11.44982,,11.44982,100,,"DfE, Suspensions and permanent exclusions in England",academic year 2023/24,released
rgn-west-midlands,suspension_rate,2025,by_ethnicity,Asian,,7298.0,188159.0,3.87863,,3.87863,100,,"DfE, Suspensions and permanent exclusions in England",academic year 2024/25,released
rgn-west-midlands,suspension_rate,2025,by_ethnicity,Black,,5422.0,73682.0,7.35865,,7.35865,100,,"DfE, Suspensions and permanent exclusions in England",academic year 2024/25,released
rgn-west-midlands,suspension_rate,2025,by_ethnicity,Mixed,,8871.0,71843.0,12.34776,,12.34776,100,,"DfE, Suspensions and permanent exclusions in England",academic year 2024/25,released
rgn-west-midlands,suspension_rate,2025,overall,,,89536.0,952158.0,9.40348,,9.40348,100,,"DfE, Suspensions and permanent exclusions in England",academic year 2024/25,released
rgn-west-midlands,suspension_rate,2025,by_ethnicity,Other,,1694.0,24038.0,7.04718,,7.04718,100,,"DfE, Suspensions and permanent exclusions in England",academic year 2024/25,released
rgn-west-midlands,suspension_rate,2025,by_ethnicity,White,,64350.0,579631.0,11.10189,,11.10189,100,,"DfE, Suspensions and permanent exclusions in England",academic year 2024/25,released
rgn-yorkshire-and-the-humber,suspension_rate,2024,by_ethnicity,Asian,,10483.0,113360.0,9.24753,,9.24753,100,,"DfE, Suspensions and permanent exclusions in England",academic year 2023/24,released
rgn-yorkshire-and-the-humber,suspension_rate,2024,by_ethnicity,Black,,2681.0,34857.0,7.69142,,7.69142,100,,"DfE, Suspensions and permanent exclusions in England",academic year 2023/24,released
rgn-yorkshire-and-the-humber,suspension_rate,2024,by_ethnicity,Mixed,,8654.0,45370.0,19.07428,,19.07428,100,,"DfE, Suspensions and permanent exclusions in England",academic year 2023/24,released
rgn-yorkshire-and-the-humber,suspension_rate,2024,overall,,,139722.0,846822.0,16.49957,,16.49957,100,,"DfE, Suspensions and permanent exclusions in England",academic year 2023/24,released
rgn-yorkshire-and-the-humber,suspension_rate,2024,by_ethnicity,Other,,1628.0,15441.0,10.54336,,10.54336,100,,"DfE, Suspensions and permanent exclusions in England",academic year 2023/24,released
rgn-yorkshire-and-the-humber,suspension_rate,2024,by_ethnicity,White,,112536.0,624107.0,18.03152,,18.03152,100,,"DfE, Suspensions and permanent exclusions in England",academic year 2023/24,released
rgn-yorkshire-and-the-humber,suspension_rate,2025,by_ethnicity,Asian,,9178.0,115074.0,7.97574,,7.97574,100,,"DfE, Suspensions and permanent exclusions in England",academic year 2024/25,released
rgn-yorkshire-and-the-humber,suspension_rate,2025,by_ethnicity,Black,,2516.0,39014.0,6.44897,,6.44897,100,,"DfE, Suspensions and permanent exclusions in England",academic year 2024/25,released
rgn-yorkshire-and-the-humber,suspension_rate,2025,by_ethnicity,Mixed,,8686.0,45945.0,18.90521,,18.90521,100,,"DfE, Suspensions and permanent exclusions in England",academic year 2024/25,released
rgn-yorkshire-and-the-humber,suspension_rate,2025,overall,,,132815.0,840475.0,15.80237,,15.80237,100,,"DfE, Suspensions and permanent exclusions in England",academic year 2024/25,released
rgn-yorkshire-and-the-humber,suspension_rate,2025,by_ethnicity,Other,,1584.0,16578.0,9.55483,,9.55483,100,,"DfE, Suspensions and permanent exclusions in England",academic year 2024/25,released
rgn-yorkshire-and-the-humber,suspension_rate,2025,by_ethnicity,White,,107082.0,610263.0,17.54686,,17.54686,100,,"DfE, Suspensions and permanent exclusions in England",academic year 2024/25,released
